id,drapm,orapm,rapm
101235,3.1889848361161026,3.1963157946735654,6.3853006307896685
2765,2.2681452169421745,3.5178875445232696,5.786032761465444
101158,-1.6307051085525919,7.33026720745075,5.699562098898158
101120,2.467629622362833,2.7381941638693132,5.205823786232147
202728,14.377710441390255,-9.567978620897085,4.80973182049317
201286,-0.46397882567248905,5.144794849557121,4.680816023884631
202862,5.355286760408191,-1.0926480857354866,4.262638674672704
201607,-0.8402732883673635,5.0364813718795896,4.196208083512226
202717,1.0773980487263612,2.4279658610667165,3.5053639097930778
2443,1.400404905315261,1.8326921923903612,3.233097097705622
202380,1.2913763455863894,1.736756623914859,3.0281329695012484
202732,3.4147030633237874,-0.7794068292036048,2.6352962341201827
202933,2.491096839926401,0.07862101739480751,2.5697178573212085
202081,0.8031426263491613,1.648491339026695,2.4516339653758563
2668,0.12207891624776657,2.120573839325432,2.2426527555731988
101214,1.4031503516933475,0.7530390936845693,2.1561894453779167
2431,0.7761767434451411,1.378494135545269,2.15467087899041
202709,-0.21875510387019548,2.3647094189264024,2.145954315056207
202952,-2.9984052304856132,5.059684134345314,2.061278903859701
2246,-0.17208470087318525,2.2217147737035936,2.0496300728304084
202337,1.115537305105638,0.8280861973808833,1.9436235024865214
1905,0.764172750001456,1.1055486109325932,1.869721360934049
202706,2.0242239304692378,-0.21852987477743419,1.8056940556918035
200761,0.7913463679941394,0.9912109915111046,1.782557359505244
689,0.4448819164389097,1.3372962215985675,1.7821781380374773
201166,1.034286911326614,0.7194321986682597,1.7537191099948737
200809,0.1532343573444499,1.5596057594235857,1.7128401167680356
202390,0.9201224704248832,0.7896728060185215,1.7097952764434048
202066,-0.9107015147157288,2.5425359812785424,1.6318344665628137
202814,0.9765585280296446,0.6096312369790854,1.58618976500873
2588,0.527838655980987,1.0445655155086027,1.5724041714895898
1497,0.6687068951508462,0.9003688687113791,1.5690757638622252
200750,0.45317980908478595,1.1120804487740092,1.565260257858795
2397,1.3545588330599367,0.15658695709265147,1.5111457901525882
2571,0.502088904555586,1.0088581494802051,1.5109470540357912
202343,-0.27111557723067126,1.7532982655203122,1.482182688289641
1712,0.5207226478357485,0.9526515446266652,1.4733741924624137
201151,0.2894659931715686,1.180968122124702,1.4704341152962705
202344,0.5878110292045201,0.8671268787883862,1.4549379079929063
201935,0.610010649052136,0.8134885120541379,1.4234991611062737
2037,0.598292116416224,0.8085219699351487,1.4068140863513727
200796,-0.1542225282408665,1.5435926846235937,1.3893701563827272
201603,0.6316898251250955,0.7543673445860251,1.3860571697111206
201785,0.7255136613544622,0.6572478557629164,1.3827615171173786
201965,1.8401807601858402,-0.48058603391412347,1.3595947262717167
1938,0.5942816644583989,0.7258382506142776,1.3201199150726766
2555,0.24545757644644287,1.0270034448840988,1.2724610213305416
2756,0.2259132782718651,1.0293435146434713,1.2552567929153364
201196,0.5702680916510596,0.6676409210898895,1.2379090127409491
2546,0.3797740294773526,0.8173945991994188,1.1971686286767715
2224,0.48823388876298807,0.7049912919873258,1.1932251807503138
2501,0.5915306281765319,0.5764564957347427,1.1679871239112747
101114,0.8922667197916522,0.2538483952012707,1.146115114992923
201588,0.7139289667102349,0.4250668973266615,1.1389958640368962
101135,0.3940540135829162,0.7036767725354667,1.097730786118383
1952,0.35089763191645795,0.7419754464309537,1.0928730783474117
200770,0.6590810361077959,0.4206151981861753,1.079696234293971
1710,0.7001297565101964,0.3766268771720366,1.076756633682233
202351,0.6208811287625695,0.4498631497053095,1.070744278467879
2034,0.2192080016789375,0.8328895111279319,1.0520975128068693
2073,0.26009239423720404,0.7660434776002806,1.0261358718374847
2202,0.3990056679166588,0.6207248188459357,1.0197304867625945
2566,0.41191942131023807,0.6073082903865258,1.0192277116967638
202379,0.8533486311951199,0.1647121212529134,1.0180607524480334
1733,0.5476852875893684,0.43722595948149007,0.9849112470708585
201171,0.37572980593894884,0.6049637863955111,0.98069359233446
101145,0.22313144473607494,0.753050842625923,0.976182287361998
200745,0.12464974216350591,0.850994228747328,0.9756439709108339
2747,0.1464648290467707,0.8284579122470255,0.9749227412937962
201953,0.3902816917680326,0.5832986641457685,0.9735803559138011
978,0.9542879858821339,0.014853699999870436,0.9691416858820043
202130,0.49657137109964095,0.4717932657374133,0.9683646368370542
201168,0.09563938876769158,0.8545230679415313,0.950162456709223
1884,0.4729835976359132,0.4739543633044069,0.9469379609403201
201142,0.2936189335630389,0.6437837781498393,0.9374027117128783
2735,1.0546161752299923,-0.16307516360666746,0.8915410116233249
201583,0.35282506811283376,0.5359122207840239,0.8887372888968577
101108,0.47051122606549345,0.4089077445554701,0.8794189706209635
202366,3.2926836695532016,-2.440555618592577,0.8521280509606246
202332,0.8948725134313846,-0.045718233436538774,0.8491542799948458
200760,0.4816715112911043,0.36296179790654276,0.844633309197647
2240,0.4514263509905655,0.39302452033921004,0.8444508713297756
202498,-0.037638764199952046,0.8807232041611264,0.8430844399611743
202738,0.6363392416117019,0.2053830514921505,0.8417222931038524
2694,0.6802283304071152,0.15186979320327076,0.8320981236103859
2427,0.26984615245403176,0.5460814988590873,0.8159276513131191
201962,0.24575953371863316,0.5699773824157642,0.8157369161343974
686,0.5660741467000112,0.2487284265486576,0.8148025732486688
201858,0.1315763105931043,0.6783238252264,0.8099001358195043
2749,0.6522884610558345,0.13357398871943527,0.7858624497752698
200751,0.07571867101980759,0.7094379621024897,0.7851566331222972
200779,0.39482417798511443,0.3766354607951515,0.7714596387802659
201148,0.1675970374024303,0.5970375229391669,0.7646345603415972
1891,0.2709162856138132,0.4776625199794898,0.7485788055933029
201145,0.22997903097286687,0.5137386148240385,0.7437176457969054
201572,0.4616686525370054,0.28020233815366113,0.7418709906906665
2732,0.39315087855108366,0.3400243446268352,0.7331752231779188
201627,0.7008621317209104,0.02406436379604242,0.7249264955169528
101155,0.49678819266898566,0.22710937012009721,0.7238975627890829
201938,0.5233822600356354,0.1979826911377692,0.7213649511734046
101112,0.13772641593837714,0.5790276707543452,0.7167540866927224
201155,0.16472544757766286,0.539613152964402,0.7043386005420649
101110,0.06032820070629462,0.6055386797869917,0.6658668804932864
201939,0.45527697349786267,0.2032034375450085,0.6584804110428711
1889,0.39873332176888193,0.25957679719607496,0.658310118964957
202702,0.5401604396552971,0.11540194695866064,0.6555623866139578
202382,-0.07099268030924971,0.7228180379210902,0.6518253576118405
2590,0.21529078446506444,0.4351923272332113,0.6504831116982757
2594,0.568588205650898,0.07263336971330277,0.6412215753642008
201564,0.5268295134523854,0.09739199511946589,0.6242215085718512
201599,0.21414841212369407,0.3981249416744127,0.6122733537981068
202701,0.7551677106380069,-0.15156945120218882,0.6035982594358181
2748,0.17960659325477968,0.42395741321173314,0.6035640064665129
2216,0.31689381601798033,0.28289925846604014,0.5997930744840205
101113,0.7591834747415557,-0.1623133998676594,0.5968700748738962
201567,0.1655814704206428,0.42834443555050983,0.5939259059711526
201163,0.5902584546028721,-3.4051680026514833e-4,0.5899179378026069
2419,0.0731360033708472,0.4974274007132037,0.5705634040840509
201933,0.28417660565816044,0.28485265287698736,0.5690292585351477
201569,-0.29051958745028883,0.8559367589052658,0.5654171714549769
2137,1.035168773644287,-0.47399317558455895,0.5611755980597279
101181,0.08560199374113356,0.4686879743626676,0.5542899681038012
2399,0.15404216346361313,0.3926262723311519,0.546668435794765
201972,0.1810097470343687,0.3607690163200433,0.541778763354412
202721,-0.8111803603881755,1.344374213853578,0.5331938534654024
201189,-0.2427184470612447,0.7756361160514049,0.5329176689901602
201156,-0.024882601654781695,0.5542871826983637,0.529404581043582
2248,0.09154995874435455,0.43303578718103153,0.5245857459253861
202691,0.022958873993465054,0.500617908095305,0.5235767820887701
2592,0.3176720265236774,0.20097090399453604,0.5186429305182134
201585,0.7345899427490507,-0.2235196135407467,0.511070329208304
2203,0.1276324925012861,0.3821307956652501,0.5097632881665362
201177,0.4220706589004013,0.08551348024087797,0.5075841391412793
2557,-0.09695435197777327,0.5939961262254326,0.4970417742476594
2744,0.26373720027587405,0.2309942420605511,0.4947314423364252
2755,0.26983013730404665,0.22237620822434873,0.4922063455283954
201164,0.2224392184466904,0.2674403927283787,0.4898796111750691
2548,0.29884833438743036,0.1909837902010007,0.48983212458843106
200789,0.5149614432870975,-0.026106242740165268,0.4888552005469322
201202,0.3226583187547243,0.16243113867489933,0.4850894574296236
201584,0.12310581081405235,0.35517479378460404,0.4782806045986564
201951,0.1542254614796294,0.3224435901585604,0.4766690516381898
202342,-0.4116222664407389,0.8853800921006707,0.4737578256599318
202328,0.30333146933358995,0.1692327532767258,0.4725642226103157
202348,0.16325812573328743,0.3085754718740534,0.4718335976073408
2038,-0.26653302313563104,0.7357626109330891,0.4692295877974581
201573,0.38313211948286857,0.08328747817310461,0.4664195976559732
2544,0.36630339565791004,0.09382698105993548,0.4601303767178455
201162,0.24041938403222307,0.21826624213249537,0.4586856261647184
101109,0.029652468546665187,0.4226896293710052,0.4523420979176704
201234,1.576025190534282,-1.125593311191978,0.4504318793423039
201041,-0.7621782062640278,1.201319393914027,0.4391411876499992
101111,0.3698510074498482,0.05703803397705406,0.42688904142690226
202341,-0.05084179547017793,0.4688947525878906,0.4180529571177127
202419,0.8015751322668355,-0.3847481964107144,0.41682693585612113
959,0.26589021058838486,0.14650459459166695,0.4123948051800518
101141,0.32921747657175315,0.0810158272899503,0.4102333038617034
202389,0.17933430000327127,0.22492482201795863,0.40425912202122993
101124,0.0952118386974323,0.3081981597409118,0.40340999843834413
201566,0.036405154957623656,0.3609722974052546,0.39737745236287825
201581,0.07201556928049446,0.3032116283271535,0.37522719760764794
200749,0.33322550714939997,0.033945465704303034,0.367170972853703
202694,0.6906568998916838,-0.3266867229810754,0.3639701769106084
2405,0.12814306586471486,0.21163544985688676,0.3397785157216016
2048,0.15554738752355582,0.17831342758735938,0.3338608151109152
977,0.10878494781928724,0.22472076121554618,0.33350570903483345
201152,0.22257463024045307,0.10476816347113779,0.32734279371159086
101154,-0.1564667148083058,0.4708387521713447,0.31437203736303887
201147,-0.03774268806056273,0.34678404292136394,0.3090413548608012
200783,-0.11288308115984212,0.4214693724380232,0.30858629127818105
201208,-1.127659038437101,1.435767086529964,0.3081080480928631
202349,-0.19459026585425312,0.5020203759364265,0.30743011008217336
2585,0.013426871942634056,0.2931670026196534,0.3065938745622874
101126,0.24926855225155403,0.04206572067204405,0.2913342729235981
201934,-0.3588367368370294,0.6431527676705956,0.2843160308335662
101133,-0.0017511223943119,0.282623211978389,0.2808720895840771
201961,-0.20146726259220957,0.4704990529340224,0.2690317903418128
201985,0.2707887900322691,-0.0029281279641339905,0.2678606620681351
201941,-0.21869520450622063,0.4840669743011224,0.26537176979490174
201154,0.14907008458776821,0.10703042659528837,0.2561005111830566
201942,0.018161983923745382,0.23405284925495992,0.2522148331787053
2229,-1.2763467023364676,1.5285214852524291,0.2521747829159615
2211,-0.59817255288582,0.849264299825187,0.251091746939367
202719,-0.17036909023086202,0.4172768003614252,0.2469077101305632
2408,0.4695770845750796,-0.22383228090905458,0.245744803666025
1737,0.18308636017778596,0.05899019067501554,0.2420765508528015
201988,0.6009210588140401,-0.3730959832889662,0.22782507552507392
202083,-0.09228196506866447,0.316795354667576,0.22451338959891154
202695,0.09963059240619254,0.12367846758835266,0.2233090599945452
202714,0.05188115176264222,0.17028337732305138,0.2221645290856936
2567,0.08225930781925511,0.13447153451988353,0.21673084233913864
202681,0.05070040275673679,0.1633546650083426,0.21405506776507938
101236,0.1966524572199572,0.008608031749346143,0.20526048896930332
2760,-0.01070863762544495,0.21452902778609495,0.20382039016065
2059,-0.2292537490522928,0.42509646306074655,0.19584271400845377
202378,1.421107620255671,-1.2269488845668692,0.1941587356888017
201575,0.1388802691774299,0.054727133959536704,0.19360740313696662
201978,-0.09905866843896713,0.29231727819873865,0.19325860975977152
2757,0.02937250563368569,0.1618036478003002,0.1911761534339859
202690,0.4720178394521989,-0.2873480245767979,0.18466981487540096
201565,0.11328916732202822,0.05453749232465812,0.16782665964668633
200768,-0.08996601378369895,0.2515529987459539,0.16158698496225493
101129,-0.238772378480844,0.3970674951221452,0.15829511664130116
201609,0.05397283429327877,0.09688489335292173,0.1508577276462005
201957,0.2575431131509633,-0.1093290486523833,0.14821406449858
202715,1.1332071111090953,-0.9906889353427564,0.14251817576633896
2045,0.2899502732931687,-0.16117408082282905,0.12877619247033964
2407,0.014598989387176178,0.10402609046612928,0.11862507985330545
202705,0.4786272827588271,-0.3652046500361404,0.11342263272268671
202692,-0.07533378527734144,0.1834340632715631,0.10810027799422167
2742,-0.15679656581384271,0.2625516697468678,0.10575510393302506
201587,-0.0810854518996375,0.18653804097839893,0.10545258907876143
1885,0.2101500252093668,-0.1100534395021766,0.1000965857071902
101198,0.36857127508142834,-0.26887385567357297,0.09969741940785537
201974,0.3465686001095713,-0.2523406371216417,0.09422796298792963
201956,0.10407435444083492,-0.02428848401765676,0.07978587042317815
2743,0.3067048894116595,-0.2314122967200054,0.07529259269165411
201574,0.11920017020101308,-0.05100450191868781,0.06819566828232526
101150,0.171454379581557,-0.10478793885472598,0.066666440726831
2561,0.15238132441576072,-0.08871694806356956,0.06366437635219116
2430,0.13184294991519013,-0.06871230008423446,0.06313064983095568
201146,-0.30982281043711263,0.3712085369332502,0.06138572649613755
202686,0.5934420782418107,-0.5350885203757142,0.05835355786609653
201158,0.05144600213739199,0.0012168127900216087,0.0526628149274136
201952,0.17798110022946154,-0.1293023797714353,0.04867872045802624
2440,0.22086233240406555,-0.18542219305451915,0.0354401393495464
2740,0.534029984886841,-0.500029757009674,0.034000227877166944
201274,-0.1259533372890639,0.15983271845593122,0.03387938116686731
101161,-0.15111387547271254,0.18269761646748822,0.03158374099477568
202376,-0.06155832219576613,0.08818643707555603,0.026628114879789895
201571,0.050542790111384905,-0.025976551080430482,0.024566239030954423
201967,-0.18267111266244754,0.20669653343217115,0.02402542076972361
201167,-0.1307322536534663,0.15451020559241438,0.023777951938948078
2067,-0.3435190897914342,0.3635199365305043,0.0200008467390701
101127,0.062462180754997335,-0.048292786138629924,0.01416939461636741
202335,0.12671144236635723,-0.12208363486282152,0.004627807503535711
200780,-0.09786834740561,0.09138920192812067,-0.0064791454774893315
202178,-0.7026151166947694,0.6866445798209152,-0.01597053687385419
201203,0.5557951152108557,-0.5720115120709136,-0.016216396860057936
2250,1.111209326880579,-1.1274381966109004,-0.01622886973032145
436,0.028866853336954,-0.04806708246724206,-0.01920022913028806
467,-0.17095019280057486,0.14748967786278552,-0.023460514937789334
1894,0.10256073765698644,-0.13023009191776436,-0.02766935426077792
1498,-1.7839220195831003,1.7562337037231797,-0.027688315859920598
201611,0.23835325024622392,-0.26610458594139713,-0.027751335695173213
2449,-0.1831002502772169,0.15028444904597996,-0.03281580123123695
201143,-0.09540574927740514,0.06218880234581413,-0.03321694693159101
202338,0.08702760317913852,-0.12273954086752846,-0.03571193768838994
2207,0.06536884099813627,-0.11211630330476768,-0.04674746230663142
201975,-0.04630001302774028,-0.010412413440847148,-0.05671242646858743
406,-0.9778420345882781,0.9201926713541146,-0.057649363234163475
202346,-0.3713195725377744,0.31239700875965043,-0.05892256377812399
101107,0.034196751882664245,-0.10748458070062379,-0.07328782881795955
2547,-0.0651025141623706,-0.011164605120470317,-0.07626711928284093
2230,-0.05042205092972661,-0.0270174370028903,-0.07743948793261692
2209,0.045960045789550236,-0.12810749725263929,-0.08214745146308905
201946,0.19407001636960416,-0.28079792698245154,-0.08672791061284738
1713,-0.23756690778693101,0.14908053154830359,-0.08848637623862743
201960,0.805992152915816,-0.8960173928879783,-0.09002523997216227
2210,-0.05286541729657598,-0.04630499344480186,-0.09917041074137783
200746,-0.2755216809784958,0.17526298955276542,-0.10025869142573035
202322,-0.007956739535003943,-0.09430216205277013,-0.10225890158777408
200817,-0.6079022640120749,0.5014540891478476,-0.10644817486422731
201593,0.12553854066854606,-0.2335162818998334,-0.10797774123128734
201175,0.14841187181270582,-0.26112591959478215,-0.11271404778207633
948,-0.3311816091285945,0.21813197851588303,-0.11304963061271148
200755,0.13432599609187362,-0.24892939783426185,-0.11460340174238823
200826,-0.061938790980558336,-0.053358296907413415,-0.11529708788797174
202325,0.16735431067855247,-0.2871100582577732,-0.11975574757922072
2403,-0.30401663313395744,0.1815891558917882,-0.12242747724216924
202087,-0.25248385993137573,0.12499749472544625,-0.12748636520592949
101162,-0.010960203451683878,-0.11992104737852914,-0.13088125083021301
2225,-0.3086356808697283,0.17505302022525251,-0.1335826606444758
201144,-0.12152210252548155,-0.014601876558247934,-0.13612397908372947
201973,-0.14232175058330948,-0.001059720450370796,-0.14338147103368026
1890,-0.06357386260928742,-0.08429973769684218,-0.14787360030612962
101211,0.6987664475037526,-0.854679717981944,-0.15591327047819137
2200,-0.035882858624751955,-0.12182546580045908,-0.15770832442521104
201958,0.2245747972672333,-0.38357822833178584,-0.15900343106455253
2581,-0.053452705126403606,-0.10612567544968926,-0.15957838057609286
201568,0.41930790194328127,-0.5799774098200349,-0.1606695078767536
200811,-0.27601383432441107,0.10529432270146968,-0.17071951162294138
201977,0.13305082111501404,-0.3082083756178349,-0.17515755450282083
201591,-0.03555174782230263,-0.14456294673421766,-0.1801146945565203
202716,0.37185873810107695,-0.5548524852357342,-0.18299374713465721
2400,0.15292948985354035,-0.3418085475198321,-0.18887905766629173
202361,0.43828081404293345,-0.64116101716446,-0.2028802031215265
1888,-0.3511712190466665,0.1468905149004265,-0.20428070414623997
202696,-1.0101384034174148,0.7989573612135256,-0.21118104220388922
201229,-0.0874462961323293,-0.12603802040921833,-0.21348431654154762
2730,-0.2393271505251305,0.02062181658373462,-0.21870533394139588
2201,1.940661607522626,-2.164024750170949,-0.2233631426483229
255,-0.19658543755403612,-0.02692156131372917,-0.2235069988677653
2584,-0.3350051240605515,0.1087061240437029,-0.2262990000168486
202327,-0.11782406542658865,-0.11340435965591587,-0.23122842508250452
201188,-0.12123777984694323,-0.11425907352986713,-0.23549685337681037
2734,-0.36920613188609697,0.1167241280328865,-0.25248200385321046
101142,0.009862951694675383,-0.2652015669957078,-0.2553386153010324
1536,0.02473058808119889,-0.2933466268920855,-0.26861603881088664
2746,0.0993767344655508,-0.3713012329868799,-0.2719244985213291
2429,-0.05689411169037082,-0.2151595705403743,-0.2720536822307451
200794,0.007268969609102268,-0.2814747550663912,-0.2742057854572889
202330,0.010900491716474099,-0.3039917338390373,-0.2930912421225632
2572,-0.5487578875703307,0.2535725730922467,-0.29518531447808405
201969,0.3446191969848949,-0.6428798492930102,-0.2982606523081153
201632,0.27106540810044877,-0.569436735971026,-0.2983713278705772
2072,0.28717719821004245,-0.5930063127694815,-0.305829114559439
2223,-0.25077225559474753,-0.05956958931414088,-0.3103418449088884
1902,0.18691685721360732,-0.4980868018403194,-0.3111699446267121
201954,0.08048230368701895,-0.3916544102391836,-0.31117210655216465
1897,-0.1593555159569778,-0.1518555876269375,-0.3112111035839153
202708,-0.11282375832224824,-0.20108008507952718,-0.3139038434017754
201563,0.048546771453890865,-0.36438937766692303,-0.3158426062130322
2030,-0.07706609708945716,-0.25984530828570573,-0.3369114053751629
202324,-0.24827478390383514,-0.10479057611995235,-0.3530653600237875
202355,1.4741733982298957,-1.8278333587698492,-0.3536599605399535
200752,-0.2668925913914269,-0.09481299412062334,-0.36170558551205023
980,0.10857342901153458,-0.47428985785805805,-0.36571642884652344
201579,-0.38972009498145865,0.023476717067396,-0.36624337791406264
201971,-0.5770586385685343,0.19874681686697587,-0.37831182170155847
201580,-0.2616284501065747,-0.11825191456819172,-0.37988036467476644
2550,-0.2946194871593467,-0.08636354261723173,-0.38098302977657844
201936,-0.13791432126798098,-0.2537868810986383,-0.39170120236661926
202688,-0.358245364139794,-0.04120644857882162,-0.39945181271861563
2562,-0.41613099849532675,0.012507685695882571,-0.4036233127994442
2772,-0.2762220313431104,-0.1281265487658286,-0.40434858010893904
2406,-0.1398171200297847,-0.2679654608821028,-0.4077825809118875
202360,-5.766790271046173,5.358395181099379,-0.4083950899467945
201950,-0.017418525146063412,-0.3909827754254706,-0.408401300571534
201149,0.41466878371606564,-0.8233850906502563,-0.4087163069341907
202388,-0.9768499114743732,0.5582391965172667,-0.41861071495710644
101139,-0.31164390523557883,-0.11080195297192952,-0.42244585820750835
1630,0.28506500283896546,-0.7092299563468037,-0.4241649535078383
201966,0.3402711181710058,-0.7690654437915081,-0.4287943256205023
101130,-0.09941713453618153,-0.3349558141896523,-0.4343729487258339
951,-0.30970471916891845,-0.1288546875379062,-0.43855940670682464
1503,-0.04638213530579377,-0.4004143146228047,-0.44679644992859846
201947,-0.17320787099614815,-0.2757272175399738,-0.44893508853612196
2199,-0.3965038975846275,-0.05470423499349319,-0.4512081325781207
2047,-0.49517489986051577,0.043596042446617175,-0.4515788574138986
2574,-4.971786172876172e-4,-0.4515442750616923,-0.4520414536789799
965,-0.14304880680387813,-0.3096991473894426,-0.4527479541933207
200769,-0.46135316771033347,0.007859085191860751,-0.45349408251847273
201187,0.18639044973060995,-0.6407301237353976,-0.4543396740047877
2420,-0.7100895841745344,0.2555839578808997,-0.45450562629363467
201814,-0.33781531655221303,-0.12348606297206141,-0.4613013795242744
1802,0.44196694271652043,-0.9082483187336994,-0.46628137601717895
1740,-0.7631231297629574,0.28437198290943705,-0.4787511468535203
201153,0.4236480131571276,-0.9048292013405286,-0.481181188183401
201980,0.4245296797563976,-0.905952682987335,-0.4814230032309374
2198,-0.5182872650921602,0.03143866017331534,-0.48684860491884485
202396,0.014481484654607796,-0.5045180786467678,-0.49003659399216
202331,-0.5806512252595419,0.08610809241671763,-0.4945431328428243
201161,-0.6702209874171248,0.16870637999656882,-0.501514607420556
201590,-0.6514767343622729,0.1487312672315231,-0.5027454671307499
200081,0.08767737123673758,-0.5927621880828982,-0.5050848168461606
2754,-0.5810340933775785,0.07288985545578935,-0.5081442379217891
2243,1.5944726964708604,-2.1045071806484708,-0.5100344841776103
1922,-0.33398599463403134,-0.17901114126420564,-0.512997135898237
202720,0.3906394617433602,-0.9070011763690307,-0.5163617146256705
2365,-0.26395984537617617,-0.25278336366873827,-0.5167432090449144
202333,-0.30629957578835676,-0.21777132181366018,-0.524070897602017
201948,-0.28133980835336414,-0.24333901719573936,-0.5246788255491035
2767,0.06525329912555325,-0.5962690857873026,-0.5310157866617494
101122,-0.172669321515106,-0.364802308547265,-0.537471630062371
101128,-0.08923147490492994,-0.45128547447623296,-0.5405169493811629
201963,-0.052253664155060116,-0.49008660258835424,-0.5423402667434144
101132,5.640158186096634e-4,-0.5439538951345179,-0.5433898793159082
1882,-0.1377729333005548,-0.4062093771012821,-0.5439823104018369
1717,-0.22707702157162035,-0.3239546752022171,-0.5510316967738375
202339,0.0974641527565125,-0.6499038854782377,-0.5524397327217252
201586,-0.3660161286085625,-0.18709764125489953,-0.5531137698634621
202326,-0.14492818747788472,-0.4213331732058895,-0.5662613606837742
202397,-0.5614170583128116,-0.008944189926730593,-0.5703612482395423
202329,-0.2992641573358687,-0.27113012469328407,-0.5703942820291528
201589,-0.19860366807226815,-0.3731327436807321,-0.5717364117530003
202726,-0.7873460017542181,0.2095021999749734,-0.5778438017792447
2568,-0.45316301300642864,-0.12653830282549672,-0.5797013158319253
202323,-0.3072596266594212,-0.2812353736796066,-0.5884950003390278
201944,-0.09460647222151962,-0.4970569806800175,-0.5916634529015371
1515,-0.04156173681028012,-0.5510812048050501,-0.5926429416153302
2738,-0.24857470258245393,-0.3516500093731489,-0.6002247119556028
200839,-6.456221215631092,5.854698046289613,-0.6015231693414789
2039,-0.2204754019827721,-0.38269081919486947,-0.6031662211776416
201959,-0.1399499266632024,-0.46458837428014477,-0.6045383009433472
1752,-0.4006920689174538,-0.20987791803894332,-0.6105699869563971
2222,-0.45113900862529077,-0.16012405121247597,-0.6112630598377667
2563,-0.18993946721288174,-0.42154383473659823,-0.61148330194948
201943,0.03586618624623669,-0.6499648768556977,-0.614098690609461
101131,-0.2872785311694823,-0.33084826559923447,-0.6181267967687167
2306,-0.07873964938669603,-0.547378236726218,-0.626117886112914
201604,0.10236232437720526,-0.7297111032029633,-0.627348778825758
201596,-0.44054477742107034,-0.1926011115862101,-0.6331458890072804
2679,-0.28345418910385284,-0.3590853126993905,-0.6425395018032434
202334,-0.24399479943613334,-0.4069719454950569,-0.6509667449311902
101189,-0.804877881554589,0.14087509484898808,-0.6640027867056009
201945,-0.4425093677296784,-0.22191392713345126,-0.6644232948631297
2041,-0.5979301504417552,-0.07459914325694386,-0.6725292936986991
201601,-0.39578513777758484,-0.3095598550776281,-0.7053449928552129
200765,-0.6005934294046524,-0.11170257624582326,-0.7122960056504757
201880,-0.4800365140117449,-0.24288689524074236,-0.7229234092524872
202697,-0.7801293250208056,0.055342149068314354,-0.7247871759524912
2586,-0.04550066454663994,-0.6863398019242881,-0.731840466470928
202693,-0.6281893932393336,-0.10551645370105192,-0.7337058469403855
202347,-0.05104331433499865,-0.6844796857409802,-0.7355230000759788
202689,-0.14092648461059462,-0.6133660944958419,-0.7542925791064365
202698,-0.29669420850919503,-0.4577083680105379,-0.7544025765197329
2731,0.16241243953242024,-0.9273710431321561,-0.7649586035997359
201178,-0.687359602557333,-0.0789441693244249,-0.7663037718817579
201160,-0.7680808100657196,-0.003847037056228536,-0.7719278471219482
201991,-0.31817540592997284,-0.46939842096153933,-0.7875738268915122
202718,-0.07994726641313005,-0.717026518250944,-0.7969737846640741
1718,-0.8117428361896956,-0.006488740659995258,-0.8182315768496908
2404,-0.4699784379084539,-0.3527258031042557,-0.8227042410127097
202350,0.3275696767364696,-1.1586092744362424,-0.8310395976997729
1853,-0.9617655348333571,0.1174513552586493,-0.8443141795747078
1495,-0.40660375543537924,-0.43891895214440013,-0.8455227075797793
202412,-0.6490268629280287,-0.20134112192189083,-0.8503679848499195
202810,-2.553275956054014,1.6951796246830335,-0.8580963313709804
2768,-0.6803827076999005,-0.18314618024934043,-0.8635288879492409
101138,-0.3732904813170926,-0.5041037841449031,-0.8773942654619957
1715,0.00647562638437076,-0.9029535875749574,-0.8964779611905866
956,-0.5308611242409224,-0.3676965642647458,-0.8985576885056681
2549,-0.18579733728130737,-0.7152064024607987,-0.901003739742106
2605,-0.43020418797434523,-0.4767498141965217,-0.9069540021708669
202707,-0.4947821203698531,-0.4168994483554613,-0.9116815687253144
2564,-0.5021137290434371,-0.42251030637810466,-0.9246240354215418
101123,0.13885501047800736,-1.0652018746204435,-0.9263468641424362
2617,-0.579376913265227,-0.34704795713117104,-0.926424870396398
2556,3.3520457234309937,-4.284838647809031,-0.9327929243780373
201582,0.47813644036278374,-1.412160123565718,-0.9340236832029343
202970,0.15492913982785858,-1.0895153690962183,-0.9345862292683597
101115,-0.4222433625456258,-0.5200254121126917,-0.9422687746583175
2294,0.23046675061031655,-1.1738023407186504,-0.9433355901083339
202391,-0.4914347562461632,-0.45860688806792604,-0.9500416443140892
101121,-1.0834780247585196,0.13318278766701466,-0.950295237091505
708,-0.8354294728161611,-0.12378179958643565,-0.9592112724025967
201970,-0.8894144578300544,-0.07352693539076698,-0.9629413932208213
200797,-0.16767677550499707,-0.7961140895886425,-0.9637908650936395
202536,0.4351229178572915,-1.414971630138565,-0.9798487122812736
2217,-0.5760515290996557,-0.40424403498503,-0.9802955640846858
200764,1.088572048206378,-2.0720733624204666,-0.9835013142140885
200748,-0.5393693435565047,-0.4505554684894346,-0.9899248120459393
2260,-1.034188747372187,0.04345652313233724,-0.9907322242398496
2753,-0.3905065869338804,-0.6104090525618192,-1.0009156394956995
201150,-0.05281369796940126,-0.9511507645693978,-1.0039644625387991
2457,-0.6711189003733876,-0.33931704212513,-1.0104359424985176
201577,-0.18990086453231905,-0.8305043294012756,-1.0204051939335947
202682,-0.17821345151569032,-0.8533851176237838,-1.031598569139474
202684,-0.44094570971485664,-0.5912446480263985,-1.0321903577412552
2554,-0.2250052451364982,-0.8141807991412644,-1.0391860442777625
201228,-0.018463185175395025,-1.058244894061937,-1.0767080792373318
1863,-0.3902823231788006,-0.6900120585563184,-1.080294381735119
202731,-0.4243314022460545,-0.6591900717320066,-1.083521473978061
2736,-0.39597839994662426,-0.69168849387775,-1.0876668938243743
201291,0.8549232920712649,-1.9655735028628316,-1.1106502107915666
202724,0.16975517126959663,-1.2926981961751234,-1.1229430249055268
202336,-0.6562752029174749,-0.4763930889133222,-1.132668291830797
202809,0.28443442289455484,-1.4446238151396007,-1.160189392245046
200758,-0.36775399538265463,-0.8255049223906167,-1.1932589177732713
200757,-0.29939279198570423,-0.9009435825220264,-1.2003363745077307
201595,-0.6011512698660507,-0.621213598102627,-1.2223648679686776
2446,-0.6754695026504757,-0.5778728297746935,-1.2533423324251691
201949,-0.8532042183542327,-0.4165951380047435,-1.2697993563589762
200756,-0.14903042128346092,-1.1304442754783608,-1.2794746967618218
2570,-0.5172232511598928,-0.810458576970524,-1.3276818281304168
1112,-0.8058649028167999,-0.5238597076899372,-1.329724610506737
202687,-0.2382997858825252,-1.108142318521892,-1.3464421044044173
101144,0.3088180750426481,-1.6607518427848327,-1.3519337677421845
2422,-0.7444372536899455,-0.6088549168762917,-1.3532921705662373
2575,-0.34477687543750185,-1.0139095927427797,-1.3586864681802815
979,-1.027765821680604,-0.332507254923994,-1.360273076604598
703,-0.7787972675388999,-0.5903951786598588,-1.3691924461987588
2733,-0.20016340821994652,-1.1961060225856157,-1.3962694308055623
101179,-0.6660352861027619,-0.7403962070774077,-1.4064314931801696
202362,-1.0216641463617993,-0.4129674321808039,-1.4346315785426031
2551,-1.2931235860671424,-0.14585058569523487,-1.4389741717623772
2052,-0.5099541165603777,-0.9429529846350634,-1.452907101195441
2863,-0.4873429270227624,-0.9659001588510261,-1.4532430858737886
2804,-0.7327291659392446,-0.7212791451601014,-1.454008311099346
202725,-0.5684437743122355,-0.8891425281115543,-1.4575863024237896
201616,-0.7630201609463969,-0.7224918025191064,-1.4855119634655032
202386,-1.1369519996838038,-0.37676846284222093,-1.5137204625260248
202365,-0.8666970752838428,-0.672006898084289,-1.5387039733681318
2545,-0.4929207661008704,-1.0566951125193709,-1.5496158786202412
202354,-0.5529618913569746,-1.01280897250849,-1.5657708638654646
202734,-0.6980209793817145,-0.8793630869815711,-1.5773840663632854
201576,-1.0006705580358597,-0.5795603234153116,-1.5802308814511714
202148,0.4523863228131193,-2.0349511228035104,-1.5825647999903911
2788,-0.8990939459352731,-0.7081321111185804,-1.6072260570538535
201937,-0.059555741495826646,-1.5540232836192742,-1.6135790251151008
202775,0.9276245951994684,-2.549450960921515,-1.6218263657220466
1716,0.4807843575480262,-2.121280489127954,-1.640496131579928
202220,-0.9079415059776232,-0.7451482970588342,-1.6530898030364574
202377,-0.6835449208996391,-0.9724826533570516,-1.6560275742566908
202874,-1.2744146193972854,-0.38597089861673306,-1.6603855180140186
201600,-1.082723115234476,-0.5791118633411447,-1.6618349785756208
201578,-0.5868567034971764,-1.0755796545473562,-1.6624363580445327
202340,-0.8427187999843752,-0.87861243874449,-1.7213312387288653
1899,-1.2367658022272199,-0.48902972110827425,-1.7257955233354942
201623,-0.8084775706414549,-0.9699183851425954,-1.7783959557840503
2215,-0.41141389190287103,-1.4404637855846538,-1.8518776774875247
202918,-1.0929499656279162,-0.7622708913320554,-1.8552208569599715
2853,-0.8027254852575241,-1.0684816855612569,-1.871207170818781
202683,-0.6646658540276719,-1.2348119445188843,-1.899477798546556
202704,-0.22458292569256103,-1.704521171402217,-1.9291040970947781
202399,-0.5457869468600285,-1.4081103113783735,-1.953897258238402
202395,1.2070372818943866,-3.1739109863489903,-1.9668737044546036
202710,-1.294053985171518,-0.6894071175974239,-1.983461102768942
202951,-0.8176151654776772,-1.2436041804243974,-2.0612193459020745
2124,-0.7853468256615408,-1.286172342368889,-2.07151916803043
202729,-0.09502221600707243,-1.9933041205111017,-2.088326336518174
1499,-1.5686174279077987,-0.5272109541438682,-2.0958283820516668
202374,-1.0706585125709112,-1.0300860465109367,-2.100744559081848
2648,-3.7823511424506737,1.6517946567790696,-2.130556485671604
202345,-0.4480255650281932,-1.7144224192230724,-2.1624479842512656
202227,-2.2816340756052047,0.11716131609705792,-2.164472759508147
101106,-0.8072969205719552,-1.438592608780498,-2.2458895293524535
101177,-2.4750217138476236,0.18861136936689799,-2.2864103444807258
101249,-0.6349632100062819,-1.6586028108436648,-2.293566020849947
202712,0.08447273608684548,-2.3804426816499094,-2.2959699455630638
202699,-1.3866555927826385,-0.924082464623624,-2.3107380574062626
202082,-2.8102094890501372,0.45966643700152016,-2.350543052048617
101187,-0.22428957327503624,-2.383630838784174,-2.60792041205921
202356,-0.020676101478737295,-2.695395065545814,-2.7160711670245514
202406,-0.9121424010685343,-1.8522307136793292,-2.7643731147478636
201157,-2.1163429970305443,-0.8468276074370045,-2.9631706044675488
711,-0.6200449376690218,-2.3704874684088537,-2.9905324060778753
202408,-2.4711778896549284,-0.5549570070752295,-3.026134896730158
202730,-1.1329399442889203,-1.9520501822121024,-3.0849901265010224
202723,-1.0917891302989717,-2.0538200224571073,-3.145609152756079
201165,-4.122307322615998,0.6945940788856846,-3.4277132437303135
202385,-2.401582373064047,-1.107422551316483,-3.5090049243805304
202880,-2.1484663365082413,-1.516348305730103,-3.664814642238344
2624,-1.9818424453954706,-1.7983814233757975,-3.780223868771268
201182,-1.6325032128398058,-2.20372023671454,-3.836223449554346
201238,-0.5546368777884856,-3.4156725078676606,-3.9703093856561464
2205,-1.5808648396010088,-2.5510278654630087,-4.1318927050640175
202962,-2.183591561873676,-2.0441050406555554,-4.227696602529232
200822,-3.1501377763366825,-1.1110650580155643,-4.261202834352247
202622,-1.410511122533817,-2.8870115815080952,-4.297522704041912
201602,-2.046709740985336,-3.120266141266356,-5.166975882251692
202359,-1.6425261707849523,-3.7578049512821443,-5.400331122067096
693,-2.5034504780186473,-2.912416625848015,-5.415867103866662
2050,-1.737961957178736,-3.928760264882845,-5.666722222061581
202727,-4.8021844270024925,-1.5382533737239747,-6.340437800726467
200772,-4.047058695431152,-2.4119660168534653,-6.4590247122846165
201336,-2.4038161085829874,-4.240718246303089,-6.644534354886076
1730,1.7012732498033092,-8.813816946910002,-7.112543697106693
202458,-0.4486965073127196,-6.759366222192946,-7.208062729505666
202371,2.3717242258750577,-12.362607737485023,-9.990883511609965
