name_table,slug_season,year_season,url_season_bref,name_conference,is_playoff_team,name_team,rank_conference_team,wins_team,losses_team,pct_wins,slug_team_bref,url_bref_team_data,id_team_nba,url_thumbnail_team,games_behind1conference_standings_conf,pts_team_per_game_standings_conf,pts_opp_per_game_standings_conf,rating_strength_of_schedule_standings_conf,name_division,games_behind1division_standings_div,pts_team_per_game_standings_div,pts_opp_per_game_standings_div,rating_strength_of_schedule_standings_div,count_games_team,minutes_per_game_team,minutes_per_game_opponent,fgm_per_game_team,fgm_per_game_opponent,fga_per_game_team,fga_per_game_opponent,pct_fg_per_game_team,pct_fg_per_game_opponent,fg3m_per_game_team,fg3m_per_game_opponent,fg3a_per_game_team,fg3a_per_game_opponent,pct_fg3per_game_team,pct_fg3per_game_opponent,fg2m_per_game_team,fg2m_per_game_opponent,fg2a_per_game_team,fg2a_per_game_opponent,pct_fg2per_game_team,pct_fg2per_game_opponent,ftm_per_game_team,ftm_per_game_opponent,fta_per_game_team,fta_per_game_opponent,pct_ft_per_game_team,pct_ft_per_game_opponent,orb_per_game_team,orb_per_game_opponent,drb_per_game_team,drb_per_game_opponent,trb_per_game_team,trb_per_game_opponent,ast_per_game_team,ast_per_game_opponent,stl_per_game_team,stl_per_game_opponent,blk_per_game_team,blk_per_game_opponent,tov_per_game_team,tov_per_game_opponent,pf_per_game_team,pf_per_game_opponent,pts_per_game_team,pts_per_game_opponent,minutes_totals_team,minutes_totals_opponent,fgm_totals_team,fgm_totals_opponent,fga_totals_team,fga_totals_opponent,pct_fg_totals_team,pct_fg_totals_opponent,fg3m_totals_team,fg3m_totals_opponent,fg3a_totals_team,fg3a_totals_opponent,pct_fg3totals_team,fg2m_totals_team,fg2m_totals_opponent,fg2a_totals_team,fg2a_totals_opponent,pct_fg2totals_team,ftm_totals_team,ftm_totals_opponent,fta_totals_team,fta_totals_opponent,pct_ft_totals_team,pct_ft_totals_opponent,orb_totals_team,orb_totals_opponent,drb_totals_team,drb_totals_opponent,trb_totals_team,trb_totals_opponent,ast_totals_team,ast_totals_opponent,stl_totals_team,stl_totals_opponent,blk_totals_team,blk_totals_opponent,tov_totals_team,tov_totals_opponent,pf_totals_team,pf_totals_opponent,pts_totals_team,pts_totals_opponent,minutes_per_poss_team,minutes_per_poss_opponent,fgm_per_poss_team,fgm_per_poss_opponent,fga_per_poss_team,fga_per_poss_opponent,pct_fg_per_poss_team,pct_fg_per_poss_opponent,fg3m_per_poss_team,fg3m_per_poss_opponent,fg3a_per_poss_team,fg3a_per_poss_opponent,pct_fg3per_poss_team,fg2m_per_poss_team,fg2m_per_poss_opponent,fg2a_per_poss_team,fg2a_per_poss_opponent,pct_fg2per_poss_team,ftm_per_poss_team,ftm_per_poss_opponent,fta_per_poss_team,fta_per_poss_opponent,pct_ft_per_poss_team,pct_ft_per_poss_opponent,orb_per_poss_team,orb_per_poss_opponent,drb_per_poss_team,drb_per_poss_opponent,trb_per_poss_team,trb_per_poss_opponent,ast_per_poss_team,ast_per_poss_opponent,stl_per_poss_team,stl_per_poss_opponent,blk_per_poss_team,blk_per_poss_opponent,tov_per_poss_team,tov_per_poss_opponent,pf_per_poss_team,pf_per_poss_opponent,pts_per_poss_team,pts_per_poss_opponent,wins_pythag_team,losses_pythag_team,margin_victory_team,ratio_f_tto_fga_team,ratio_f_tto_fga_opponent,name_arena,attendance_arena_team,attendance_per_game_team,age_mean_misc,rating_strength_of_schedule_misc,rating_simple_system_misc,ortg_team_misc,drtg_team_misc,pace_team_misc,pct_ft_rate_misc,pct3p_rate_misc,pct_true_shootinge_team_misc,pct_efg_team_misc,pct_tov_team_misc,pct_orb_team_misc,pct_efg_team_opp_misc,pct_tov_opponent_misc,pct_drb_opponent_misc,minutes_shooting_team,minutes_shooting_opponent,pct_fg_shooting_team,pct_fg_shooting_opponent,avg_distance_shot_shooting_team,avg_distance_shot_shooting_opponent,pct_fgafg2shots_shooting_team,pct_fgafg2shots_shooting_opponent,pct_fga0to3shots_shooting_team,pct_fga0to3shots_shooting_opponent,pct_fga3to10shots_shooting_team,pct_fga3to10shots_shooting_opponent,pct_fga10to16shots_shooting_team,pct_fga10to16shots_shooting_opponent,pct_fga16shots_shooting_team,pct_fga16shots_shooting_opponent,pct_fgafg3shots_shooting_team,pct_fgafg3shots_shooting_opponent,pct_fg2shooting_team,pct_fg2shooting_opponent,pct_fg0to3shooting_team,pct_fg0to3shooting_opponent,pct_fg3to10shooting_team,pct_fg3to10shooting_opponent,pct_fg10to16shooting_team,pct_fg10to16shooting_opponent,pct_fg16shooting_team,pct_fg16shooting_opponent,pct_fg3shooting_team,pct_fg3shooting_opponent,pct_fg2m_ast_shooting_team,pct_fg2m_ast_shooting_opponent,pct_fga_dunks_shots_shooting_team,pct_fga_dunks_shots_shooting_opponent,count_dunks_shooting_team,count_dunks_shooting_opponent,pct_fga_layups_shots_shooting_team,pct_fga_layups_shots_shooting_opponent,count_layups_shooting_team,count_layups_shooting_opponent,pct_fg3m_ast_shooting_team,pct_fg3m_ast_shooting_opponent,pct_fg3a_corner_shots_shooting_team,pct_fg3a_corner_shots_shooting_opponent,pct_fg3a_corner_shooting_team,pct_fg3a_corner_shooting_opponent,hlf_a_shooting_team,hlf_m_shooting_team
Team Data,2016-17,2017,https://www.basketball-reference.com/leagues/NBA_2017.html,Eastern,TRUE,Boston Celtics,1,53,29,0.646,BOS,https://www.basketball-reference.com/teams/BOS/2017.html,1610612738,https://stats.nba.com/media/img/teams/logos/BOS_logo.svg,0,108,105.4,2.25,Atlantic Division,0,108,105.4,2.25,82,240.9,240.9,38.6,38.6,85.1,85.8,0.454,0.45,12,9,33.4,27,0.359,0.332,26.6,29.7,51.7,58.8,0.515,0.505,18.7,19.1,23.2,24.9,0.807,0.769,9.1,10.8,32.9,33.8,42,44.5,25.2,22.6,7.5,7.6,4.1,5.2,13.3,13.9,20.6,20.3,108,105.4,19755,19755,3168,3168,6978,7035,0.454,0.45,985,735,2742,2213,0.359,2183,2433,4236,4822,0.515,1536,1570,1903,2042,0.807,0.769,744,883,2698,2769,3442,3652,2069,1851,617,623,340,425,1088,1141,1686,1664,8857,8641,19755,19755,39.8,39.8,87.6,88.3,0.454,0.45,12.4,9.2,34.4,27.8,0.359,27.4,30.5,53.2,60.5,0.515,19.3,19.7,23.9,25.6,0.807,0.769,9.3,11.1,33.9,34.8,43.2,45.8,26,23.2,7.7,7.8,4.3,5.3,13.7,14.3,21.2,20.9,111.2,108.4,48,34,2.63,0.22,0.223,TD Garden,760690,18553,25.9,-0.39,2.25,111.2,108.4,96.8,0.273,0.393,0.567,0.525,12.2,21.2,0.503,12.6,75.3,19755,19755,0.454,0.45,14.2,13.5,0.607,0.685,0.296,0.282,0.129,0.159,0.071,0.093,0.111,0.151,0.393,0.315,0.515,0.505,0.633,0.627,0.395,0.432,0.417,0.402,0.405,0.417,0.359,0.332,0.57,0.505,0.033,0.047,211,304,0.271,0.243,1106,969,0.836,0.845,0.22,0.209,0.41,0.344,20,0
Team Data,2016-17,2017,https://www.basketball-reference.com/leagues/NBA_2017.html,Eastern,TRUE,Cleveland Cavaliers,2,51,31,0.622,CLE,https://www.basketball-reference.com/teams/CLE/2017.html,1610612739,https://stats.nba.com/media/img/teams/logos/CLE_logo.svg,2,110.3,107.2,2.87,Central Division,0,110.3,107.2,2.87,82,242.4,242.4,39.9,40.6,84.9,88.8,0.47,0.458,13,10.4,33.9,28.7,0.384,0.361,26.9,30.3,51,60.1,0.528,0.504,17.5,15.5,23.3,20,0.748,0.773,9.3,11,34.4,33.2,43.7,44.2,22.7,24.7,6.6,7.3,4,4.3,13.7,12.6,18.1,20.6,110.3,107.2,19880,19880,3275,3333,6963,7284,0.47,0.458,1067,850,2779,2353,0.384,2208,2483,4184,4931,0.528,1431,1271,1913,1644,0.748,0.773,766,902,2821,2724,3587,3626,1858,2024,539,598,327,349,1121,1033,1486,1690,9048,8787,19880,19880,41.1,41.8,87.4,91.4,0.47,0.458,13.4,10.7,34.9,29.5,0.384,27.7,31.2,52.5,61.9,0.528,18,16,24,20.6,0.748,0.773,9.6,11.3,35.4,34.2,45,45.5,23.3,25.4,6.8,7.5,4.1,4.4,14.1,13,18.7,21.2,113.6,110.3,49,33,3.18,0.206,0.174,Quicken Loans Arena,843042,20562,29.2,-0.31,2.87,113.6,110.3,96.2,0.275,0.399,0.58,0.547,12.6,21.9,0.516,11.4,75.8,19880,19880,0.47,0.458,14.4,13.3,0.601,0.677,0.284,0.292,0.11,0.146,0.092,0.104,0.115,0.134,0.399,0.323,0.528,0.504,0.666,0.633,0.362,0.404,0.428,0.406,0.425,0.406,0.384,0.361,0.441,0.524,0.059,0.048,381,314,0.231,0.25,944,1043,0.829,0.849,0.293,0.239,0.412,0.365,7,0
Team Data,2016-17,2017,https://www.basketball-reference.com/leagues/NBA_2017.html,Eastern,TRUE,Toronto Raptors,3,51,31,0.622,TOR,https://www.basketball-reference.com/teams/TOR/2017.html,1610612761,https://stats.nba.com/media/img/teams/logos/TOR_logo.svg,2,106.9,102.6,3.65,Atlantic Division,2,106.9,102.6,3.65,82,241.2,241.2,39.2,37.2,84.4,82.9,0.464,0.449,8.8,9.7,24.3,27.3,0.363,0.354,30.3,27.5,60,55.6,0.505,0.495,19.7,18.5,24.7,23.8,0.796,0.78,10.6,10.1,32.6,31.9,43.3,42.1,18.5,21.8,8.3,6.7,4.9,4.8,12.7,14.6,20.8,20.3,106.9,102.6,19780,19780,3211,3052,6918,6801,0.464,0.449,725,794,1996,2240,0.363,2486,2258,4922,4561,0.505,1615,1519,2028,1948,0.796,0.78,871,831,2676,2619,3547,3450,1517,1786,677,547,400,392,1041,1200,1708,1666,8762,8417,19780,19780,41.1,39.1,88.6,87.1,0.464,0.449,9.3,10.2,25.6,28.7,0.363,31.9,28.9,63.1,58.4,0.505,20.7,19.5,26,25,0.796,0.78,11.2,10.6,34.3,33.6,45.4,44.2,19.4,22.9,8.7,7,5.1,5,13.3,15.4,21.9,21.3,112.3,107.8,52,30,4.21,0.233,0.223,Air Canada Centre,813050,19830,26.1,-0.56,3.65,112.3,107.8,94.7,0.293,0.289,0.561,0.517,11.8,25,0.507,13.5,76.3,19780,19780,0.464,0.449,13.2,13.4,0.711,0.671,0.254,0.268,0.185,0.18,0.12,0.094,0.153,0.128,0.289,0.329,0.505,0.495,0.631,0.649,0.45,0.395,0.449,0.381,0.407,0.398,0.363,0.354,0.372,0.495,0.04,0.051,256,321,0.235,0.243,919,916,0.817,0.841,0.273,0.242,0.381,0.354,12,1
Team Data,2016-17,2017,https://www.basketball-reference.com/leagues/NBA_2017.html,Eastern,TRUE,Washington Wizards,4,49,33,0.598,WAS,https://www.basketball-reference.com/teams/WAS/2017.html,1610612764,https://stats.nba.com/media/img/teams/logos/WAS_logo.svg,4,109.2,107.4,1.36,Southeast Division,0,109.2,107.4,1.36,82,242.1,242.1,41.3,39.7,87,85.1,0.475,0.466,9.2,9.9,24.8,27.1,0.372,0.364,32.1,29.8,62.3,58,0.515,0.514,17.3,18.2,22.1,24.2,0.784,0.751,10.3,10.6,32.6,32.5,42.9,43,23.9,22.8,8.5,7.4,4.1,4.6,14.2,15.3,21.3,19.8,109.2,107.4,19855,19855,3388,3253,7137,6978,0.475,0.466,756,810,2030,2224,0.372,2632,2443,5107,4754,0.515,1421,1489,1812,1982,0.784,0.751,843,868,2671,2661,3514,3529,1956,1870,693,606,336,377,1162,1257,1745,1621,8953,8805,19855,19855,42.1,40.4,88.6,86.6,0.475,0.466,9.4,10.1,25.2,27.6,0.372,32.7,30.3,63.4,59,0.515,17.6,18.5,22.5,24.6,0.784,0.751,10.5,10.8,33.2,33,43.6,43.8,24.3,23.2,8.6,7.5,4.2,4.7,14.4,15.6,21.7,20.1,111.2,109.3,46,36,1.8,0.199,0.213,Verizon Center,697107,17003,26,-0.45,1.36,111.2,109.3,97.4,0.254,0.284,0.564,0.528,12.8,24.1,0.524,13.8,75.5,19855,19855,0.475,0.466,13.1,13.5,0.716,0.681,0.3,0.294,0.137,0.148,0.108,0.099,0.169,0.14,0.284,0.319,0.515,0.514,0.629,0.637,0.429,0.409,0.426,0.45,0.442,0.411,0.372,0.364,0.496,0.49,0.047,0.052,302,335,0.26,0.248,1079,990,0.858,0.83,0.254,0.21,0.351,0.405,10,0
Team Data,2016-17,2017,https://www.basketball-reference.com/leagues/NBA_2017.html,Eastern,TRUE,Atlanta Hawks,5,43,39,0.524,ATL,https://www.basketball-reference.com/teams/ATL/2017.html,1610612737,https://stats.nba.com/media/img/teams/logos/ATL_logo.svg,10,103.2,104,-1.23,Southeast Division,6,103.2,104,-1.23,82,242.4,242.4,38.1,38.8,84.4,87.3,0.451,0.444,8.9,10.9,26.1,30.5,0.341,0.357,29.2,27.9,58.3,56.7,0.501,0.491,18.1,15.6,24.9,20.2,0.728,0.772,10.3,10.7,34.1,33.2,44.3,43.9,23.6,23.4,8.2,9,4.8,5.2,15.8,15.4,18.2,21.6,103.2,104,19880,19880,3123,3178,6918,7155,0.451,0.444,729,893,2137,2502,0.341,2394,2285,4781,4653,0.501,1484,1280,2039,1658,0.728,0.772,842,876,2793,2722,3635,3598,1938,1919,672,738,397,424,1294,1262,1491,1768,8459,8529,19880,19880,38.7,39.4,85.8,88.7,0.451,0.444,9,11.1,26.5,31,0.341,29.7,28.3,59.3,57.7,0.501,18.4,15.9,25.3,20.6,0.728,0.772,10.4,10.9,34.6,33.7,45.1,44.6,24,23.8,8.3,9.1,4.9,5.3,16,15.6,18.5,21.9,104.9,105.7,39,43,-0.85,0.215,0.179,Philips Arena,654306,15959,27.9,-0.38,-1.23,104.9,105.7,97.4,0.295,0.309,0.541,0.504,14.2,23.6,0.507,13.8,76.1,19880,19880,0.451,0.444,13,14.2,0.691,0.65,0.331,0.264,0.117,0.127,0.092,0.104,0.151,0.155,0.309,0.35,0.501,0.491,0.616,0.591,0.349,0.422,0.394,0.421,0.429,0.424,0.341,0.357,0.542,0.51,0.054,0.043,341,278,0.287,0.227,1093,851,0.879,0.843,0.234,0.255,0.388,0.399,12,0
Team Data,2016-17,2017,https://www.basketball-reference.com/leagues/NBA_2017.html,Eastern,TRUE,Milwaukee Bucks,6,42,40,0.512,MIL,https://www.basketball-reference.com/teams/MIL/2017.html,1610612749,https://stats.nba.com/media/img/teams/logos/MIL_logo.svg,11,103.6,103.8,-0.45,Central Division,9,103.6,103.8,-0.45,82,241.2,241.2,38.8,38,81.9,83,0.474,0.458,8.8,10,23.7,28.2,0.37,0.353,30,28,58.2,54.8,0.516,0.512,17.2,17.9,22.4,23.2,0.768,0.771,8.8,10.3,31.6,32.1,40.4,42.5,24.2,24.1,8.1,7.4,5.3,4.6,14,14.7,20.2,19.3,103.6,103.8,19780,19780,3182,3116,6715,6802,0.474,0.458,720,816,1946,2312,0.37,2462,2300,4769,4490,0.516,1413,1464,1839,1900,0.768,0.771,723,845,2589,2636,3312,3481,1984,1974,666,609,436,375,1145,1205,1660,1579,8497,8512,19780,19780,40.9,40,86.2,87.3,0.474,0.458,9.2,10.5,25,29.7,0.37,31.6,29.5,61.2,57.6,0.516,18.1,18.8,23.6,24.4,0.768,0.771,9.3,10.8,33.2,33.8,42.5,44.7,25.5,25.3,8.6,7.8,5.6,4.8,14.7,15.5,21.3,20.3,109.1,109.3,40,42,-0.18,0.21,0.215,BMO Harris Bradley Center,648952,15828,25.6,-0.26,-0.45,109.1,109.3,94.5,0.274,0.29,0.565,0.527,13.2,21.5,0.518,13.6,75.4,19780,19780,0.474,0.458,11.8,13.1,0.71,0.66,0.351,0.323,0.174,0.137,0.077,0.091,0.108,0.11,0.29,0.34,0.516,0.512,0.644,0.623,0.402,0.426,0.377,0.392,0.387,0.391,0.37,0.353,0.534,0.551,0.073,0.054,448,335,0.282,0.274,1073,1040,0.928,0.863,0.276,0.288,0.387,0.39,12,0
Team Data,2016-17,2017,https://www.basketball-reference.com/leagues/NBA_2017.html,Eastern,TRUE,Indiana Pacers,7,42,40,0.512,IND,https://www.basketball-reference.com/teams/IND/2017.html,1610612754,https://stats.nba.com/media/img/teams/logos/IND_logo.svg,11,105.1,105.3,-0.64,Central Division,9,105.1,105.3,-0.64,82,242.1,242.1,39.3,38,84.5,84.3,0.465,0.451,8.6,10.4,23,29.1,0.376,0.355,30.6,27.6,61.5,55.1,0.498,0.501,17.9,19,22.1,24.1,0.81,0.789,9,10.7,33,33.5,42,44.3,22.5,22.3,8.2,8.1,5,5,13.8,14.9,19.5,19.5,105.1,105.3,19855,19855,3221,3115,6931,6909,0.465,0.451,709,849,1885,2389,0.376,2512,2266,5046,4520,0.498,1467,1557,1811,1974,0.81,0.789,742,879,2702,2751,3444,3630,1844,1832,669,661,409,407,1130,1225,1597,1599,8618,8636,19855,19855,40.6,39.3,87.4,87.1,0.465,0.451,8.9,10.7,23.8,30.1,0.376,31.7,28.6,63.6,57,0.498,18.5,19.6,22.8,24.9,0.81,0.789,9.4,11.1,34.1,34.7,43.4,45.7,23.2,23.1,8.4,8.3,5.2,5.1,14.2,15.4,20.1,20.2,108.6,108.8,40,42,-0.22,0.212,0.225,Bankers Life Fieldhouse,684578,16697,27,-0.42,-0.64,108.6,108.8,95.9,0.261,0.272,0.558,0.516,12.8,21.2,0.512,13.6,75.5,19855,19855,0.465,0.451,13.5,14.2,0.728,0.654,0.241,0.261,0.186,0.147,0.107,0.095,0.194,0.151,0.272,0.346,0.498,0.501,0.625,0.625,0.464,0.434,0.417,0.432,0.418,0.397,0.376,0.355,0.498,0.477,0.035,0.046,223,293,0.234,0.247,938,943,0.838,0.883,0.258,0.25,0.403,0.398,18,0
Team Data,2016-17,2017,https://www.basketball-reference.com/leagues/NBA_2017.html,Eastern,TRUE,Chicago Bulls,8,41,41,0.5,CHI,https://www.basketball-reference.com/teams/CHI/2017.html,1610612741,https://stats.nba.com/media/img/teams/logos/CHI_logo.svg,12,102.9,102.4,0.03,Central Division,10,102.9,102.4,0.03,82,241.2,241.2,38.6,39.5,87.1,86.6,0.444,0.456,7.6,8.9,22.3,25.9,0.34,0.345,31,30.5,64.8,60.7,0.479,0.503,18,14.6,22.5,19,0.798,0.77,12.2,10.3,34.1,32.9,46.3,43.2,22.6,23.6,7.8,7.3,4.8,4.6,13.6,13.4,17.7,18.8,102.9,102.4,19780,19780,3169,3236,7141,7099,0.444,0.456,623,731,1831,2121,0.34,2546,2505,5310,4978,0.479,1474,1197,1848,1555,0.798,0.77,999,843,2797,2698,3796,3541,1851,1939,643,602,393,378,1112,1100,1455,1541,8435,8400,19780,19780,40.4,41.2,90.9,90.4,0.444,0.456,7.9,9.3,23.3,27,0.34,32.4,31.9,67.6,63.4,0.479,18.8,15.2,23.5,19.8,0.798,0.77,12.7,10.7,35.6,34.4,48.3,45.1,23.6,24.7,8.2,7.7,5,4.8,14.2,14,18.5,19.6,107.4,107,42,40,0.43,0.206,0.169,United Center,888882,21680,26.9,-0.39,0.03,107.4,107,95.3,0.259,0.256,0.53,0.487,12.3,27,0.507,12.4,76.8,19780,19780,0.444,0.456,12.8,12.9,0.744,0.701,0.28,0.314,0.167,0.149,0.117,0.094,0.179,0.145,0.256,0.299,0.479,0.503,0.6,0.607,0.449,0.418,0.393,0.416,0.377,0.423,0.34,0.344,0.513,0.525,0.038,0.05,248,332,0.255,0.281,1005,1086,0.875,0.851,0.289,0.224,0.415,0.399,9,0
Team Data,2016-17,2017,https://www.basketball-reference.com/leagues/NBA_2017.html,Eastern,FALSE,Miami Heat,9,41,41,0.5,MIA,https://www.basketball-reference.com/teams/MIA/2017.html,1610612748,https://stats.nba.com/media/img/teams/logos/MIA_logo.svg,12,103.2,102.1,0.77,Southeast Division,8,103.2,102.1,0.77,82,241.2,241.2,39,37.9,85.8,84.2,0.455,0.45,9.9,7.8,27,22.7,0.365,0.343,29.2,30.1,58.8,61.5,0.496,0.49,15.2,18.5,21.6,23.7,0.706,0.782,10.6,10.2,33,33.4,43.6,43.6,21.2,19.6,7.2,6.8,5.7,4.9,13.4,13.7,20.5,18.7,103.2,102.1,19780,19780,3202,3108,7037,6904,0.455,0.45,808,639,2213,1864,0.365,2394,2469,4824,5040,0.496,1248,1518,1768,1940,0.706,0.782,872,837,2705,2737,3577,3574,1742,1611,588,556,469,398,1102,1121,1680,1530,8460,8373,19780,19780,40.8,39.6,89.7,88,0.455,0.45,10.3,8.1,28.2,23.8,0.365,30.5,31.5,61.5,64.2,0.496,15.9,19.3,22.5,24.7,0.706,0.782,11.1,10.7,34.5,34.9,45.6,45.5,22.2,20.5,7.5,7.1,6,5.1,14,14.3,21.4,19.5,107.8,106.7,44,38,1.06,0.177,0.22,AmericanAirlines Arena,805400,19644,26.5,-0.29,0.77,107.8,106.7,95.2,0.251,0.314,0.541,0.512,12.4,24.2,0.496,12.6,76.4,19780,19780,0.455,0.45,13,12.5,0.686,0.73,0.29,0.305,0.169,0.163,0.094,0.118,0.131,0.144,0.314,0.27,0.496,0.49,0.63,0.585,0.412,0.427,0.387,0.464,0.389,0.382,0.365,0.343,0.427,0.437,0.054,0.043,350,273,0.238,0.267,927,968,0.89,0.831,0.301,0.233,0.4,0.361,14,0
Team Data,2016-17,2017,https://www.basketball-reference.com/leagues/NBA_2017.html,Eastern,FALSE,Detroit Pistons,10,37,45,0.451,DET,https://www.basketball-reference.com/teams/DET/2017.html,1610612765,https://stats.nba.com/media/img/teams/logos/DET_logo.svg,16,101.3,102.5,-1.29,Central Division,14,101.3,102.5,-1.29,82,241.5,241.5,39.9,38.3,88.8,83.3,0.449,0.46,7.7,9.4,23.4,25.6,0.33,0.366,32.2,29,65.5,57.7,0.492,0.502,13.9,16.4,19.3,21,0.719,0.78,11.1,8,34.6,34.9,45.7,42.9,21.1,23.5,7,6.7,3.8,4.1,11.9,12.8,17.9,17.5,101.3,102.5,19805,19805,3269,3144,7282,6830,0.449,0.46,631,767,1915,2098,0.33,2638,2377,5367,4732,0.492,1140,1346,1586,1726,0.719,0.78,908,656,2838,2861,3746,3517,1732,1929,574,551,310,339,973,1046,1467,1434,8309,8401,19805,19805,41.7,40.1,92.9,87.1,0.449,0.46,8,9.8,24.4,26.8,0.33,33.6,30.3,68.5,60.4,0.492,14.5,17.2,20.2,22,0.719,0.78,11.6,8.4,36.2,36.5,47.8,44.9,22.1,24.6,7.3,7,4,4.3,12.4,13.3,18.7,18.3,106,107.1,38,44,-1.12,0.157,0.197,The Palace of Auburn Hills,655141,15979,25.4,-0.17,-1.29,106,107.1,95,0.218,0.263,0.521,0.492,10.9,24.1,0.516,12.1,81.2,19805,19805,0.449,0.46,13.1,13.4,0.737,0.693,0.25,0.262,0.189,0.171,0.141,0.113,0.157,0.147,0.263,0.307,0.492,0.502,0.646,0.66,0.384,0.373,0.445,0.44,0.416,0.42,0.33,0.366,0.455,0.533,0.043,0.038,283,237,0.212,0.228,905,959,0.845,0.863,0.203,0.229,0.384,0.401,30,1
Team Data,2016-17,2017,https://www.basketball-reference.com/leagues/NBA_2017.html,Eastern,FALSE,Charlotte Hornets,11,36,46,0.439,CHO,https://www.basketball-reference.com/teams/CHO/2017.html,1610612766,https://stats.nba.com/media/img/teams/logos/CHA_logo.svg,17,104.9,104.7,-0.07,Southeast Division,13,104.9,104.7,-0.07,82,241.8,241.8,37.7,39.5,85.4,86.5,0.442,0.456,10,11.6,28.6,31.4,0.351,0.369,27.7,27.9,56.7,55.1,0.488,0.506,19.4,14.2,23.8,18.2,0.815,0.776,8.8,8.9,34.8,35.5,43.6,44.4,23.1,24.5,7,6.6,4.8,5.5,11.5,13.1,16.6,19.9,104.9,104.7,19830,19830,3093,3237,7000,7092,0.442,0.456,824,950,2347,2576,0.351,2269,2287,4653,4516,0.488,1591,1161,1953,1496,0.815,0.776,721,732,2853,2909,3574,3641,1891,2012,571,539,390,450,942,1071,1360,1631,8601,8585,19830,19830,39.1,40.9,88.5,89.7,0.442,0.456,10.4,12,29.7,32.6,0.351,28.7,28.9,58.9,57.1,0.488,20.1,14.7,24.7,18.9,0.815,0.776,9.1,9.3,36.1,36.8,45.2,46.1,23.9,25.4,7.2,6.8,4.9,5.7,11.9,13.5,17.2,20.6,108.8,108.6,42,40,0.2,0.227,0.164,Spectrum Center,710643,17333,26.5,-0.26,-0.07,108.8,108.6,95.7,0.279,0.335,0.547,0.501,10.7,19.9,0.523,12.1,79.6,19830,19830,0.442,0.456,13.9,14.1,0.665,0.637,0.282,0.289,0.133,0.116,0.099,0.088,0.152,0.144,0.335,0.363,0.488,0.507,0.61,0.608,0.4,0.425,0.419,0.427,0.38,0.417,0.351,0.369,0.545,0.52,0.034,0.04,218,252,0.253,0.253,1006,1013,0.795,0.865,0.133,0.228,0.377,0.391,15,1
Team Data,2016-17,2017,https://www.basketball-reference.com/leagues/NBA_2017.html,Eastern,FALSE,New York Knicks,12,31,51,0.378,NYK,https://www.basketball-reference.com/teams/NYK/2017.html,1610612752,https://stats.nba.com/media/img/teams/logos/NYK_logo.svg,22,104.3,108,-3.87,Atlantic Division,22,104.3,108,-3.87,82,242.1,242.1,39.6,39.7,88.5,87.4,0.447,0.455,8.6,9.8,24.7,28.2,0.348,0.348,31,29.9,63.8,59.1,0.485,0.506,16.6,18.7,21.1,24.2,0.788,0.771,12,11.6,33.2,33.1,45.2,44.7,21.8,21.8,7.1,7.5,5.5,4.6,13.9,12.9,20.3,18.5,104.3,108,19855,19855,3244,3259,7256,7163,0.447,0.455,704,806,2022,2313,0.348,2540,2453,5234,4850,0.485,1364,1533,1731,1988,0.788,0.771,983,953,2723,2715,3706,3668,1786,1786,581,615,455,377,1139,1060,1668,1516,8556,8857,19855,19855,40.9,41,91.4,90.2,0.447,0.455,8.9,10.2,25.5,29.1,0.348,32,30.9,65.9,61.1,0.485,17.2,19.3,21.8,25,0.788,0.771,12.4,12,34.3,34.2,46.7,46.2,22.5,22.5,7.3,7.7,5.7,4.7,14.3,13.3,21,19.1,107.7,111.5,31,51,-3.67,0.188,0.214,Madison Square Garden (IV),810741,19774,27.3,-0.2,-3.87,107.7,111.5,96,0.239,0.279,0.534,0.496,12.4,26.6,0.511,11.7,74.1,19855,19855,0.447,0.455,13.2,12.8,0.721,0.677,0.291,0.328,0.126,0.142,0.132,0.084,0.172,0.122,0.279,0.323,0.485,0.506,0.591,0.613,0.381,0.417,0.44,0.395,0.419,0.4,0.348,0.348,0.469,0.459,0.04,0.055,267,352,0.256,0.28,992,1109,0.845,0.82,0.229,0.23,0.425,0.395,23,0
Team Data,2016-17,2017,https://www.basketball-reference.com/leagues/NBA_2017.html,Eastern,FALSE,Orlando Magic,13,29,53,0.354,ORL,https://www.basketball-reference.com/teams/ORL/2017.html,1610612753,https://stats.nba.com/media/img/teams/logos/ORL_logo.svg,24,101.1,107.6,-6.61,Southeast Division,20,101.1,107.6,-6.61,82,241.5,241.5,38.3,40.3,87,86.4,0.44,0.467,8.5,9.7,26.1,26.4,0.328,0.367,29.7,30.6,60.9,60,0.488,0.51,16,17.4,21.4,22.7,0.747,0.766,9.8,9.7,33.3,35.8,43.2,45.5,22.2,23.6,7.1,7.6,4.8,5.1,13.3,13,19.3,18.7,101.1,107.6,19805,19805,3139,3304,7133,7081,0.44,0.467,701,794,2139,2161,0.328,2438,2510,4994,4920,0.488,1309,1425,1753,1860,0.747,0.766,807,799,2734,2934,3541,3733,1820,1936,580,622,396,419,1091,1069,1584,1532,8288,8827,19805,19805,39.3,41.3,89.3,88.6,0.44,0.467,8.8,9.9,26.8,27,0.328,30.5,31.4,62.5,61.6,0.488,16.4,17.8,21.9,23.3,0.747,0.766,10.1,10,34.2,36.7,44.3,46.7,22.8,24.2,7.3,7.8,5,5.2,13.7,13.4,19.8,19.2,103.7,110.5,24,58,-6.57,0.184,0.201,Amway Center,727875,17753,25.3,-0.04,-6.61,103.7,110.5,96.8,0.246,0.3,0.524,0.489,12.1,21.6,0.523,11.9,77.4,19805,19805,0.44,0.467,13.5,13,0.7,0.695,0.266,0.307,0.168,0.15,0.109,0.101,0.157,0.137,0.3,0.305,0.488,0.51,0.616,0.638,0.427,0.437,0.413,0.375,0.39,0.402,0.328,0.367,0.495,0.503,0.042,0.059,272,364,0.231,0.256,917,1044,0.874,0.849,0.182,0.221,0.297,0.406,25,0
Team Data,2016-17,2017,https://www.basketball-reference.com/leagues/NBA_2017.html,Eastern,FALSE,Philadelphia 76ers,14,28,54,0.341,PHI,https://www.basketball-reference.com/teams/PHI/2017.html,1610612755,https://stats.nba.com/media/img/teams/logos/PHI_logo.svg,25,102.4,108.1,-5.83,Atlantic Division,25,102.4,108.1,-5.83,82,241.8,241.8,37.7,39.6,85.3,85.9,0.442,0.461,10.1,8.9,29.8,24.9,0.34,0.357,27.5,30.7,55.5,61,0.496,0.503,17,20.1,22,26,0.771,0.773,9.8,10.8,33,34.2,42.8,45,23.8,22.7,8.4,8.6,5.1,5.4,16.7,15.1,21.9,19.6,102.4,108.1,19830,19830,3088,3244,6992,7043,0.442,0.461,831,729,2443,2044,0.34,2257,2515,4549,4999,0.496,1393,1650,1806,2135,0.771,0.773,807,886,2706,2802,3513,3688,1949,1859,692,704,420,446,1366,1241,1793,1610,8400,8867,19830,19830,37.9,39.8,85.9,86.5,0.442,0.461,10.2,9,30,25.1,0.34,27.7,30.9,55.9,61.4,0.496,17.1,20.3,22.2,26.2,0.771,0.773,9.9,10.9,33.2,34.4,43.2,45.3,23.9,22.8,8.5,8.6,5.2,5.5,16.8,15.2,22,19.8,103.2,108.9,26,56,-5.7,0.199,0.234,Wells Fargo Center,710557,17331,24.6,-0.14,-5.83,103.2,108.9,98.5,0.258,0.349,0.539,0.501,14.9,22.4,0.512,13.5,75.3,19830,19830,0.442,0.461,13.2,12.8,0.651,0.71,0.309,0.304,0.149,0.155,0.092,0.106,0.1,0.145,0.349,0.29,0.496,0.503,0.638,0.637,0.376,0.393,0.384,0.426,0.344,0.399,0.34,0.357,0.541,0.494,0.047,0.05,301,331,0.269,0.261,1087,1054,0.875,0.845,0.154,0.217,0.406,0.41,8,0
Team Data,2016-17,2017,https://www.basketball-reference.com/leagues/NBA_2017.html,Eastern,FALSE,Brooklyn Nets,15,20,62,0.244,BRK,https://www.basketball-reference.com/teams/BRK/2017.html,1610612751,https://stats.nba.com/media/img/teams/logos/BKN_logo.svg,33,105.8,112.5,-6.74,Atlantic Division,33,105.8,112.5,-6.74,82,240.9,240.9,37.8,41.6,85.2,90.8,0.444,0.458,10.7,10,31.6,27.2,0.338,0.366,27.1,31.7,53.6,63.6,0.506,0.498,19.4,19.3,24.6,25,0.788,0.772,8.8,11,35.1,36.2,43.9,47.2,21.4,23,7.2,9.5,4.7,5.6,16.5,13.3,21,20.4,105.8,112.5,19755,19755,3102,3414,6987,7449,0.444,0.458,877,816,2591,2232,0.338,2225,2598,4396,5217,0.506,1592,1581,2020,2049,0.788,0.772,721,902,2879,2965,3600,3867,1756,1888,593,780,387,457,1356,1092,1726,1671,8673,9225,19755,19755,37.2,41,83.8,89.4,0.444,0.458,10.5,9.8,31.1,26.8,0.338,26.7,31.2,52.7,62.6,0.506,19.1,19,24.2,24.6,0.788,0.772,8.7,10.8,34.5,35.6,43.2,46.4,21.1,22.7,7.1,9.4,4.6,5.5,16.3,13.1,20.7,20,104.1,110.7,24,58,-6.73,0.228,0.212,Barclays Center,632608,15429,26,-0.01,-6.74,104.1,110.7,101.3,0.289,0.371,0.551,0.507,14.7,19.6,0.513,11.6,76.1,19755,19755,0.444,0.458,13.2,13.3,0.629,0.7,0.309,0.282,0.173,0.152,0.077,0.108,0.07,0.158,0.371,0.3,0.506,0.498,0.613,0.619,0.418,0.418,0.391,0.402,0.374,0.425,0.338,0.366,0.454,0.477,0.035,0.049,225,338,0.3,0.25,1173,1015,0.851,0.794,0.215,0.219,0.373,0.387,21,0
Team Data,2016-17,2017,https://www.basketball-reference.com/leagues/NBA_2017.html,Western,TRUE,Golden State Warriors,1,67,15,0.817,GSW,https://www.basketball-reference.com/teams/GSW/2017.html,1610612744,https://stats.nba.com/media/img/teams/logos/GSW_logo.svg,0,115.9,104.3,11.35,Pacific Division,0,115.9,104.3,11.35,82,241.2,241.2,43.1,38.8,87.1,89.2,0.495,0.435,12,9,31.2,27.8,0.383,0.324,31.1,29.8,55.8,61.4,0.557,0.485,17.8,17.7,22.6,23.2,0.788,0.761,9.4,11.7,35,31.8,44.4,43.5,30.4,22.7,9.6,8.6,6.8,3.8,14.8,15.5,19.3,19.4,115.9,104.3,19780,19780,3532,3181,7140,7311,0.495,0.435,982,737,2562,2277,0.383,2550,2444,4578,5034,0.557,1457,1450,1850,1905,0.788,0.761,770,963,2873,2604,3643,3567,2491,1862,785,705,555,313,1211,1272,1585,1588,9503,8549,19780,19780,43,38.7,86.8,88.9,0.495,0.435,11.9,9,31.2,27.7,0.383,31,29.7,55.7,61.2,0.557,17.7,17.6,22.5,23.2,0.788,0.761,9.4,11.7,34.9,31.7,44.3,43.4,30.3,22.6,9.5,8.6,6.7,3.8,14.7,15.5,19.3,19.3,115.6,104,67,15,11.63,0.204,0.198,Oracle Arena,803436,19596,28.2,-0.28,11.35,115.6,104,99.8,0.259,0.359,0.597,0.563,13.2,22.8,0.486,13.5,74.9,19780,19780,0.495,0.435,14.1,13.2,0.641,0.689,0.303,0.298,0.102,0.157,0.107,0.096,0.129,0.138,0.359,0.311,0.557,0.485,0.69,0.622,0.408,0.372,0.43,0.369,0.469,0.399,0.383,0.324,0.656,0.512,0.075,0.052,500,343,0.235,0.253,1019,1043,0.832,0.825,0.208,0.203,0.409,0.351,30,1
Team Data,2016-17,2017,https://www.basketball-reference.com/leagues/NBA_2017.html,Western,TRUE,San Antonio Spurs,2,61,21,0.744,SAS,https://www.basketball-reference.com/teams/SAS/2017.html,1610612759,https://stats.nba.com/media/img/teams/logos/SAS_logo.svg,6,105.3,98.1,7.13,Southwest Division,0,105.3,98.1,7.13,82,241.5,241.5,39.3,37,83.7,83.4,0.469,0.443,9.2,8.1,23.5,23.7,0.391,0.344,30.1,28.8,60.2,59.7,0.5,0.483,17.6,16,22,20.8,0.797,0.771,10,9.8,33.9,31.7,43.9,41.5,23.8,21.4,8,7.5,5.9,4.1,13.4,14.4,18.3,19.8,105.3,98.1,19805,19805,3222,3032,6864,6839,0.469,0.443,753,668,1927,1942,0.391,2469,2364,4937,4897,0.5,1440,1315,1806,1705,0.797,0.771,821,800,2777,2600,3598,3400,1954,1757,655,614,484,333,1101,1184,1498,1623,8637,8047,19805,19805,41.5,39,88.3,88,0.469,0.443,9.7,8.6,24.8,25,0.391,31.8,30.4,63.5,63,0.5,18.5,16.9,23.2,21.9,0.797,0.771,10.6,10.3,35.7,33.4,46.3,43.7,25.1,22.6,8.4,7.9,6.2,4.3,14.2,15.2,19.3,20.9,111.1,103.5,60,22,7.2,0.21,0.192,AT&T Center,755347,18423,29.6,-0.06,7.13,111.1,103.5,94.2,0.263,0.281,0.564,0.524,12.6,24,0.492,13.5,77.6,19805,19805,0.469,0.443,13.5,12.8,0.719,0.716,0.255,0.295,0.159,0.164,0.116,0.104,0.191,0.153,0.281,0.284,0.5,0.483,0.644,0.596,0.429,0.369,0.391,0.416,0.431,0.432,0.391,0.344,0.525,0.508,0.047,0.054,292,326,0.215,0.252,864,916,0.874,0.832,0.268,0.244,0.433,0.332,12,0
Team Data,2016-17,2017,https://www.basketball-reference.com/leagues/NBA_2017.html,Western,TRUE,Houston Rockets,3,55,27,0.671,HOU,https://www.basketball-reference.com/teams/HOU/2017.html,1610612745,https://stats.nba.com/media/img/teams/logos/HOU_logo.svg,12,115.3,109.6,5.84,Southwest Division,6,115.3,109.6,5.84,82,241.2,241.2,40.3,41.2,87.2,88.9,0.462,0.463,14.4,10,40.3,29.1,0.357,0.343,25.9,31.2,46.9,59.7,0.552,0.522,20.3,17.3,26.5,22.2,0.766,0.778,10.9,10.7,33.5,33.4,44.4,44.1,25.2,24.1,8.2,8.5,4.3,5,15.1,15.1,19.9,20.4,115.3,109.6,19780,19780,3305,3375,7152,7286,0.462,0.463,1181,820,3306,2389,0.357,2124,2555,3846,4897,0.552,1667,1415,2177,1819,0.766,0.778,892,878,2746,2735,3638,3613,2070,1979,670,697,352,409,1240,1235,1634,1674,9458,8985,19780,19780,40.1,40.9,86.8,88.4,0.462,0.463,14.3,9.9,40.1,29,0.357,25.8,31,46.7,59.4,0.552,20.2,17.2,26.4,22.1,0.766,0.778,10.8,10.7,33.3,33.2,44.1,43.8,25.1,24,8.1,8.5,4.3,5,15,15,19.8,20.3,114.7,109,55,27,5.77,0.233,0.194,Toyota Center,695903,16973,27.4,0.08,5.84,114.7,109,100,0.304,0.462,0.583,0.545,13.3,24.6,0.519,13.2,75.8,19780,19780,0.462,0.463,14.4,13.4,0.538,0.672,0.321,0.292,0.125,0.164,0.041,0.079,0.05,0.137,0.462,0.328,0.552,0.522,0.667,0.689,0.391,0.41,0.375,0.391,0.374,0.375,0.357,0.343,0.546,0.508,0.076,0.051,483,356,0.269,0.259,1146,1185,0.771,0.832,0.201,0.233,0.39,0.368,14,0
Team Data,2016-17,2017,https://www.basketball-reference.com/leagues/NBA_2017.html,Western,TRUE,Los Angeles Clippers,4,51,31,0.622,LAC,https://www.basketball-reference.com/teams/LAC/2017.html,1610612746,https://stats.nba.com/media/img/teams/logos/LAC_logo.svg,16,108.7,104.4,4.42,Pacific Division,16,108.7,104.4,4.42,82,240.9,240.9,39.5,38.6,83.2,85.4,0.475,0.452,10.3,9.2,27.4,26.3,0.375,0.35,29.3,29.4,55.8,59.1,0.525,0.497,19.3,18,26,23.4,0.745,0.772,9,10.2,34,32.9,43,43.1,22.5,23.1,7.5,7,4.2,3.1,13,13.2,19.8,22.4,108.7,104.4,19755,19755,3242,3163,6820,6999,0.475,0.452,841,753,2245,2154,0.375,2401,2410,4575,4845,0.525,1586,1480,2128,1917,0.745,0.772,738,837,2790,2700,3528,3537,1848,1891,612,577,347,258,1062,1084,1626,1835,8911,8559,19755,19755,41,40,86.3,88.5,0.475,0.452,10.6,9.5,28.4,27.2,0.375,30.4,30.5,57.9,61.3,0.525,20.1,18.7,26.9,24.2,0.745,0.772,9.3,10.6,35.3,34.1,44.6,44.7,23.4,23.9,7.7,7.3,4.4,3.3,13.4,13.7,20.6,23.2,112.7,108.2,52,30,4.29,0.233,0.211,STAPLES Center,782609,19088,30,0.13,4.42,112.7,108.2,96.1,0.312,0.329,0.574,0.537,12,21.5,0.506,12.1,76.9,19755,19755,0.475,0.452,14.3,13.7,0.671,0.692,0.275,0.261,0.118,0.154,0.081,0.119,0.197,0.159,0.329,0.308,0.525,0.498,0.661,0.659,0.419,0.428,0.423,0.404,0.439,0.369,0.375,0.349,0.494,0.525,0.067,0.052,414,338,0.223,0.224,879,920,0.786,0.829,0.198,0.219,0.423,0.378,17,2
Team Data,2016-17,2017,https://www.basketball-reference.com/leagues/NBA_2017.html,Western,TRUE,Utah Jazz,5,51,31,0.622,UTA,https://www.basketball-reference.com/teams/UTA/2017.html,1610612762,https://stats.nba.com/media/img/teams/logos/UTA_logo.svg,16,100.7,96.8,4,Northwest Division,0,100.7,96.8,4,82,240.9,240.9,37,36.3,79.5,82,0.466,0.443,9.6,8.2,26,22.9,0.372,0.358,27.3,28.1,53.5,59.1,0.511,0.476,17.1,16,22.9,20.7,0.747,0.769,9.4,9,33.8,31.1,43.2,40.2,20.1,17.8,6.7,7.3,5,3.8,13.6,12.1,18.8,20.2,100.7,96.8,19755,19755,3033,2978,6515,6723,0.466,0.443,791,671,2128,1874,0.372,2242,2307,4387,4849,0.511,1401,1308,1875,1701,0.747,0.769,771,742,2774,2554,3545,3296,1651,1463,550,598,410,312,1118,995,1545,1655,8258,7935,19755,19755,40.2,39.5,86.5,89.2,0.466,0.443,10.5,8.9,28.2,24.9,0.372,29.8,30.6,58.2,64.3,0.511,18.6,17.4,24.9,22.6,0.747,0.769,10.2,9.8,36.8,33.9,47,43.7,21.9,19.4,7.3,7.9,5.4,4.1,14.8,13.2,20.5,22,109.6,105.3,52,30,3.94,0.215,0.195,Vivint Smart Home Arena,806142,19662,26.8,0.06,4,109.6,105.3,91.6,0.288,0.327,0.563,0.526,13.2,23.2,0.493,11.8,78.9,19755,19755,0.466,0.443,13.1,12.8,0.673,0.721,0.297,0.293,0.152,0.163,0.105,0.112,0.118,0.153,0.327,0.279,0.511,0.476,0.651,0.595,0.413,0.391,0.427,0.381,0.363,0.406,0.372,0.358,0.454,0.409,0.069,0.049,416,288,0.233,0.244,870,883,0.799,0.775,0.28,0.19,0.385,0.385,14,1
Team Data,2016-17,2017,https://www.basketball-reference.com/leagues/NBA_2017.html,Western,TRUE,Oklahoma City Thunder,6,47,35,0.573,OKC,https://www.basketball-reference.com/teams/OKC/2017.html,1610612760,https://stats.nba.com/media/img/teams/logos/OKC_logo.svg,20,106.6,105.8,1.14,Northwest Division,4,106.6,105.8,1.14,82,241.5,241.5,39.5,39.2,87.4,85.3,0.452,0.459,8.4,8.8,25.8,24.8,0.327,0.356,31,30.4,61.6,60.5,0.504,0.502,19.2,18.6,25.8,24.3,0.745,0.764,12.2,9.1,34.4,31.5,46.6,40.6,21,21.4,7.9,8.5,5,5.5,15,13.8,20.9,20.7,106.6,105.8,19805,19805,3237,3215,7169,6998,0.452,0.459,692,724,2116,2036,0.327,2545,2491,5053,4962,0.504,1575,1525,2113,1996,0.745,0.764,1002,750,2821,2583,3823,3333,1721,1758,648,698,408,450,1230,1129,1715,1697,8741,8679,19805,19805,40.1,39.8,88.8,86.7,0.452,0.459,8.6,9,26.2,25.2,0.327,31.5,30.9,62.6,61.5,0.504,19.5,18.9,26.2,24.7,0.745,0.764,12.4,9.3,34.9,32,47.4,41.3,21.3,21.8,8,8.6,5.1,5.6,15.2,14,21.2,21,108.3,107.5,43,39,0.76,0.22,0.218,Chesapeake Energy Arena,746323,18203,24.7,0.39,1.14,108.3,107.5,97.8,0.295,0.295,0.54,0.5,13.2,27.9,0.511,12.5,79,19805,19805,0.452,0.459,12.1,12.2,0.705,0.709,0.346,0.321,0.146,0.172,0.104,0.102,0.109,0.113,0.295,0.291,0.504,0.502,0.614,0.622,0.418,0.414,0.391,0.409,0.379,0.382,0.327,0.356,0.466,0.462,0.063,0.052,401,314,0.285,0.276,1129,1109,0.773,0.834,0.252,0.23,0.345,0.392,19,2
Team Data,2016-17,2017,https://www.basketball-reference.com/leagues/NBA_2017.html,Western,TRUE,Memphis Grizzlies,7,43,39,0.524,MEM,https://www.basketball-reference.com/teams/MEM/2017.html,1610612763,https://stats.nba.com/media/img/teams/logos/MEM_logo.svg,24,100.5,100,0.96,Southwest Division,18,100.5,100,0.96,82,242.7,242.7,36.4,34.9,83.6,78.8,0.435,0.443,9.4,9.9,26.5,28,0.354,0.354,27,25,57.1,50.8,0.473,0.492,18.3,20.2,23.4,26.9,0.784,0.753,10.8,9.3,32,32.8,42.8,42.1,21.3,20.1,8,7,4.2,5,12.9,14.3,22.4,20.8,100.5,100,19905,19905,2984,2864,6854,6465,0.435,0.443,767,813,2169,2299,0.354,2217,2051,4685,4166,0.473,1504,1658,1918,2202,0.784,0.753,886,761,2621,2692,3507,3453,1744,1645,653,574,344,410,1059,1171,1840,1708,8239,8199,19905,19905,39,37.4,89.6,84.5,0.435,0.443,10,10.6,28.3,30,0.354,29,26.8,61.2,54.4,0.473,19.7,21.7,25.1,28.8,0.784,0.753,11.6,9.9,34.3,35.2,45.8,45.1,22.8,21.5,8.5,7.5,4.5,5.4,13.8,15.3,24,22.3,107.7,107.1,42,40,0.49,0.219,0.256,FedEx Forum,677314,16520,29.5,0.47,0.96,107.7,107.1,92.3,0.28,0.316,0.535,0.491,12.1,24.8,0.506,13.6,77.5,19905,19905,0.435,0.443,13.5,14.1,0.684,0.644,0.288,0.275,0.158,0.144,0.092,0.089,0.144,0.136,0.316,0.356,0.473,0.492,0.58,0.622,0.416,0.417,0.385,0.382,0.38,0.381,0.354,0.354,0.504,0.476,0.033,0.043,203,248,0.267,0.246,979,897,0.811,0.82,0.192,0.243,0.409,0.398,31,0
Team Data,2016-17,2017,https://www.basketball-reference.com/leagues/NBA_2017.html,Western,TRUE,Portland Trail Blazers,8,41,41,0.5,POR,https://www.basketball-reference.com/teams/POR/2017.html,1610612757,https://stats.nba.com/media/img/teams/logos/POR_logo.svg,26,107.9,108.5,-0.23,Northwest Division,10,107.9,108.5,-0.23,82,243,243,39.5,39.2,86.1,86.2,0.459,0.455,10.4,9.3,27.7,25.1,0.375,0.37,29.2,29.9,58.4,61.1,0.499,0.489,18.5,20.8,23.7,26.5,0.78,0.785,10.1,10.1,33.5,33.9,43.7,44,21.1,20.6,7,7.7,5,5.3,13.7,12.8,21.2,19.8,107.9,108.5,19930,19930,3243,3213,7059,7069,0.459,0.455,852,762,2272,2058,0.375,2391,2451,4787,5011,0.499,1513,1706,1940,2173,0.78,0.785,830,830,2750,2778,3580,3608,1733,1688,574,633,408,431,1126,1052,1736,1624,8851,8894,19930,19930,40.4,40,87.9,88.1,0.459,0.455,10.6,9.5,28.3,25.6,0.375,29.8,30.5,59.6,62.4,0.499,18.8,21.3,24.2,27.1,0.78,0.785,10.3,10.3,34.3,34.6,44.6,44.9,21.6,21,7.2,7.9,5.1,5.4,14,13.1,21.6,20.2,110.3,110.8,40,42,-0.52,0.214,0.241,Moda Center,792029,19318,24.8,0.3,-0.23,110.3,110.8,96.7,0.275,0.322,0.559,0.52,12.5,23,0.508,11.6,76.8,19930,19930,0.459,0.455,13.4,13.2,0.678,0.709,0.299,0.28,0.141,0.165,0.091,0.109,0.148,0.155,0.322,0.291,0.499,0.489,0.596,0.584,0.418,0.431,0.441,0.443,0.417,0.412,0.375,0.37,0.444,0.44,0.048,0.039,306,241,0.247,0.24,935,909,0.789,0.801,0.199,0.199,0.375,0.369,18,0
Team Data,2016-17,2017,https://www.basketball-reference.com/leagues/NBA_2017.html,Western,FALSE,Denver Nuggets,9,40,42,0.488,DEN,https://www.basketball-reference.com/teams/DEN/2017.html,1610610027,https://stats.nba.com/media/img/teams/logos/NBA_logo.svg,27,111.7,111.2,0.7,Northwest Division,11,111.7,111.2,0.7,82,240.9,240.9,41.2,42.1,87.7,88.4,0.469,0.477,10.6,9.9,28.8,26.3,0.368,0.375,30.6,32.3,58.9,62.1,0.519,0.519,18.7,17.1,24.2,21.9,0.774,0.782,11.8,9.4,34.6,31.4,46.4,40.8,25.3,24,6.9,8.3,3.9,4.9,15,12,19.1,20.2,111.7,111.2,19755,19755,3377,3454,7194,7248,0.469,0.477,870,808,2365,2153,0.368,2507,2646,4829,5095,0.519,1537,1403,1986,1794,0.774,0.782,966,770,2837,2576,3803,3346,2077,1972,568,681,323,404,1226,982,1567,1653,9161,9119,19755,19755,41.7,42.7,88.9,89.6,0.469,0.477,10.8,10,29.2,26.6,0.368,31,32.7,59.7,63,0.519,19,17.3,24.5,22.2,0.774,0.782,11.9,9.5,35.1,31.8,47,41.4,25.7,24.4,7,8.4,4,5,15.2,12.1,19.4,20.4,113.2,112.7,42,40,0.51,0.214,0.194,Pepsi Center,605585,14672,25.2,0.19,0.7,113.2,112.7,98.3,0.276,0.329,0.568,0.53,13.2,27.3,0.532,10.9,78.7,19755,19755,0.469,0.477,12.8,13.2,0.671,0.703,0.33,0.29,0.156,0.149,0.078,0.103,0.108,0.16,0.329,0.297,0.519,0.519,0.627,0.641,0.441,0.463,0.386,0.446,0.397,0.399,0.368,0.375,0.526,0.494,0.053,0.052,347,350,0.283,0.245,1156,1032,0.87,0.823,0.192,0.222,0.387,0.404,19,0
Team Data,2016-17,2017,https://www.basketball-reference.com/leagues/NBA_2017.html,Western,FALSE,New Orleans Pelicans,10,34,48,0.415,NOP,https://www.basketball-reference.com/teams/NOP/2017.html,1610612740,https://stats.nba.com/media/img/teams/logos/NOP_logo.svg,33,104.3,106.4,-1.69,Southwest Division,27,104.3,106.4,-1.69,82,242.7,242.7,39.1,40.1,87,89,0.45,0.45,9.4,10.5,26.8,29.8,0.35,0.353,29.8,29.5,60.2,59.2,0.495,0.499,16.7,15.8,22.3,20.7,0.75,0.762,8.6,10.6,35.1,37.7,43.7,48.3,22.8,23.4,7.8,7.4,5.5,4.2,12.9,14,18.2,19.3,104.3,106.4,19905,19905,3210,3286,7130,7299,0.45,0.45,768,863,2196,2445,0.35,2442,2423,4934,4854,0.495,1368,1293,1825,1697,0.75,0.762,703,872,2879,3091,3582,3963,1869,1921,638,603,453,348,1054,1144,1490,1581,8556,8728,19905,19905,39.5,40.4,87.7,89.8,0.45,0.45,9.4,10.6,27,30.1,0.35,30,29.8,60.7,59.7,0.495,16.8,15.9,22.4,20.9,0.75,0.762,8.6,10.7,35.4,38,44.1,48.7,23,23.6,7.8,7.4,5.6,4.3,13,14.1,18.3,19.4,105.2,107.4,35,47,-2.1,0.192,0.177,Smoothie King Center,663099,16173,25.7,0.41,-1.69,105.2,107.4,98,0.256,0.308,0.539,0.504,11.7,18.5,0.509,12.4,76.8,19905,19905,0.45,0.45,13.3,13.6,0.692,0.665,0.279,0.289,0.17,0.145,0.094,0.1,0.149,0.13,0.308,0.335,0.495,0.499,0.627,0.644,0.417,0.379,0.427,0.398,0.38,0.39,0.35,0.353,0.503,0.499,0.048,0.056,313,381,0.243,0.243,988,1021,0.833,0.824,0.219,0.215,0.373,0.371,11,0
Team Data,2016-17,2017,https://www.basketball-reference.com/leagues/NBA_2017.html,Western,FALSE,Dallas Mavericks,11,33,49,0.402,DAL,https://www.basketball-reference.com/teams/DAL/2017.html,1610612742,https://stats.nba.com/media/img/teams/logos/DAL_logo.svg,34,97.9,100.8,-2.53,Southwest Division,28,97.9,100.8,-2.53,82,241.2,241.2,36.2,37,82.3,79,0.44,0.469,10.7,9.6,30.2,25.3,0.355,0.38,25.5,27.4,52.2,53.7,0.489,0.51,14.8,17.2,18.5,22.3,0.801,0.772,7.9,8.9,30.7,35.6,38.6,44.5,20.8,21.3,7.5,6.5,3.7,3.4,11.9,14.9,19.1,19.4,97.9,100.8,19780,19780,2968,3035,6750,6477,0.44,0.469,878,788,2473,2074,0.355,2090,2247,4277,4403,0.489,1215,1411,1516,1827,0.801,0.772,647,727,2516,2923,3163,3650,1705,1743,614,535,307,280,972,1225,1567,1591,8029,8269,19780,19780,39,39.9,88.8,85.2,0.44,0.469,11.6,10.4,32.5,27.3,0.355,27.5,29.6,56.3,57.9,0.489,16,18.6,19.9,24,0.801,0.772,8.5,9.6,33.1,38.5,41.6,48,22.4,22.9,8.1,7,4,3.7,12.8,16.1,20.6,20.9,105.6,108.8,33,49,-2.93,0.18,0.218,American Airlines Center,811366,19789,27.6,0.4,-2.53,105.6,108.8,92.2,0.225,0.366,0.541,0.505,11.6,18.1,0.529,14.4,77.6,19780,19780,0.44,0.469,15.4,13.7,0.634,0.68,0.201,0.261,0.127,0.155,0.116,0.105,0.189,0.159,0.366,0.32,0.489,0.51,0.637,0.671,0.444,0.433,0.441,0.416,0.391,0.387,0.355,0.38,0.474,0.491,0.04,0.048,237,277,0.167,0.216,650,865,0.813,0.807,0.196,0.257,0.371,0.417,17,0
Team Data,2016-17,2017,https://www.basketball-reference.com/leagues/NBA_2017.html,Western,FALSE,Sacramento Kings,12,32,50,0.39,SAC,https://www.basketball-reference.com/teams/SAC/2017.html,1610612758,https://stats.nba.com/media/img/teams/logos/SAC_logo.svg,35,102.8,106.7,-3.29,Pacific Division,35,102.8,106.7,-3.29,82,242.4,242.4,37.9,38.5,82.1,83.2,0.461,0.462,9,10.9,23.9,30,0.376,0.364,28.9,27.5,58.2,53.2,0.496,0.517,18.1,18.9,23.3,24.2,0.775,0.778,8.7,10.1,32.3,32.8,41.1,42.9,22.5,23.7,7.6,8.5,4,5.1,14.6,14,20.3,20.1,102.8,106.7,19880,19880,3105,3153,6734,6824,0.461,0.462,737,896,1960,2462,0.376,2368,2257,4774,4362,0.496,1483,1546,1913,1988,0.775,0.778,715,826,2652,2689,3367,3515,1844,1941,627,694,324,420,1201,1145,1667,1646,8430,8748,19880,19880,39.5,40.1,85.7,86.8,0.461,0.462,9.4,11.4,24.9,31.3,0.376,30.1,28.7,60.8,55.5,0.496,18.9,19.7,24.3,25.3,0.775,0.778,9.1,10.5,33.7,34.2,42.8,44.7,23.5,24.7,8,8.8,4.1,5.3,15.3,14.6,21.2,20.9,107.3,111.3,31,51,-3.88,0.22,0.227,Golden 1 Center,721928,17608,27.8,0.58,-3.29,107.3,111.3,94.9,0.284,0.291,0.556,0.516,13.7,21,0.528,12.9,76.3,19880,19880,0.461,0.462,13.1,14.2,0.709,0.639,0.258,0.24,0.195,0.173,0.1,0.087,0.155,0.14,0.291,0.361,0.496,0.517,0.642,0.678,0.421,0.448,0.412,0.413,0.402,0.391,0.376,0.364,0.506,0.526,0.051,0.055,309,337,0.251,0.221,973,907,0.875,0.839,0.237,0.23,0.416,0.416,18,0
Team Data,2016-17,2017,https://www.basketball-reference.com/leagues/NBA_2017.html,Western,FALSE,Minnesota Timberwolves,13,31,51,0.378,MIN,https://www.basketball-reference.com/teams/MIN/2017.html,1610612750,https://stats.nba.com/media/img/teams/logos/MIN_logo.svg,36,105.6,106.7,-0.64,Northwest Division,20,105.6,106.7,-0.64,82,241.5,241.5,39.5,39.6,84.4,83.3,0.467,0.475,7.3,9.9,21,27,0.349,0.366,32.1,29.7,63.4,56.3,0.507,0.528,19.3,17.6,24.2,22.9,0.799,0.768,11.4,9.8,31,30.6,42.4,40.4,23.7,23.1,8,7.7,4.5,5,14,14.3,20.1,20.5,105.6,106.7,19805,19805,3235,3246,6922,6829,0.467,0.475,601,811,1723,2213,0.349,2634,2435,5199,4616,0.507,1586,1445,1986,1881,0.799,0.768,938,806,2540,2508,3478,3314,1940,1896,654,629,370,413,1150,1169,1646,1681,8657,8748,19805,19805,41.4,41.6,88.6,87.4,0.467,0.475,7.7,10.4,22.1,28.3,0.349,33.7,31.2,66.6,59.1,0.507,20.3,18.5,25.4,24.1,0.799,0.768,12,10.3,32.5,32.1,44.5,42.4,24.8,24.3,8.4,8.1,4.7,5.3,14.7,15,21.1,21.5,110.8,112,38,44,-1.11,0.229,0.212,Target Center,607203,14810,24,0.47,-0.64,110.8,112,94.6,0.287,0.249,0.555,0.511,12.9,27.2,0.535,13.2,75.9,19805,19805,0.467,0.475,12.4,13.1,0.751,0.676,0.304,0.315,0.164,0.141,0.097,0.088,0.186,0.132,0.249,0.324,0.507,0.528,0.645,0.661,0.437,0.434,0.392,0.398,0.402,0.394,0.349,0.366,0.535,0.494,0.059,0.063,382,407,0.25,0.264,991,1048,0.884,0.853,0.267,0.22,0.393,0.413,11,0
Team Data,2016-17,2017,https://www.basketball-reference.com/leagues/NBA_2017.html,Western,FALSE,Los Angeles Lakers,14,26,56,0.317,LAL,https://www.basketball-reference.com/teams/LAL/2017.html,1610612747,https://stats.nba.com/media/img/teams/logos/LAL_logo.svg,41,104.6,111.5,-6.29,Pacific Division,41,104.6,111.5,-6.29,82,240.3,240.3,39.3,41.5,87.4,86,0.45,0.483,8.9,10.1,25.7,27.4,0.346,0.37,30.4,31.4,61.6,58.6,0.493,0.536,17,18.3,22.6,24,0.754,0.762,11.4,10.3,32.1,34.2,43.5,44.4,20.9,25.7,8.2,8.5,3.9,5.4,15.2,14.5,20.7,18.5,104.6,111.5,19705,19705,3224,3405,7164,7053,0.45,0.483,730,830,2110,2245,0.346,2494,2575,5054,4808,0.493,1397,1499,1853,1966,0.754,0.762,933,843,2636,2801,3569,3644,1716,2110,674,698,320,440,1243,1188,1698,1520,8575,9139,19705,19705,39.9,42.1,88.6,87.2,0.45,0.483,9,10.3,26.1,27.8,0.346,30.8,31.8,62.5,59.4,0.493,17.3,18.5,22.9,24.3,0.754,0.762,11.5,10.4,32.6,34.6,44.1,45.1,21.2,26.1,8.3,8.6,4,5.4,15.4,14.7,21,18.8,106,113,24,58,-6.88,0.195,0.213,STAPLES Center,776917,18949,25.1,0.58,-6.29,106,113,98.5,0.259,0.295,0.537,0.501,13.5,25,0.542,13,75.8,19705,19705,0.45,0.483,12.6,13.3,0.705,0.682,0.299,0.301,0.187,0.145,0.103,0.088,0.118,0.148,0.295,0.318,0.493,0.536,0.633,0.68,0.397,0.434,0.379,0.403,0.39,0.42,0.346,0.37,0.462,0.544,0.056,0.07,358,454,0.25,0.241,1006,1033,0.771,0.853,0.217,0.215,0.368,0.382,16,1
Team Data,2016-17,2017,https://www.basketball-reference.com/leagues/NBA_2017.html,Western,FALSE,Phoenix Suns,15,24,58,0.293,PHO,https://www.basketball-reference.com/teams/PHO/2017.html,1610612756,https://stats.nba.com/media/img/teams/logos/PHX_logo.svg,43,107.7,113.3,-5.14,Pacific Division,43,107.7,113.3,-5.14,82,241.8,241.8,39.9,40.2,88.5,86.2,0.45,0.467,7.5,10.1,22.6,26.3,0.332,0.382,32.4,30.2,65.9,59.9,0.491,0.504,20.4,22.8,26.3,29.1,0.776,0.783,11.9,10.2,33.1,33.8,45,44,19.6,22.2,8.2,8.1,4.9,5.3,15.4,14.9,24.8,22.2,107.7,113.3,19830,19830,3270,3300,7260,7070,0.45,0.467,615,825,1854,2159,0.332,2655,2475,5406,4911,0.491,1676,1868,2159,2387,0.776,0.783,976,840,2712,2772,3688,3612,1604,1818,673,663,399,435,1265,1222,2030,1822,8831,9293,19830,19830,39.5,39.8,87.6,85.3,0.45,0.467,7.4,10,22.4,26.1,0.332,32,29.9,65.3,59.3,0.491,20.2,22.5,26.1,28.8,0.776,0.783,11.8,10.1,32.7,33.5,44.5,43.6,19.4,21.9,8.1,8,4.8,5.3,15.3,14.7,24.5,22,106.6,112.2,27,55,-5.63,0.231,0.264,Talking Stick Resort Arena,708639,17134,25,0.49,-5.14,106.6,112.2,100.3,0.297,0.255,0.538,0.493,13.4,26,0.525,13.1,76.4,19830,19830,0.45,0.467,12.5,13.2,0.745,0.695,0.306,0.305,0.154,0.135,0.12,0.105,0.165,0.149,0.255,0.305,0.491,0.504,0.629,0.629,0.412,0.392,0.402,0.428,0.374,0.407,0.332,0.382,0.421,0.465,0.057,0.052,358,326,0.258,0.259,1066,1047,0.789,0.807,0.269,0.211,0.329,0.458,20,0
