season,id,name,slug,rank,orapm,drapm,rapm
2015,201575,Brandon Rush,"",1,2.00669933079556,2.49911579342318,4.50581512421874
2015,202083,Wesley Matthews,DAL,2,2.63628780080001,1.06336587688588,3.69965367768589
2015,202704,Reggie Jackson,DET,3,2.95312517585095,0.60829442220798,3.56141959805893
2015,202681,Kyrie Irving,BOS,4,1.97697008950992,1.08847424544639,3.06544433495631
2015,101108,Chris Paul,HOU,5,3.02459256364704,-0.0993808181489814,2.92521174549806
2015,202388,Donald Sloan,"",6,2.08497470242523,0.829898285214872,2.9148729876401
2015,204456,T.J. McConnell,PHI,7,2.44375291665453,0.465967485080785,2.90972040173531
2015,203141,Mirza Teletovic,"",8,1.82440645221083,1.03355343183907,2.8579598840499
2015,201950,Jrue Holiday,NOP,9,2.16009754709274,0.667257655563419,2.82735520265616
2015,977,Kobe Bryant,"",10,1.28800301669735,1.52263521597635,2.81063823267371
2015,202685,Jonas Valanciunas,TOR,11,1.97249084700143,0.79109724367385,2.76358809067528
2015,203110,Draymond Green,GSW,12,3.65290179701152,-1.05976940649708,2.59313239051444
2015,201144,Mike Conley,MEM,13,2.55224028969392,0.0383860359867168,2.59062632568064
2015,101138,Brandon Bass,"",14,2.82420233947587,-0.300368377979131,2.52383396149674
2015,2544,LeBron James,LAL,15,3.13693739081855,-0.715752740389932,2.42118465042861
2015,203084,Harrison Barnes,DAL,16,2.43443633044968,-0.0390526099768101,2.39538372047286
2015,2225,Tony Parker,CHA,17,2.45115380003233,-0.165783891157062,2.28536990887527
2015,201142,Kevin Durant,GSW,18,2.68446192739323,-0.483181415395575,2.20128051199765
2015,202738,Isaiah Thomas,DEN,19,1.95798578387944,0.184896641557976,2.14288242543741
2015,2546,Carmelo Anthony,HOU,20,1.56116866450475,0.540234063148978,2.10140272765373
2015,101123,Gerald Green,HOU,21,2.06173821085912,0.0395787970107764,2.10131700786989
2015,202703,Nikola Mirotic,NOP,22,2.23513762927571,-0.149699945242146,2.08543768403356
2015,203499,Shane Larkin,"",23,1.26873999144311,0.774099816585806,2.04283980802892
2015,202691,Klay Thompson,GSW,24,2.11816965752817,-0.153143232234779,1.96502642529339
2015,203081,Damian Lillard,POR,25,0.907677557178329,1.03679504423125,1.94447260140957
2015,101112,Channing Frye,CLE,26,1.90313469268295,0.0173665782692216,1.92050127095217
2015,2403,Nene,HOU,27,1.72214199516088,0.189674701403949,1.91181669656483
2015,203095,Evan Fournier,ORL,28,1.12190366533649,0.767714650705624,1.88961831604212
2015,200755,JJ Redick,PHI,29,2.07989372666697,-0.190617296666506,1.88927643000046
2015,201942,DeMar DeRozan,SAS,30,1.41249001619599,0.471965040658535,1.88445505685452
2015,201935,James Harden,HOU,31,1.55543040190079,0.326404617473448,1.88183501937424
2015,2747,JR Smith,"",32,1.21272763399335,0.643895637649114,1.85662327164246
2015,202322,John Wall,WAS,33,1.59990099109587,0.217251374687351,1.81715236578322
2015,201567,Kevin Love,CLE,34,1.80387248762422,4.20492134262432e-05,1.80391453683764
2015,201962,Toney Douglas,"",35,1.00602446447658,0.797564524756501,1.80358898923308
2015,201569,Eric Gordon,HOU,36,1.80140027455628,-0.0159859408116842,1.78541433374459
2015,201937,Ricky Rubio,UTA,37,2.27274041324674,-0.511083760767749,1.76165665247899
2015,201939,Stephen Curry,GSW,38,2.63279911749132,-0.878608674447916,1.7541904430434
2015,202688,Brandon Knight,HOU,39,0.549332345320485,1.16100073238492,1.7103330777054
2015,200746,LaMarcus Aldridge,SAS,40,1.5145676637308,0.186833694730472,1.70140135846127
2015,201167,Arron Afflalo,"",41,0.821059380478584,0.878648004952032,1.69970738543062
2015,202498,Lance Thomas,NYK,42,1.73257268909251,-0.0994748761989682,1.63309781289354
2015,203078,Bradley Beal,WAS,43,0.570394952265423,1.05905239954851,1.62944735181393
2015,203079,Dion Waiters,MIA,44,1.75693654304156,-0.138542634412547,1.61839390862901
2015,203476,Gorgui Dieng,MIN,45,2.10373709085886,-0.495251435305497,1.60848565555336
2015,202335,Patrick Patterson,OKC,46,2.2142282057872,-0.61675250103299,1.59747570475421
2015,1626161,Willie Cauley-Stein,SAC,47,2.05222892490807,-0.470289304837007,1.58193962007106
2015,101181,Jose Calderon,DET,48,0.978126574708802,0.592758018743174,1.57088459345198
2015,203462,Archie Goodwin,"",49,-0.28685293574549,1.84173187916862,1.55487894342313
2015,203382,Aron Baynes,BOS,50,-0.0790396626137496,1.60816282779195,1.5291231651782
2015,202694,Marcus Morris,BOS,51,1.30281235529496,0.205174004229479,1.50798635952444
2015,203903,Jordan Clarkson,CLE,52,0.362802627186815,1.14261324541791,1.50541587260473
2015,1891,Jason Terry,"",53,0.91319679115695,0.516661978075647,1.4298587692326
2015,202340,Avery Bradley,LAC,54,1.46620628839708,-0.0840263757827419,1.38217991261434
2015,1626164,Devin Booker,PHX,55,0.609829146369206,0.761859961686692,1.3716891080559
2015,202695,Kawhi Leonard,TOR,56,2.50187789183675,-1.13709634159573,1.36478155024102
2015,1626171,Bobby Portis,CHI,57,0.230663921629807,1.11225477682397,1.34291869845378
2015,203490,Otto Porter Jr.,WAS,58,0.963277317094274,0.369965355840353,1.33324267293463
2015,200826,J.J. Barea,DAL,59,0.500153255776357,0.829993435527912,1.33014669130427
2015,200752,Rudy Gay,SAS,60,0.500803667749791,0.736052121634792,1.23685578938458
2015,203486,Mason Plumlee,DEN,61,0.556864360944384,0.623715813749928,1.18058017469431
2015,203506,Victor Oladipo,IND,62,1.88322982575928,-0.704842274773983,1.1783875509853
2015,101150,Lou Williams,LAC,63,0.100619481257887,1.05907331394028,1.15969279519817
2015,203952,Andrew Wiggins,MIN,64,0.829695335547611,0.309626132538645,1.13932146808626
2015,2207,Joe Johnson,"",65,0.887601924101359,0.249171190226197,1.13677311432756
2015,203933,T.J. Warren,PHX,66,0.214227523629717,0.914144907360192,1.12837243098991
2015,1626144,Emmanuel Mudiay,NYK,67,0.467782157008005,0.657991696713167,1.12577385372117
2015,2755,Kevin Martin,"",68,-0.346024470375189,1.43910113995119,1.093076669576
2015,101141,Ersan Ilyasova,MIL,69,-1.17453556703213,2.2567673545009,1.08223178746877
2015,101162,Marcin Gortat,LAC,70,0.858289142810586,0.204616677524533,1.06290582033512
2015,202696,Nikola Vucevic,ORL,71,0.310581977316091,0.749078227229765,1.05966020454586
2015,202330,Gordon Hayward,BOS,72,0.993299809222789,0.0533400785673315,1.04663988779012
2015,201566,Russell Westbrook,OKC,73,1.77313136324441,-0.728614959715031,1.04451640352937
2015,203463,Ben McLemore,SAC,74,0.866075832078698,0.156334738975211,1.02241057105391
2015,201583,Ryan Anderson,PHX,75,0.365942982604834,0.63298981984987,0.998932802454704
2015,201143,Al Horford,BOS,76,1.57507904919973,-0.577545191639735,0.997533857559998
2015,203086,Meyers Leonard,POR,77,1.05665391043505,-0.0643748691462144,0.992279041288835
2015,203521,Matthew Dellavedova,CLE,78,1.38565788086743,-0.403897083982386,0.98176079688504
2015,2571,Leandro Barbosa,"",79,0.755171187055266,0.20526305865618,0.960434245711447
2015,200768,Kyle Lowry,TOR,80,1.72571424537509,-0.765663787088981,0.960050458286106
2015,203944,Julius Randle,NOP,81,-0.884973600574221,1.84074312056503,0.955769519990806
2015,202718,Chandler Parsons,MEM,82,1.39522799771623,-0.456095994941919,0.939132002774309
2015,202708,Norris Cole,"",83,0.222998853106758,0.715416964670805,0.938415817777563
2015,201588,George Hill,MIL,84,1.38714104041718,-0.470728548972095,0.916412491445085
2015,201584,Courtney Lee,NYK,85,1.12352852037537,-0.219473152816902,0.904055367558467
2015,2564,Boris Diaw,"",86,1.14142926861672,-0.298650914846814,0.842778353769909
2015,201571,D.J. Augustin,ORL,87,0.98127157375295,-0.151213322619107,0.830058251133843
2015,203459,Allen Crabbe,BKN,88,0.310282695557011,0.51874129013704,0.829023985694051
2015,201967,Dante Cunningham,SAS,89,-0.50374426558387,1.31864883941492,0.814904573831046
2015,203114,Khris Middleton,MIL,90,1.16903463739581,-0.355215733979772,0.813818903416038
2015,203076,Anthony Davis,NOP,91,-0.276051212312157,1.08074962179098,0.804698409478818
2015,2594,Kyle Korver,UTA,92,1.97054340192433,-1.18301231883765,0.787531083086679
2015,201577,Robin Lopez,CHI,93,-0.401914241394496,1.17604675202631,0.774132510631815
2015,201954,Darren Collison,IND,94,0.423693523517761,0.349259962910485,0.772953486428246
2015,1718,Paul Pierce,"",95,0.620669587884506,0.137290587055102,0.757960174939608
2015,202397,Ish Smith,DET,96,0.459902281116229,0.297504368694012,0.75740664981024
2015,202683,Enes Kanter,NYK,97,0.851746014842158,-0.0974636298118712,0.754282385030286
2015,203999,Nikola Jokic,DEN,98,0.609412598367598,0.0950855727075916,0.70449817107519
2015,201145,Jeff Green,WAS,99,1.0459324403679,-0.352948125941759,0.69298431442614
2015,201587,Nicolas Batum,CHA,100,1.28258733794182,-0.598865619617807,0.68372171832401
2015,201599,DeAndre Jordan,DAL,101,0.840334730794374,-0.158911541797409,0.681423188996966
2015,2419,Tayshaun Prince,"",102,0.994402388124744,-0.32647809899496,0.667924289129784
2015,202720,Jon Leuer,DET,103,0.757857986104288,-0.130696109439404,0.627161876664885
2015,203460,Andre Roberson,OKC,104,-0.0259226898445987,0.649241097336957,0.623318407492358
2015,201160,Jason Smith,MIL,105,0.477235509030494,0.136374778837856,0.61361028786835
2015,201980,Danny Green,TOR,106,1.58594886196691,-0.998767277168497,0.587181584798414
2015,202328,Greg Monroe,TOR,107,0.294557842207816,0.291131268221431,0.585689110429247
2015,201585,Kosta Koufos,SAC,108,-0.0426924989419152,0.611218726552777,0.568526227610862
2015,203914,Gary Harris,DEN,109,0.108206266771262,0.442998684644658,0.55120495141592
2015,203897,Zach LaVine,CHI,110,-0.566415375465821,1.08950064295422,0.523085267488403
2015,202682,Derrick Williams,"",111,-0.172116635190457,0.658295960772137,0.486179325581681
2015,203526,Raul Neto,UTA,112,1.32877357992278,-0.846642776213336,0.482130803709441
2015,203138,Hollis Thompson,"",113,0.43430934171815,0.0477863701113298,0.48209571182948
2015,2547,Chris Bosh,"",114,0.973975999227654,-0.4936138875635,0.480362111664154
2015,1717,Dirk Nowitzki,DAL,115,1.05524122066037,-0.597137417510786,0.458103803149583
2015,201977,Marcus Thornton,"",116,0.583147682150288,-0.15276089684447,0.430386785305818
2015,2216,Zach Randolph,SAC,117,0.106179982773927,0.321222245466209,0.427402228240136
2015,2561,David West,"",118,1.45630469181849,-1.04999525521037,0.406309436608113
2015,204060,Joe Ingles,UTA,119,0.0275540262953703,0.377365114535414,0.404919140830785
2015,2548,Dwyane Wade,MIA,120,-0.575283742950006,0.961240044780851,0.385956301830845
2015,203917,Nik Stauskas,POR,121,-0.698259993318295,1.08099328252768,0.382733289209383
2015,201956,Omri Casspi,MEM,122,0.708252005808935,-0.376992105748637,0.331259900060299
2015,202324,Derrick Favors,UTA,123,0.797432975319563,-0.482771080948801,0.314661894370761
2015,1626157,Karl-Anthony Towns,MIN,124,-0.14080985656023,0.439701781925459,0.298891925365228
2015,200794,Paul Millsap,DEN,125,0.666816226440274,-0.368547094545611,0.298269131894662
2015,200765,Rajon Rondo,LAL,126,-0.731153972568439,1.01530305857558,0.284149086007142
2015,202339,Eric Bledsoe,MIL,127,1.11951302378459,-0.841642934655163,0.27787008912943
2015,203937,Kyle Anderson,MEM,128,1.3330016668007,-1.0780372900413,0.254964376759408
2015,101109,Raymond Felton,OKC,129,0.330614499399836,-0.101285684479717,0.229328814920119
2015,201586,Serge Ibaka,TOR,130,0.0962609719086662,0.0734749015724374,0.169735873481104
2015,203115,Will Barton,DEN,131,-0.237261417754001,0.404496945045764,0.167235527291763
2015,203090,Maurice Harkless,POR,132,0.207947578571506,-0.0512340278645931,0.156713550706913
2015,1938,Manu Ginobili,"",133,1.57515587421325,-1.42403263839329,0.151123235819954
2015,201196,Ramon Sessions,"",134,-0.438609887734061,0.582505507372007,0.143895619637946
2015,201988,Patty Mills,SAS,135,0.761334032649492,-0.618119583394779,0.143214449254713
2015,203498,Shabazz Muhammad,"",136,-1.49326401296594,1.60485993083081,0.111595917864864
2015,101139,CJ Miles,TOR,137,0.291864848508796,-0.192409657404011,0.0994551911047852
2015,101107,Marvin Williams,CHA,138,0.693060005329607,-0.598849503795688,0.0942105015339193
2015,1626159,Justise Winslow,MIA,139,0.293378771395848,-0.205962745232916,0.0874160261629317
2015,201166,Aaron Brooks,"",140,0.476645473044847,-0.390714693075674,0.0859307799691731
2015,202702,Kenneth Faried,BKN,141,-0.60210713656178,0.683335820856728,0.0812286842949479
2015,201572,Brook Lopez,MIL,142,0.213595454774905,-0.153357033673103,0.0602384211018019
2015,203507,Giannis Antetokounmpo,MIL,143,-0.494762031944664,0.547754615436653,0.052992583491989
2015,204038,Langston Galloway,DET,144,-0.300040453071452,0.314544772839196,0.0145043197677437
2015,202697,Iman Shumpert,SAC,145,1.16166543528841,-1.18883280775391,-0.0271673724655044
2015,203469,Cody Zeller,CHA,146,0.531318632274446,-0.602178151879406,-0.0708595196049592
2015,202391,Jeremy Lin,ATL,147,0.692331019919732,-0.766028658532673,-0.0736976386129413
2015,201229,Anthony Tolliver,MIN,148,-0.999990638628984,0.919960640266244,-0.0800299983627402
2015,203468,CJ McCollum,POR,149,-0.0725964875080336,-0.0360760226493852,-0.108672510157419
2015,202331,Paul George,OKC,150,0.465218606470699,-0.619094751678951,-0.153876145208252
2015,201945,Gerald Henderson,"",151,-0.155423969910326,-0.00670867487592495,-0.162132644786251
2015,202710,Jimmy Butler,PHI,152,0.230221125804026,-0.402079417230652,-0.171858291426626
2015,202684,Tristan Thompson,CLE,153,-0.516111839779618,0.317443658386143,-0.198668181393475
2015,2037,Jamal Crawford,PHX,154,-0.058606106023077,-0.142619963456523,-0.2012260694796
2015,204001,Kristaps Porzingis,NYK,155,0.067593954266734,-0.278442001361531,-0.210848047094797
2015,2736,Luol Deng,MIN,156,-0.0616485743600281,-0.183743213098284,-0.245391787458312
2015,202326,DeMarcus Cousins,GSW,157,-0.637521128799389,0.390240858476761,-0.247280270322629
2015,203496,Robert Covington,MIN,158,-0.348156724089687,0.0941716010130276,-0.253985123076659
2015,202344,Trevor Booker,"",159,0.407839038890518,-0.675122406778755,-0.267283367888237
2015,200751,Randy Foye,"",160,0.411096350965563,-0.682373077538585,-0.271276726573022
2015,200782,PJ Tucker,HOU,161,-0.732121789086315,0.448449456879847,-0.283672332206468
2015,201596,Mario Chalmers,"",162,0.907320069640887,-1.1959308347042,-0.288610765063313
2015,203471,Dennis Schroder,OKC,163,0.606421034734062,-0.935640840212454,-0.329219805478392
2015,202689,Kemba Walker,CHA,164,-0.361089167918693,0.0194346547561221,-0.341654513162571
2015,1626163,Frank Kaminsky,CHA,165,-0.68975170883434,0.347360291994449,-0.342391416839891
2015,202699,Tobias Harris,LAC,166,-0.400747401280741,0.0486662156100247,-0.352081185670716
2015,201976,Patrick Beverley,LAC,167,0.192856933605825,-0.556474222218246,-0.363617288612421
2015,2772,Trevor Ariza,PHX,168,-0.802179549613433,0.425881660480967,-0.376297889132466
2015,201565,Derrick Rose,MIN,169,-1.14439450799332,0.738413004838428,-0.405981503154896
2015,203082,Terrence Ross,ORL,170,-0.0599352202992204,-0.367941464958718,-0.427876685257939
2015,1626156,D'Angelo Russell,BKN,171,-0.712804606035375,0.249032380244358,-0.463772225791017
2015,203085,Austin Rivers,WAS,172,0.394650437999595,-0.894143808779627,-0.499493370780032
2015,202362,Lance Stephenson,LAL,173,-0.546696278021352,0.0394315592785047,-0.507264718742848
2015,203926,Doug McDermott,IND,174,-0.714254875740408,0.193978959168372,-0.520275916572035
2015,2733,Shaun Livingston,GSW,175,0.314796352496555,-0.843218730597554,-0.528422378100999
2015,201188,Marc Gasol,MEM,176,-0.375486649500146,-0.15329364321995,-0.528780292720096
2015,201162,Jared Dudley,BKN,177,-0.0640919508643753,-0.481065976924666,-0.545157927789041
2015,203497,Rudy Gobert,UTA,178,0.120933240917368,-0.67961034349305,-0.558677102575682
2015,201579,Roy Hibbert,"",179,-1.88159740389882,1.31901789798505,-0.562579505913767
2015,201609,Goran Dragic,MIA,180,0.625867358757218,-1.21917120034492,-0.593303841587698
2015,202693,Markieff Morris,WAS,181,-1.36379324429907,0.745509725823753,-0.618283518475317
2015,201933,Blake Griffin,DET,182,-0.819970413727651,0.198608373837133,-0.621362039890517
2015,2585,Zaza Pachulia,DET,183,-1.07884305769275,0.422577796092338,-0.656265261600416
2015,201155,Rodney Stuckey,"",184,-0.581614458491093,-0.0977605234508565,-0.67937498194195
2015,2754,Tony Allen,"",185,-0.233017387591968,-0.459629741009233,-0.692647128601201
2015,2738,Andre Iguodala,GSW,186,-0.282542348930411,-0.411806717691808,-0.694349066622218
2015,203109,Jae Crowder,UTA,187,0.216397490316009,-0.913536909028513,-0.697139418712505
2015,2440,Matt Barnes,"",188,-0.77775531789921,0.0582034655957444,-0.719551852303466
2015,203918,Rodney Hood,CLE,189,-0.342047261024346,-0.378173908589212,-0.720221169613558
2015,101161,Amir Johnson,PHI,190,0.681895246859189,-1.41315698056654,-0.73126173370735
2015,203087,Jeremy Lamb,CHA,191,0.771681710333483,-1.5269361408006,-0.755254430467117
2015,203484,Kentavious Caldwell-Pope,LAL,192,-0.663224995922669,-0.102992887135486,-0.766217883058156
2015,101114,Deron Williams,"",193,-0.381821830739154,-0.390417866827865,-0.772239697567019
2015,201568,Danilo Gallinari,LAC,194,-0.998025725584738,0.215206630068909,-0.782819095515829
2015,202355,Hassan Whiteside,MIA,195,-0.393551424810384,-0.39857330951018,-0.792124734320564
2015,201601,Luc Mbah a Moute,LAC,196,0.144417298996557,-0.945640520245546,-0.801223221248988
2015,2210,Richard Jefferson,"",197,-1.03939018231117,0.12929056389044,-0.910099618420725
2015,1626209,Mario Hezonja,NYK,198,-0.508827090180861,-0.404480921643222,-0.913308011824083
2015,203960,JaKarr Sampson,"",199,-0.588583608120294,-0.336005156331385,-0.92458876445168
2015,202730,Lavoy Allen,"",200,-0.164495631266983,-0.774698215051224,-0.939193846318207
2015,202329,Al-Farouq Aminu,POR,201,-0.998965518620705,0.0375636788251269,-0.961401839795578
2015,201959,Taj Gibson,MIN,202,-0.713715362104645,-0.253952106719369,-0.967667468824014
2015,1626168,Trey Lyles,DEN,203,-1.25200144108448,0.277763088296996,-0.974238352787485
2015,101133,Ian Mahinmi,WAS,204,-0.2329582005781,-0.791020454498355,-1.02397865507646
2015,202325,Wesley Johnson,NOP,205,-0.0947029395269834,-0.935214200807788,-1.02991714033477
2015,2449,Luis Scola,"",206,-0.954330913202924,-0.0897956372279544,-1.04412655043088
2015,202087,Alonzo Gee,"",207,-0.618921907836159,-0.438144614369235,-1.05706652220539
2015,202334,Ed Davis,BKN,208,-0.507318247705277,-0.55772202767878,-1.06504027538406
2015,203935,Marcus Smart,BOS,209,-0.470075651843381,-0.634188551294637,-1.10426420313802
2015,201589,Darrell Arthur,"",210,-0.46480013032419,-0.655793292883978,-1.12059342320817
2015,201147,Corey Brewer,"",211,-0.798855447572816,-0.337351890994058,-1.13620733856687
2015,1626170,Jerian Grant,ORL,212,-1.416032734506,0.265144283083918,-1.15088845142209
2015,2200,Pau Gasol,SAS,213,-0.736654949394399,-0.449696223455104,-1.1863511728495
2015,101106,Andrew Bogut,"",214,-0.844401848194883,-0.34600406675239,-1.19040591494727
2015,201573,Jerryd Bayless,MIN,215,-1.77747926152178,0.568805820245025,-1.20867344127675
2015,202389,Timofey Mozgov,ORL,216,-0.761726774103124,-0.463562225145834,-1.22528899924896
2015,203210,JaMychal Green,MEM,217,-1.29293372587974,0.0586620947998904,-1.23427163107985
2015,1626167,Myles Turner,IND,218,-0.946810004286521,-0.300290235196144,-1.24710023948266
2015,200757,Thabo Sefolosha,UTA,219,-0.58298594584574,-0.683175732183024,-1.26616167802876
2015,203924,Jerami Grant,OKC,220,-1.05339229142317,-0.231701595027121,-1.28509388645029
2015,202711,Bojan Bogdanovic,IND,221,-1.15665488715637,-0.191546865510214,-1.34820175266659
2015,202734,E'Twaun Moore,NOP,222,-0.3296743888034,-1.03982614898216,-1.36950053778556
2015,201152,Thaddeus Young,IND,223,-1.75426094738087,0.382173131644964,-1.37208781573591
2015,201952,Jeff Teague,MIN,224,-1.04683847988915,-0.378144100323715,-1.42498258021286
2015,1495,Tim Duncan,"",225,0.286692568742449,-1.71508284254765,-1.4283902738052
2015,101145,Monta Ellis,"",226,-0.851250304711929,-0.597195533196439,-1.44844583790837
2015,203901,Elfrid Payton,NOP,227,-1.31143368935375,-0.159757362136931,-1.47119105149068
2015,203504,Trey Burke,NYK,228,-1.35662271974154,-0.132383830131535,-1.48900654987308
2015,203798,PJ Hairston,"",229,-2.34641560956061,0.829616719231548,-1.51679889032906
2015,203487,Michael Carter-Williams,HOU,230,-1.20244150021262,-0.357534219779551,-1.55997571999217
2015,203096,Jared Sullinger,"",231,-0.927830363293653,-0.644501768965231,-1.57233213225888
2015,2734,Devin Harris,DAL,232,-0.998149996488794,-0.585822758593792,-1.58397275508259
2015,201941,Jordan Hill,"",233,-0.976165716719397,-0.610546030032994,-1.58671174675239
2015,202323,Evan Turner,POR,234,-0.85638314347669,-0.741402825543676,-1.59778596902037
2015,201951,Ty Lawson,"",235,-1.78098973644003,0.180179383661213,-1.60081035277881
2015,202066,Garrett Temple,MEM,236,-1.12471493790195,-0.556763368830548,-1.6814783067325
2015,1626143,Jahlil Okafor,NOP,237,-2.03711459271942,0.338358447249417,-1.69875614547
2015,2730,Dwight Howard,WAS,238,-1.2111910458686,-0.493051432003399,-1.70424247787199
2015,202709,Cory Joseph,IND,239,-0.867083746370652,-0.847698545717249,-1.7147822920879
2015,1626169,Stanley Johnson,DET,240,-1.70342201670571,-0.0592512565353115,-1.76267327324102
2015,203477,Isaiah Canaan,"",241,-2.16097762525933,0.37158926203258,-1.78938836322675
2015,203932,Aaron Gordon,ORL,242,-1.15261621158878,-0.696352205181094,-1.84896841676987
2015,203953,Jabari Parker,CHI,243,-1.76872355491936,-0.0863063636196644,-1.85502991853902
2015,202687,Bismack Biyombo,CHA,244,-1.29800863645479,-0.557750452031297,-1.85575908848608
2015,203482,Kelly Olynyk,MIA,245,-0.665990029531302,-1.22544669233078,-1.89143672186208
2015,203458,Alex Len,ATL,246,-2.31684770582156,0.398577958421992,-1.91826974739957
2015,201973,Jonas Jerebko,GSW,247,-0.734430831477611,-1.19220179470911,-1.92663262618672
2015,203500,Steven Adams,OKC,248,-1.08890116340233,-0.885059169522903,-1.97396033292523
2015,201564,O.J. Mayo,"",249,-1.68953500739534,-0.381516160445219,-2.07105116784056
2015,203083,Andre Drummond,DET,250,-1.24170526790633,-0.868039862806188,-2.10974513071252
2015,1626204,Larry Nance Jr.,CLE,251,-1.34293089385412,-0.78757234352058,-2.13050323737469
2015,203503,Tony Snell,MIL,252,-0.186798582229382,-2.09622921256804,-2.28302779479742
2015,201158,Marco Belinelli,SAS,253,-2.2611793727681,-0.0807689340488293,-2.34194830681693
2015,201600,Omer Asik,"",254,-3.16468350356584,0.734436008863535,-2.4302474947023
2015,203991,Clint Capela,HOU,255,-1.01373084062896,-1.48368284607936,-2.49741368670831
2015,203943,Noah Vonleh,NYK,256,-1.92643966027242,-0.598984615096328,-2.52542427536875
2015,203457,Nerlens Noel,OKC,257,-2.40179087088481,-0.130387383220458,-2.53217825410527
2015,203145,Kent Bazemore,ATL,258,-1.22615527475828,-1.32033558427571,-2.546490859034
2015,203118,Mike Scott,LAC,259,-1.48117834080292,-1.24409626111855,-2.72527460192147
2015,101179,Ronnie Price,"",260,-2.36700947712406,-0.478052413321605,-2.84506189044567
2015,2199,Tyson Chandler,LAL,261,-4.06437103459762,0.774839181954007,-3.28953185264361
2015,201961,Wayne Ellington,MIA,262,-3.1608270562797,-0.453379210315044,-3.61420626659474
2016,202738,Isaiah Thomas,DEN,1,4.02105438821346,0.959152277764303,4.98020666597777
2016,202695,Kawhi Leonard,TOR,2,4.11417210160418,0.360349944473813,4.47452204607799
2016,200755,JJ Redick,PHI,3,2.36294085493888,1.51719446350558,3.88013531844445
2016,101108,Chris Paul,HOU,4,3.79522917658153,-0.183102355734675,3.61212682084686
2016,203914,Gary Harris,DEN,5,1.95684513479515,1.51522812300865,3.47207325780381
2016,202681,Kyrie Irving,BOS,6,3.29046287432005,0.103450547381786,3.39391342170183
2016,101150,Lou Williams,LAC,7,2.74787167403202,0.543798530530822,3.29167020456284
2016,201578,Marreese Speights,"",8,3.00815668156131,0.238688043196087,3.2468447247574
2016,201935,James Harden,HOU,9,2.28286940181384,0.823108488827497,3.10597789064134
2016,202689,Kemba Walker,CHA,10,2.86652862858842,0.220698133865278,3.0872267624537
2016,203486,Mason Plumlee,DEN,11,2.48972930646078,0.576892472780611,3.06662177924139
2016,204060,Joe Ingles,UTA,12,2.69256050049774,0.310751297513934,3.00331179801168
2016,202322,John Wall,WAS,13,2.58367944652781,0.343850559517171,2.92753000604498
2016,203952,Andrew Wiggins,MIN,14,1.69038633493338,1.21529757161647,2.90568390654985
2016,201568,Danilo Gallinari,LAC,15,2.90527580906422,-0.0660059179837995,2.83926989108042
2016,1626157,Karl-Anthony Towns,MIN,16,2.46925382190521,0.299593959343388,2.7688477812486
2016,202328,Greg Monroe,TOR,17,2.43871861339126,0.295363478541917,2.73408209193318
2016,201142,Kevin Durant,GSW,18,3.02138369087665,-0.326682442746528,2.69470124813012
2016,203999,Nikola Jokic,DEN,19,3.04662676536401,-0.37249280720933,2.67413395815468
2016,2544,LeBron James,LAL,20,3.19781686493475,-0.535131337563634,2.66268552737111
2016,203085,Austin Rivers,WAS,21,1.59219149637175,0.912762092445087,2.50495358881683
2016,201144,Mike Conley,MEM,22,2.6803483237858,-0.25923724270107,2.42111108108473
2016,201939,Stephen Curry,GSW,23,2.92208576299206,-0.63327342397873,2.28881233901333
2016,201566,Russell Westbrook,OKC,24,1.72040261742885,0.563207255048708,2.28360987247756
2016,201156,Nick Young,DEN,25,1.16061738555079,1.09402942525116,2.25464681080196
2016,203078,Bradley Beal,WAS,26,2.63621249905242,-0.38746415028699,2.24874834876543
2016,201973,Jonas Jerebko,GSW,27,1.52420285170247,0.6905975049679,2.21480035667037
2016,202329,Al-Farouq Aminu,POR,28,3.04536679289766,-0.86209258864995,2.18327420424771
2016,201586,Serge Ibaka,TOR,29,1.99236590433986,0.155691245638518,2.14805714997838
2016,203090,Maurice Harkless,POR,30,1.97889976729876,0.0796821301779809,2.05858189747674
2016,202326,DeMarcus Cousins,GSW,31,1.40006335190083,0.616890550640677,2.01695390254151
2016,201942,DeMar DeRozan,SAS,32,1.78471234132728,0.223497032931831,2.00820937425911
2016,1938,Manu Ginobili,"",33,2.89632665110839,-0.949508051748756,1.94681859935964
2016,201954,Darren Collison,IND,34,1.65107929493621,0.248590552103642,1.89966984703986
2016,201933,Blake Griffin,DET,35,1.12363666000363,0.772957457111789,1.89659411711542
2016,2207,Joe Johnson,"",36,1.90409319157899,-0.03885680458961,1.86523638698938
2016,201961,Wayne Ellington,MIA,37,2.24272561766248,-0.380433026784812,1.86229259087767
2016,101161,Amir Johnson,PHI,38,2.96707261190904,-1.10518050477154,1.86189210713751
2016,203521,Matthew Dellavedova,CLE,39,0.767903307268834,1.03273295220756,1.80063625947639
2016,201584,Courtney Lee,NYK,40,1.2862298159884,0.463253124777622,1.74948294076602
2016,203501,Tim Hardaway Jr.,NYK,41,1.69663215622062,0.0362879190438826,1.7329200752645
2016,203939,Dwight Powell,DAL,42,0.460478005621025,1.24728874409362,1.70776674971465
2016,1626163,Frank Kaminsky,CHA,43,1.23290760306789,0.397005604895175,1.62991320796307
2016,201967,Dante Cunningham,SAS,44,1.23131027557191,0.38035498848836,1.61166526406027
2016,101145,Monta Ellis,"",45,2.06505765429441,-0.508450790497317,1.5566068637971
2016,1626181,Norman Powell,TOR,46,1.37262879433819,0.149583048798376,1.52221184313657
2016,201583,Ryan Anderson,PHX,47,1.6965623455826,-0.177041531995433,1.51952081358717
2016,201229,Anthony Tolliver,MIN,48,0.964565136299142,0.528901983193749,1.49346711949289
2016,203086,Meyers Leonard,POR,49,0.493188512200113,0.965138131746009,1.45832664394612
2016,101139,CJ Miles,TOR,50,1.26652400909717,0.173755480471877,1.44027948956904
2016,101107,Marvin Williams,CHA,51,0.00529881058742018,1.43289128213447,1.43819009272189
2016,204038,Langston Galloway,DET,52,1.40287812596563,-0.0138377760940427,1.38904034987159
2016,201952,Jeff Teague,MIN,53,0.343196717524019,1.0403184263807,1.38351514390472
2016,1717,Dirk Nowitzki,DAL,54,1.28153919508907,0.0552030100530262,1.3367422051421
2016,201158,Marco Belinelli,SAS,55,0.961485353402669,0.334580341601812,1.29606569500448
2016,203926,Doug McDermott,IND,56,0.321705730204822,0.974239972183669,1.29594570238849
2016,202083,Wesley Matthews,DAL,57,0.35555676844955,0.935584431207342,1.29114119965689
2016,1627812,Yogi Ferrell,SAC,58,0.449057388561117,0.824303881580458,1.27336127014157
2016,201588,George Hill,MIL,59,1.33513173423219,-0.0876629383715474,1.24746879586064
2016,1627737,Marquese Chriss,HOU,60,-0.436562204606878,1.64962281302515,1.21306060841828
2016,1627747,Caris LeVert,BKN,61,0.412861343038295,0.797961439638969,1.21082278267726
2016,101135,David Lee,"",62,2.18754466641647,-0.978323513082224,1.20922115333425
2016,101114,Deron Williams,"",63,-0.0133184657827532,1.21181527866731,1.19849681288455
2016,202697,Iman Shumpert,SAC,64,0.983030849767881,0.212945891843653,1.19597674161153
2016,2210,Richard Jefferson,"",65,2.01650506502231,-0.837975026152297,1.17853003887001
2016,202330,Gordon Hayward,BOS,66,1.38688966875824,-0.219332910554167,1.16755675820407
2016,203468,CJ McCollum,POR,67,1.17966262208843,-0.0126242947305327,1.1670383273579
2016,2037,Jamal Crawford,PHX,68,0.0655560514899918,1.09304824584771,1.1586042973377
2016,203484,Kentavious Caldwell-Pope,LAL,69,0.306712944206191,0.83844109625843,1.14515404046462
2016,200768,Kyle Lowry,TOR,70,2.21133451582197,-1.06827055272355,1.14306396309842
2016,203933,T.J. Warren,PHX,71,0.230235818421969,0.908745926830537,1.13898174525251
2016,201587,Nicolas Batum,CHA,72,0.666550396261506,0.460934064432376,1.12748446069388
2016,201188,Marc Gasol,MEM,73,0.901183477932263,0.204636395827748,1.10581987376001
2016,201565,Derrick Rose,MIN,74,1.12604829828071,-0.0286942927936292,1.09735400548708
2016,1626164,Devin Booker,PHX,75,0.663330151920077,0.41261218793425,1.07594233985433
2016,203503,Tony Snell,MIL,76,0.75803132961696,0.317767551025551,1.07579888064251
2016,202397,Ish Smith,DET,77,0.994036298799892,0.0802600937835173,1.07429639258341
2016,203109,Jae Crowder,UTA,78,2.23194602836058,-1.17570182902612,1.05624419933446
2016,203087,Jeremy Lamb,CHA,79,0.795596423067534,0.250798190055585,1.04639461312312
2016,203084,Harrison Barnes,DAL,80,0.898874760356323,0.132722849491254,1.03159760984758
2016,201960,DeMarre Carroll,BKN,81,1.70380097432572,-0.686213345457374,1.01758762886834
2016,1626156,D'Angelo Russell,BKN,82,-0.738930020989991,1.75007884456404,1.01114882357405
2016,203546,Ian Clark,NOP,83,1.19263946811774,-0.200599561320513,0.992039906797224
2016,1627742,Brandon Ingram,LAL,84,0.254497965664676,0.725445336026928,0.979943301691604
2016,203459,Allen Crabbe,BKN,85,-0.0599278564124804,1.00694039694887,0.947012540536394
2016,202711,Bojan Bogdanovic,IND,86,-0.0358688782298516,0.975590263666173,0.939721385436322
2016,101162,Marcin Gortat,LAC,87,-0.243153873369172,1.17965366113295,0.936499787763781
2016,203471,Dennis Schroder,OKC,88,0.434675654523457,0.497313869209682,0.93198952373314
2016,201943,Brandon Jennings,"",89,0.571900273655172,0.352261720133765,0.924161993788937
2016,1627750,Jamal Murray,DEN,90,1.13223894240878,-0.214455376407987,0.917783566000794
2016,203082,Terrence Ross,ORL,91,0.874974897328407,0.0426736729965238,0.917648570324931
2016,1626149,Montrezl Harrell,LAC,92,0.939932331625348,-0.0526242507829211,0.887308080842426
2016,1713,Vince Carter,ATL,93,1.16325933718456,-0.295174032160097,0.868085305024465
2016,202683,Enes Kanter,NYK,94,0.202154830950369,0.660054280034747,0.862209110985116
2016,202339,Eric Bledsoe,MIL,95,0.012442780248743,0.83239826841183,0.844841048660573
2016,202331,Paul George,OKC,96,1.11358114743406,-0.269552696677051,0.844028450757006
2016,203930,Sean Kilpatrick,"",97,0.241837073607725,0.59801993140485,0.839857005012575
2016,1626155,Sam Dekker,WAS,98,0.911782343209517,-0.0759941590529807,0.835788184156536
2016,203953,Jabari Parker,CHI,99,-0.291373999539496,1.12153726120178,0.830163261662284
2016,202710,Jimmy Butler,PHI,100,1.57947107185725,-0.770222239766354,0.809248832090896
2016,202335,Patrick Patterson,OKC,101,1.67159659683901,-0.871766248206014,0.799830348632994
2016,203901,Elfrid Payton,NOP,102,0.453296226410669,0.340465875548696,0.793762101959365
2016,203524,Solomon Hill,NOP,103,0.560611416359744,0.228256801599015,0.788868217958758
2016,101112,Channing Frye,CLE,104,1.16742218424043,-0.384613987690292,0.782808196550139
2016,201988,Patty Mills,SAS,105,1.90094143580054,-1.12619404749399,0.774747388306551
2016,201143,Al Horford,BOS,106,0.90608229131475,-0.1385612105099,0.767521080804849
2016,2594,Kyle Korver,UTA,107,0.057448037752604,0.708149061208314,0.765597098960918
2016,202702,Kenneth Faried,BKN,108,0.23278773029332,0.518440786759,0.751228517052319
2016,2772,Trevor Ariza,PHX,109,0.130798909645117,0.60848724685782,0.739286156502938
2016,201976,Patrick Beverley,LAC,110,0.839807340462411,-0.102539608537963,0.737267731924448
2016,203081,Damian Lillard,POR,111,0.467009804820482,0.257846035008919,0.724855839829401
2016,1627785,Isaiah Whitehead,"",112,1.17476570767746,-0.475717907080759,0.699047800596704
2016,1627763,Malcolm Brogdon,MIL,113,0.908478709211183,-0.212190624099167,0.696288085112017
2016,2546,Carmelo Anthony,HOU,114,0.233058284082692,0.442975385400631,0.676033669483324
2016,201951,Ty Lawson,"",115,0.666672678210392,-0.0290509592771316,0.637621718933261
2016,1627741,Buddy Hield,SAC,116,-0.465431650792975,1.06816811278447,0.602736461991499
2016,201609,Goran Dragic,MIA,117,0.691196232768593,-0.0898154389186747,0.601380793849918
2016,2738,Andre Iguodala,GSW,118,1.75708717640084,-1.16489797237209,0.592189204028748
2016,201167,Arron Afflalo,"",119,-0.23425722565206,0.816953341692126,0.582696116040066
2016,1627827,Dorian Finney-Smith,DAL,120,0.53930245927993,0.0321591564906136,0.571461615770544
2016,1626147,Justin Anderson,ATL,121,0.182341365274627,0.376294854393764,0.558636219668391
2016,202340,Avery Bradley,LAC,122,-0.22034166278869,0.776875576490127,0.556533913701437
2016,201145,Jeff Green,WAS,123,-0.0600980943106083,0.608727812180976,0.548629717870368
2016,202699,Tobias Harris,LAC,124,0.665528174600993,-0.121787956019918,0.543740218581075
2016,203552,Seth Curry,POR,125,0.410566654011908,0.126501328204758,0.537067982216666
2016,203944,Julius Randle,NOP,126,-0.442545201614514,0.9559076388227,0.513362437208185
2016,1626158,Richaun Holmes,PHX,127,-0.396632195445665,0.909386167835471,0.512753972389806
2016,203991,Clint Capela,HOU,128,0.708522179966949,-0.215423230894323,0.493098949072626
2016,203585,Rodney McGruder,MIA,129,1.03102141524973,-0.542776997748168,0.48824441750156
2016,202066,Garrett Temple,MEM,130,-0.0186307002516136,0.505637138662085,0.487006438410472
2016,1627755,Tyler Ulis,CHI,131,-0.00195125042922963,0.465453376479407,0.463502126050178
2016,201599,DeAndre Jordan,DAL,132,0.611131319363681,-0.172844673388374,0.438286645975307
2016,201937,Ricky Rubio,UTA,133,-0.24973535567934,0.651736698393242,0.402001342713902
2016,203915,Spencer Dinwiddie,BKN,134,0.5179282613236,-0.118837915590205,0.399090345733395
2016,201147,Corey Brewer,"",135,0.459043164560302,-0.169942390231871,0.289100774328431
2016,200794,Paul Millsap,DEN,136,0.845204103802072,-0.563650643801538,0.281553460000533
2016,2199,Tyson Chandler,LAL,137,-0.287575532103814,0.56169531876637,0.274119786662556
2016,1626169,Stanley Johnson,DET,138,0.233917682531882,0.0100590594524589,0.243976741984341
2016,203500,Steven Adams,OKC,139,0.0589639749981394,0.168840801377242,0.227804776375382
2016,200751,Randy Foye,"",140,-0.349609421459189,0.542720945516542,0.193111524057353
2016,202324,Derrick Favors,UTA,141,0.590176202701173,-0.43075169038169,0.159424512319483
2016,201572,Brook Lopez,MIL,142,-0.0105688886061431,0.164463271388728,0.153894382782585
2016,2749,Jameer Nelson,"",143,0.0643165952366133,0.089134982042346,0.153451577278959
2016,202709,Cory Joseph,IND,144,-0.116244582192507,0.226355958044928,0.110111375852421
2016,202703,Nikola Mirotic,NOP,145,0.422146768128687,-0.321974521753758,0.100172246374929
2016,203918,Rodney Hood,CLE,146,0.054054152247192,0.0144521692348973,0.0685063214820893
2016,204025,Tim Frazier,NOP,147,-0.151106102482732,0.218014673615162,0.0669085711324305
2016,2200,Pau Gasol,SAS,148,0.805820132960966,-0.74789268270683,0.0579274502541357
2016,203145,Kent Bazemore,ATL,149,0.326268318616269,-0.271406219286118,0.054862099330151
2016,203903,Jordan Clarkson,CLE,150,-1.28801853542234,1.3390629836246,0.0510444482022616
2016,201160,Jason Smith,MIL,151,-0.140581669462386,0.187126581382925,0.0465449119205387
2016,2736,Luol Deng,MIN,152,-0.527430230087392,0.568192009873266,0.0407617797858749
2016,202691,Klay Thompson,GSW,153,1.08416191847547,-1.05310429466458,0.0310576238108891
2016,203490,Otto Porter Jr.,WAS,154,-1.38266755364904,1.40612817714279,0.023460623493748
2016,203932,Aaron Gordon,ORL,155,0.347086324139936,-0.354184796975566,-0.0070984728356292
2016,202355,Hassan Whiteside,MIA,156,0.456113522096485,-0.472488306150887,-0.0163747840544017
2016,1626161,Willie Cauley-Stein,SAC,157,-0.138398787701094,0.115396871273967,-0.0230019164271267
2016,2585,Zaza Pachulia,DET,158,0.488262107399377,-0.513604346449504,-0.0253422390501269
2016,201163,Wilson Chandler,PHI,159,-0.690683920765951,0.663091034754972,-0.0275928860109789
2016,200746,LaMarcus Aldridge,SAS,160,0.33998663014862,-0.383856335826902,-0.0438697056782815
2016,203079,Dion Waiters,MIA,161,0.78493122483119,-0.832111777968883,-0.0471805531376923
2016,203210,JaMychal Green,MEM,162,0.511881109353996,-0.559979567986363,-0.0480984586323674
2016,2747,JR Smith,"",163,0.126587061570177,-0.196331432212771,-0.0697443706425938
2016,2564,Boris Diaw,"",164,-0.508175330964745,0.408557678599215,-0.0996176523655299
2016,203512,Lucas Nogueira,"",165,1.54776451272323,-1.66007543933286,-0.112310926609626
2016,202685,Jonas Valanciunas,TOR,166,-0.191577110286584,0.0708788312092842,-0.120698279077299
2016,204456,T.J. McConnell,PHI,167,-0.14914032260738,0.0267539535755439,-0.122386369031836
2016,101109,Raymond Felton,OKC,168,-0.191108776548383,0.0397493569155489,-0.151359419632834
2016,203967,Dario Saric,MIN,169,-0.373744792896733,0.157501648559946,-0.216243144336787
2016,203897,Zach LaVine,CHI,170,-1.26135465404002,1.04125721736219,-0.22009743667783
2016,200771,Sergio Rodriguez,"",171,-0.0428184161822784,-0.206866190723407,-0.249684606905685
2016,201949,James Johnson,MIA,172,0.650622297568134,-0.90768394752624,-0.257061649958107
2016,203093,Terrence Jones,"",173,-0.386670093390289,0.11728520860159,-0.2693848847887
2016,1626167,Myles Turner,IND,174,0.29173156164247,-0.568623612568409,-0.276892050925939
2016,203507,Giannis Antetokounmpo,MIL,175,-0.296658827799684,0.0185620565847241,-0.27809677121496
2016,101141,Ersan Ilyasova,MIL,176,0.445662414332739,-0.738070546994333,-0.292408132661594
2016,203482,Kelly Olynyk,MIA,177,0.0204115374918933,-0.349791756694278,-0.329380219202385
2016,202734,E'Twaun Moore,NOP,178,-0.543904117453821,0.156289092295887,-0.387615025157934
2016,203124,Kyle O'Quinn,IND,179,-1.03505506544708,0.608505840255941,-0.42654922519114
2016,203516,James Ennis III,HOU,180,0.225098864927125,-0.651965174954496,-0.426866310027371
2016,1891,Jason Terry,"",181,0.401356437882112,-0.835924833325496,-0.434568395443384
2016,203077,Michael Kidd-Gilchrist,CHA,182,-0.283469204950795,-0.176893915058728,-0.460363120009523
2016,203141,Mirza Teletovic,"",183,-0.0889341555841622,-0.415448884923432,-0.504383040507594
2016,201945,Gerald Henderson,"",184,-0.979241317001455,0.470852676791097,-0.508388640210358
2016,203518,Alex Abrines,OKC,185,-1.8946343264398,1.38517572520884,-0.509458601230952
2016,1626178,Rondae Hollis-Jefferson,BKN,186,-0.799902243700315,0.262678614638839,-0.537223629061476
2016,202704,Reggie Jackson,DET,187,-1.72248295521444,1.183492035249,-0.538990919965449
2016,203584,Troy Daniels,PHX,188,0.244080901457585,-0.78866427918742,-0.544583377729835
2016,203935,Marcus Smart,BOS,189,-0.114826303343933,-0.4322193842551,-0.547045687599033
2016,202323,Evan Turner,POR,190,-0.993767486381768,0.442777361037593,-0.550990125344175
2016,1626144,Emmanuel Mudiay,NYK,191,-1.72135631547835,1.13989742066468,-0.581458894813669
2016,201152,Thaddeus Young,IND,192,-0.226342546827031,-0.378143914327827,-0.604486461154858
2016,203506,Victor Oladipo,IND,193,-0.987250244352949,0.347495425515719,-0.63975481883723
2016,202688,Brandon Knight,HOU,194,-1.79747582838601,1.14488149300263,-0.652594335383373
2016,2403,Nene,HOU,195,0.317855750617946,-0.993901681854287,-0.676045931236341
2016,203095,Evan Fournier,ORL,196,-1.22356582750052,0.5234852673248,-0.700080560175718
2016,201567,Kevin Love,CLE,197,0.119466765606749,-0.820494971048826,-0.701028205442077
2016,2440,Matt Barnes,"",198,-0.0479829285413919,-0.682164659102386,-0.730147587643778
2016,1627789,Timothe Luwawu-Cabarrot,OKC,199,0.388102163857399,-1.1191164169423,-0.731014253084903
2016,201577,Robin Lopez,CHI,200,-1.43893022385061,0.706063325156082,-0.732866898694524
2016,1626162,Kelly Oubre Jr.,WAS,201,-0.972164699114819,0.238258203258739,-0.73390649585608
2016,203488,Mike Muscala,PHI,202,-1.45973229835873,0.716520298085706,-0.743212000273023
2016,1626179,Terry Rozier,BOS,203,-0.42300118258387,-0.321502481696022,-0.744503664279892
2016,2225,Tony Parker,CHA,204,-0.31395134721214,-0.43755789757195,-0.751509244784091
2016,203463,Ben McLemore,SAC,205,-0.434384239590835,-0.323966164920451,-0.758350404511286
2016,203076,Anthony Davis,NOP,206,-0.00122109744113185,-0.79597581687091,-0.797196914312042
2016,201959,Taj Gibson,MIN,207,-1.24414276422497,0.439922351025573,-0.804220413199399
2016,2733,Shaun Livingston,GSW,208,-0.364926483329708,-0.461407077493639,-0.826333560823347
2016,203200,Justin Holiday,CHI,209,-0.382979229643369,-0.47985060772301,-0.862829837366378
2016,203498,Shabazz Muhammad,"",210,-0.2585027144517,-0.66026025401589,-0.91876296846759
2016,201601,Luc Mbah a Moute,LAC,211,-0.382328473301469,-0.543903880067453,-0.926232353368922
2016,1627759,Jaylen Brown,BOS,212,-1.55352686102157,0.615927990896186,-0.937598870125379
2016,1626204,Larry Nance Jr.,CLE,213,-0.988844936629822,0.0498245377622892,-0.939020398867533
2016,203496,Robert Covington,MIN,214,-0.109993212225679,-0.837117423076676,-0.947110635302355
2016,201950,Jrue Holiday,NOP,215,-0.583344468774969,-0.391597533269649,-0.974942002044619
2016,203460,Andre Roberson,OKC,216,-0.886287220041706,-0.111444768454399,-0.997731988496106
2016,200782,PJ Tucker,HOU,217,-0.531877502154054,-0.476400741691473,-1.00827824384553
2016,1627098,Malcolm Delaney,"",218,-0.148906176319602,-0.86430862851223,-1.01321480483183
2016,1626195,Willy Hernangomez,CHA,219,-1.03600186555801,0.00927818107428907,-1.02672368448372
2016,203115,Will Barton,DEN,220,-1.45330468865311,0.424476714638879,-1.02882797401424
2016,203917,Nik Stauskas,POR,221,-0.770454107508217,-0.292670307532573,-1.06312441504079
2016,203497,Rudy Gobert,UTA,222,0.286518019932034,-1.36777459612774,-1.0812565761957
2016,203957,Dante Exum,UTA,223,-0.618635961665129,-0.467135247016863,-1.08577120868199
2016,201585,Kosta Koufos,SAC,224,-0.249927886261182,-0.840658934989102,-1.09058682125028
2016,204020,Tyler Johnson,MIA,225,-0.783567191229317,-0.327662105469938,-1.11122929669926
2016,203083,Andre Drummond,DET,226,-1.17186786588953,0.0176880810678528,-1.15417978482168
2016,203110,Draymond Green,GSW,227,-0.237596382898329,-0.997344707160188,-1.23494109005852
2016,202687,Bismack Biyombo,CHA,228,-1.1630371105164,-0.0935312670601336,-1.25656837757654
2016,201569,Eric Gordon,HOU,229,-0.625098443883063,-0.64091917677789,-1.26601762066095
2016,1626143,Jahlil Okafor,NOP,230,-1.3044988203739,0.0375727514542916,-1.26692606891961
2016,201980,Danny Green,TOR,231,-0.279937853262745,-1.02375851257761,-1.30369636584036
2016,2548,Dwyane Wade,MIA,232,-1.58670414496351,0.266788546549035,-1.31991559841448
2016,203089,John Henson,CLE,233,-1.0236034616907,-0.356632222163667,-1.38023568385437
2016,201571,D.J. Augustin,ORL,234,-2.53467356521558,1.15250760975786,-1.38216595545773
2016,202693,Markieff Morris,WAS,235,-1.08503460838847,-0.329786971672133,-1.4148215800606
2016,202694,Marcus Morris,BOS,236,-0.357891906300956,-1.09380299669324,-1.4516949029942
2016,1626150,Andrew Harrison,NOP,237,-0.613509252103899,-0.852772543633675,-1.46628179573757
2016,203469,Cody Zeller,CHA,238,-0.783452650912531,-0.718309484218082,-1.50176213513061
2016,203382,Aron Baynes,BOS,239,-0.143064575292069,-1.40480482413513,-1.5478693994272
2016,202714,Shelvin Mack,MEM,240,-1.15531464757207,-0.398475264571854,-1.55378991214392
2016,202357,Nemanja Bjelica,SAC,241,-0.827269371964859,-0.729054448465675,-1.55632382043053
2016,203120,Justin Hamilton,"",242,-1.91082262289994,0.351125221065908,-1.55969740183403
2016,202720,Jon Leuer,DET,243,-1.21800311075921,-0.373237503558143,-1.59124061431735
2016,203476,Gorgui Dieng,MIN,244,-1.23653491171205,-0.38175068734981,-1.61828559906186
2016,1627775,Patrick McCaw,"",245,-2.13131823647897,0.458828843744712,-1.67248939273426
2016,203943,Noah Vonleh,NYK,246,-2.05103471487982,0.321840123696815,-1.72919459118301
2016,203613,Jonathon Simmons,ORL,247,-0.112088124292527,-1.64537076705915,-1.75745889135168
2016,204001,Kristaps Porzingis,NYK,248,-0.518887337722591,-1.23999877696257,-1.75888611468516
2016,203924,Jerami Grant,OKC,249,-1.80739206607912,-0.0124302227249045,-1.81982228880403
2016,1627739,Kris Dunn,CHI,250,-1.87627938888698,0.00815859497824545,-1.86812079390874
2016,2754,Tony Allen,"",251,-0.843877519174937,-1.03558207239386,-1.8794595915688
2016,203994,Jusuf Nurkic,POR,252,-1.7475455940537,-0.166145676799058,-1.91369127085276
2016,202344,Trevor Booker,"",253,-1.18820667611367,-0.778443034082343,-1.96664971019601
2016,201162,Jared Dudley,BKN,254,-1.05803667792463,-1.08021981470058,-2.13825649262521
2016,204028,Tarik Black,"",255,-1.19420605069999,-1.01508906731922,-2.20929511801921
2016,1626168,Trey Lyles,DEN,256,-1.80746323990619,-0.424214342089072,-2.23167758199527
2016,200757,Thabo Sefolosha,UTA,257,-1.73944985570366,-0.541955102039114,-2.28140495774278
2016,2216,Zach Randolph,SAC,258,-2.22668303724591,-0.304340121724507,-2.53102315897042
2016,203458,Alex Len,ATL,259,-3.22038894532498,0.638014186034732,-2.58237475929025
2016,203922,Glenn Robinson III,DET,260,-2.49761059759769,-0.103522235617996,-2.60113283321568
2016,1626196,Josh Richardson,MIA,261,-2.1087761962359,-0.514255364227607,-2.62303156046351
2016,2730,Dwight Howard,WAS,262,-2.02406447677059,-0.599111076663931,-2.62317555343452
2016,1627734,Domantas Sabonis,IND,263,-2.28152572210389,-0.420123115739378,-2.70164883784327
2016,202684,Tristan Thompson,CLE,264,-2.44464542371374,-0.295148951289086,-2.73979437500283
2016,203925,Joe Harris,BKN,265,-2.72765084133586,-0.0421615352004368,-2.7698123765363
2016,200765,Rajon Rondo,LAL,266,-2.92856605943704,0.0492064897653127,-2.87935956967173
2016,202389,Timofey Mozgov,ORL,267,-3.82209999840976,0.868387468370641,-2.95371253003912
2016,203473,Dewayne Dedmon,ATL,268,-1.90210809962614,-1.29869383534306,-3.20080193496919
2016,202696,Nikola Vucevic,ORL,269,-3.20514606710399,-0.119760572873558,-3.32490663997755
2017,201939,Stephen Curry,GSW,1,7.46308845384572,-0.35970500566344,7.10338344818228
2017,1626157,Karl-Anthony Towns,MIN,2,3.39109182553566,3.43682010624891,6.82791193178456
2017,203482,Kelly Olynyk,MIA,3,4.58837526888104,1.52866277420847,6.1170380430895
2017,203081,Damian Lillard,POR,4,4.1842080261303,1.40580353321699,5.59001155934729
2017,2544,LeBron James,LAL,5,3.95271534421456,1.42767504089739,5.38039038511196
2017,101108,Chris Paul,HOU,6,5.45890712648649,-0.215683339132589,5.2432237873539
2017,1717,Dirk Nowitzki,DAL,7,2.53574341778176,2.50013343887103,5.03587685665279
2017,201935,James Harden,HOU,8,5.2502850390566,-0.349708133732833,4.90057690532377
2017,201567,Kevin Love,CLE,9,3.16246196025856,1.61398393797691,4.77644589823547
2017,203918,Rodney Hood,CLE,10,1.94086506807969,2.78399673170378,4.72486179978348
2017,201588,George Hill,MIL,11,3.48103119646427,0.916690498834173,4.39772169529844
2017,1627750,Jamal Murray,DEN,12,2.09636841651713,2.27028932613745,4.36665774265457
2017,2747,JR Smith,"",13,1.12958665218187,3.22963862383943,4.3592252760213
2017,1627751,Jakob Poeltl,SAS,14,2.6046263877995,1.601267722234,4.2058941100335
2017,203992,Bogdan Bogdanovic,SAC,15,0.89078814451854,3.30569512002051,4.19648326453905
2017,203085,Austin Rivers,WAS,16,1.42153491257078,2.77346361676875,4.19499852933952
2017,202689,Kemba Walker,CHA,17,4.38321599708174,-0.330360433916238,4.0528555631655
2017,202734,E'Twaun Moore,NOP,18,1.67693186809353,2.15483969298851,3.83177156108204
2017,1626163,Frank Kaminsky,CHA,19,1.01804095101148,2.70683164478255,3.72487259579403
2017,201954,Darren Collison,IND,20,2.82002780894532,0.88195580890241,3.70198361784773
2017,2216,Zach Randolph,SAC,21,0.237175100494912,3.28335347750683,3.52052857800174
2017,201952,Jeff Teague,MIN,22,2.13859569995864,1.19538026316635,3.33397596312498
2017,203584,Troy Daniels,PHX,23,0.341442228162551,2.95352480802093,3.29496703618349
2017,202329,Al-Farouq Aminu,POR,24,2.82283041173854,0.466392458591052,3.2892228703296
2017,201988,Patty Mills,SAS,25,1.45343237366545,1.82982702193888,3.28325939560433
2017,2594,Kyle Korver,UTA,26,3.08697552662755,0.143052879942891,3.23002840657044
2017,202326,DeMarcus Cousins,GSW,27,1.55261734732867,1.59602764823171,3.14864499556038
2017,203915,Spencer Dinwiddie,BKN,28,1.0616011705682,2.07667373390234,3.13827490447054
2017,1626149,Montrezl Harrell,LAC,29,1.50751111533753,1.6033382444302,3.11084935976773
2017,1627748,Thon Maker,MIL,30,1.41668066241814,1.68751497313403,3.10419563555217
2017,2734,Devin Harris,DAL,31,3.44947145109236,-0.661088013392628,2.78838343769973
2017,201583,Ryan Anderson,PHX,32,-0.418009336384223,3.0291571841694,2.61114784778518
2017,202699,Tobias Harris,LAC,33,0.945977273182556,1.62660432431604,2.57258159749859
2017,202703,Nikola Mirotic,NOP,34,2.48850208134996,-0.000937259171237705,2.48756482217872
2017,202710,Jimmy Butler,PHI,35,3.14614636075257,-0.667109512734866,2.4790368480177
2017,1627732,Ben Simmons,PHI,36,1.00259417242151,1.45724139319668,2.45983556561819
2017,203124,Kyle O'Quinn,IND,37,0.830974657863406,1.56630425939761,2.39727891726102
2017,200755,JJ Redick,PHI,38,1.66440557225619,0.716950874099393,2.38135644635558
2017,1627739,Kris Dunn,CHI,39,0.331910997344423,2.01668981126757,2.34860080861199
2017,203503,Tony Snell,MIL,40,0.00599696623516378,2.33907404382302,2.34507101005818
2017,201569,Eric Gordon,HOU,41,3.38557368738965,-1.05345329623071,2.33212039115894
2017,202322,John Wall,WAS,42,1.43086142159526,0.900689256179495,2.33155067777475
2017,1626156,D'Angelo Russell,BKN,43,-0.344804039656129,2.64940100563992,2.30459696598379
2017,203110,Draymond Green,GSW,44,3.03386513951259,-0.73037451839155,2.30349062112104
2017,1626171,Bobby Portis,CHI,45,2.44009590294877,-0.167585433673736,2.27251046927504
2017,203118,Mike Scott,LAC,46,2.4848850825975,-0.23426805738675,2.25061702521075
2017,101150,Lou Williams,LAC,47,1.9040328148523,0.346473180176182,2.25050599502848
2017,201143,Al Horford,BOS,48,2.28221980872803,-0.0579639022123635,2.22425590651567
2017,2546,Carmelo Anthony,HOU,49,0.111489323990303,2.01474307686767,2.12623240085797
2017,201156,Nick Young,DEN,50,1.11383900913117,1.00669870452839,2.12053771365956
2017,1626162,Kelly Oubre Jr.,WAS,51,0.9426415195081,1.1548299236027,2.0974714431108
2017,201152,Thaddeus Young,IND,52,2.79686487297711,-0.732764480917152,2.06410039205996
2017,203114,Khris Middleton,MIL,53,1.63365009816321,0.40936082326079,2.043010921424
2017,203613,Jonathon Simmons,ORL,54,0.722038882566636,1.27079007074281,1.99282895330945
2017,1626209,Mario Hezonja,NYK,55,1.19628591433395,0.763196528549905,1.95948244288386
2017,203471,Dennis Schroder,OKC,56,-0.129834650652068,2.03198828428292,1.90215363363085
2017,203493,Reggie Bullock,DET,57,1.52959720832739,0.36215461062654,1.89175181895393
2017,202681,Kyrie Irving,BOS,58,0.772242778373829,1.11701896977317,1.889261748147
2017,203507,Giannis Antetokounmpo,MIL,59,1.62705019120582,0.230555531002772,1.8576057222086
2017,202083,Wesley Matthews,DAL,60,-0.662122738789016,2.47328867158443,1.81116593279542
2017,1626168,Trey Lyles,DEN,61,0.86315092834382,0.882148119353183,1.745299047697
2017,203952,Andrew Wiggins,MIN,62,0.715350602119991,1.02190146184508,1.73725206396507
2017,1628374,Lauri Markkanen,CHI,63,-1.41639383484324,3.12807055655446,1.71167672171122
2017,201563,Michael Beasley,LAL,64,1.13350184873598,0.546655093553984,1.68015694228996
2017,202362,Lance Stephenson,LAL,65,0.159503349686149,1.50529032821068,1.66479367789683
2017,201942,DeMar DeRozan,SAS,66,1.74572748040117,-0.104227553077648,1.64149992732352
2017,201572,Brook Lopez,MIL,67,0.744262499436483,0.84478338647485,1.58904588591133
2017,203501,Tim Hardaway Jr.,NYK,68,0.737715930329415,0.818821857693987,1.5565377880234
2017,201967,Dante Cunningham,SAS,69,0.872855827611744,0.651708763259574,1.52456459087132
2017,1938,Manu Ginobili,"",70,1.80680024437953,-0.282580577885357,1.52421966649417
2017,1628372,Dennis Smith Jr.,DAL,71,-1.01610154307882,2.51529806706696,1.49919652398814
2017,201158,Marco Belinelli,SAS,72,0.896201681482591,0.572548495290178,1.46875017677277
2017,201188,Marc Gasol,MEM,73,0.151969045671136,1.29034367978999,1.44231272546113
2017,2733,Shaun Livingston,GSW,74,2.52441583876695,-1.08782136411662,1.43659447465033
2017,1626150,Andrew Harrison,NOP,75,-0.168492903915376,1.59528533689691,1.42679243298154
2017,200826,J.J. Barea,DAL,76,1.38142631291992,0.0434458866313402,1.42487219955126
2017,101107,Marvin Williams,CHA,77,0.474266585056819,0.929399068635029,1.40366565369185
2017,201933,Blake Griffin,DET,78,1.75585865150383,-0.406444878695012,1.34941377280882
2017,203210,JaMychal Green,MEM,79,-0.447564096659307,1.77580992197258,1.32824582531327
2017,201142,Kevin Durant,GSW,80,0.398562406944919,0.885656978743303,1.28421938568822
2017,203089,John Henson,CLE,81,2.32801820910216,-1.04630112912038,1.28171707998177
2017,1627752,Taurean Prince,ATL,82,-0.550771215876903,1.82189664185497,1.27112542597807
2017,1627854,Bryn Forbes,SAS,83,0.570547408486395,0.669691450199966,1.24023885868636
2017,201586,Serge Ibaka,TOR,84,2.05998446158937,-0.866078615858162,1.19390584573121
2017,202397,Ish Smith,DET,85,1.49394302272016,-0.306738164671556,1.18720485804861
2017,203484,Kentavious Caldwell-Pope,LAL,86,0.204259763254972,0.976439403499516,1.18069916675449
2017,203901,Elfrid Payton,NOP,87,-1.42085189995638,2.59898112865802,1.17812922870165
2017,203092,Tyler Zeller,"",88,-1.16055772297848,2.21967968459678,1.05912196161831
2017,203121,Darius Miller,NOP,89,1.0092646511944,0.0377736084540617,1.04703825964846
2017,204060,Joe Ingles,UTA,90,0.58102153311836,0.461177793109454,1.04219932622781
2017,201147,Corey Brewer,"",91,0.863095458490588,0.166676695087512,1.0297721535781
2017,203933,T.J. Warren,PHX,92,0.328628902585521,0.695900304996012,1.02452920758153
2017,1628404,Josh Hart,LAL,93,0.13076996124765,0.892508511996148,1.0232784732438
2017,200782,PJ Tucker,HOU,94,1.80448232197231,-0.81554087808015,0.988941443892158
2017,203944,Julius Randle,NOP,95,1.47200553032093,-0.504435407005872,0.96757012331506
2017,201229,Anthony Tolliver,MIN,96,1.29232448335742,-0.368033054019953,0.924291429337465
2017,203095,Evan Fournier,ORL,97,2.23400025712867,-1.32250642398536,0.911493833143307
2017,1626179,Terry Rozier,BOS,98,1.1021793028888,-0.242946763546757,0.859232539342045
2017,201566,Russell Westbrook,OKC,99,1.69965307519623,-0.868459753260932,0.831193321935295
2017,203200,Justin Holiday,CHI,100,0.318625115158448,0.507718492980451,0.826343608138899
2017,203084,Harrison Barnes,DAL,101,-0.0896214960307283,0.875759507012607,0.786138010981879
2017,201961,Wayne Ellington,MIA,102,1.06292438321691,-0.291704735842792,0.77121964737412
2017,2037,Jamal Crawford,PHX,103,-0.830867663434128,1.55610928432001,0.725241620885887
2017,1627783,Pascal Siakam,TOR,104,2.00137265538353,-1.28979696958837,0.711575685795157
2017,204020,Tyler Johnson,MIA,105,-0.682051076069118,1.38805882220507,0.706007746135952
2017,202324,Derrick Favors,UTA,106,0.544929549810758,0.159167010875768,0.704096560686526
2017,1626145,Tyus Jones,MIN,107,2.21650736192035,-1.52273400218651,0.693773359733841
2017,203546,Ian Clark,NOP,108,0.195784850863538,0.483610128140126,0.679394979003665
2017,203468,CJ McCollum,POR,109,0.223425712029133,0.450648318285921,0.674074030315054
2017,203999,Nikola Jokic,DEN,110,1.67687956310804,-1.10046037739221,0.57641918571582
2017,203488,Mike Muscala,PHI,111,0.082144497496309,0.493800485886257,0.575944983382566
2017,1628467,Maxi Kleber,DAL,112,0.0490697294936799,0.499056976986177,0.548126706479857
2017,1626153,Delon Wright,TOR,113,-0.169417876591144,0.686477948504868,0.517060071913725
2017,1628379,Luke Kennard,DET,114,2.46434701352572,-1.95824453053158,0.506102482994142
2017,201587,Nicolas Batum,CHA,115,-1.56241447520087,2.06822318624653,0.505808711045653
2017,1626192,Pat Connaughton,MIL,116,-0.379744864913405,0.883324799025164,0.503579934111759
2017,201584,Courtney Lee,NYK,117,-0.332105244668798,0.796472972796019,0.464367728127221
2017,203894,Shabazz Napier,BKN,118,1.36693694548555,-0.909767474560002,0.457169470925546
2017,202683,Enes Kanter,NYK,119,-1.74505894639986,2.18773306225449,0.442674115854632
2017,202331,Paul George,OKC,120,-0.674371317221604,1.10598029505481,0.43160897783321
2017,200746,LaMarcus Aldridge,SAS,121,1.73255334835669,-1.32513362569838,0.407419722658304
2017,203954,Joel Embiid,PHI,122,1.57270062955356,-1.17832242824531,0.394378201308246
2017,201973,Jonas Jerebko,GSW,123,0.248058581976232,0.107328605419528,0.35538718739576
2017,1627819,Isaiah Taylor,"",124,1.16878260327524,-0.847398590014563,0.321384013260673
2017,1626196,Josh Richardson,MIA,125,-0.330411362084215,0.634780649890676,0.304369287806461
2017,202684,Tristan Thompson,CLE,126,-1.59486035350962,1.87208338270039,0.277223029190768
2017,203937,Kyle Anderson,MEM,127,-0.0490498727147945,0.318728986808256,0.269679114093461
2017,203078,Bradley Beal,WAS,128,1.00490654078716,-0.735721255024028,0.269185285763131
2017,203925,Joe Harris,BKN,129,0.358624573138844,-0.0900188406122827,0.268605732526561
2017,201949,James Johnson,MIA,130,1.23666715116732,-0.969757928483848,0.266909222683475
2017,203112,Quincy Acy,"",131,0.741678111803861,-0.514803424501242,0.226874687302619
2017,203926,Doug McDermott,IND,132,-0.510292423583927,0.729408592989105,0.219116169405178
2017,203459,Allen Crabbe,BKN,133,-0.128147602056457,0.344322324575565,0.216174722519108
2017,202694,Marcus Morris,BOS,134,-0.55980537185593,0.774286805366578,0.214481433510647
2017,101162,Marcin Gortat,LAC,135,-2.83850914249693,3.03781989021714,0.199310747720208
2017,202335,Patrick Patterson,OKC,136,-0.782901481919382,0.97385318858569,0.190951706666308
2017,1628378,Donovan Mitchell,UTA,137,0.67507022818658,-0.506198402150447,0.168871826036133
2017,203506,Victor Oladipo,IND,138,3.12959729532355,-2.96143229310891,0.168165002214638
2017,1627741,Buddy Hield,SAC,139,1.05385044148749,-0.892364845635631,0.161485595851857
2017,203077,Michael Kidd-Gilchrist,CHA,140,1.59162028314921,-1.47389607889188,0.11772420425733
2017,1628462,Milos Teodosic,LAC,141,2.09604480100352,-1.9874442772008,0.108600523802717
2017,1626144,Emmanuel Mudiay,NYK,142,-1.93088985489448,1.98661586561924,0.0557260107247535
2017,203967,Dario Saric,MIN,143,-1.16207081715655,1.16773451746335,0.00566370030679964
2017,1626170,Jerian Grant,ORL,144,-1.26026259238464,1.25524870143622,-0.00501389094842542
2017,1627746,Skal Labissiere,SAC,145,0.20807936795011,-0.241955921604761,-0.0338765536546511
2017,101127,Jarrett Jack,"",146,0.541820427025712,-0.583975304373467,-0.0421548773477551
2017,201609,Goran Dragic,MIA,147,0.319651234621254,-0.372335392422574,-0.0526841578013202
2017,203991,Clint Capela,HOU,148,-1.01615698801989,0.923311401513391,-0.092845586506498
2017,203518,Alex Abrines,OKC,149,0.440605457786162,-0.577163549185665,-0.136558091399504
2017,1628368,De'Aaron Fox,SAC,150,-1.21704699268503,1.01269260985784,-0.204354382827189
2017,201959,Taj Gibson,MIN,151,0.657565132789254,-0.892070793650742,-0.234505660861488
2017,203939,Dwight Powell,DAL,152,-0.145178138744591,-0.117128821882841,-0.262306960627432
2017,1628384,OG Anunoby,TOR,153,1.67662557735254,-1.9488626039789,-0.27223702662636
2017,202693,Markieff Morris,WAS,154,-2.88584232910411,2.60713005587281,-0.278712273231295
2017,1628021,David Nwaba,CLE,155,-0.329102677175894,0.0305114959962914,-0.298591181179602
2017,1627737,Marquese Chriss,HOU,156,-0.890306089653751,0.572036845180427,-0.318269244473324
2017,203490,Otto Porter Jr.,WAS,157,0.661158703193859,-0.985884682432966,-0.324725979239108
2017,1627832,Fred VanVleet,TOR,158,1.46284115666927,-1.82827833858953,-0.36543718192026
2017,1628382,Justin Jackson,SAC,159,-0.101629652065131,-0.301636816488461,-0.403266468553593
2017,1626185,Jarell Martin,ORL,160,-1.21618085429067,0.78043314375273,-0.435747710537937
2017,101133,Ian Mahinmi,WAS,161,0.793598194610216,-1.22969533870977,-0.436097144099553
2017,101141,Ersan Ilyasova,MIL,162,2.2008373105949,-2.64264574062526,-0.441808430030364
2017,201601,Luc Mbah a Moute,LAC,163,1.02589076441461,-1.48840229402141,-0.462511529606798
2017,203076,Anthony Davis,NOP,164,1.05213217221413,-1.55073988809237,-0.498607715878233
2017,203914,Gary Harris,DEN,165,0.621461694753041,-1.12928386715609,-0.507822172403053
2017,203109,Jae Crowder,UTA,166,-0.341566840381638,-0.208842728668337,-0.550409569049975
2017,203497,Rudy Gobert,UTA,167,-0.143795950406547,-0.415960873239654,-0.559756823646202
2017,203115,Will Barton,DEN,168,0.0156651921038917,-0.627983141433767,-0.612317949329875
2017,201577,Robin Lopez,CHI,169,-1.78129963814583,1.15898972788507,-0.622309910260756
2017,203083,Andre Drummond,DET,170,-1.08271734433917,0.432222973477531,-0.650494370861634
2017,202696,Nikola Vucevic,ORL,171,0.377109258236797,-1.0769231771261,-0.699813918889303
2017,1628398,Kyle Kuzma,LAL,172,-0.279253868630049,-0.423036540639319,-0.702290409269368
2017,202344,Trevor Booker,"",173,-0.724192576166256,-0.0223941345784637,-0.74658671074472
2017,201960,DeMarre Carroll,BKN,174,0.288219673428073,-1.05572501583036,-0.767505342402283
2017,203090,Maurice Harkless,POR,175,-1.70467827087536,0.897888189903619,-0.806790080971737
2017,201980,Danny Green,TOR,176,-1.01750587095141,0.207538981672911,-0.8099668892785
2017,1626178,Rondae Hollis-Jefferson,BKN,177,-1.05972902129631,0.23827882983854,-0.821450191457772
2017,1628367,Josh Jackson,PHX,178,-0.163048128522024,-0.711101738856986,-0.87414986737901
2017,1627755,Tyler Ulis,CHI,179,-1.31779137136512,0.400937181952485,-0.916854189412639
2017,1628366,Lonzo Ball,LAL,180,-0.583105246675064,-0.354085238328979,-0.937190485004043
2017,203932,Aaron Gordon,ORL,181,-0.357387245584965,-0.587132867738489,-0.944520113323454
2017,201937,Ricky Rubio,UTA,182,-0.380969785938371,-0.57125099272289,-0.952220778661261
2017,1627733,Dragan Bender,PHX,183,-1.07032541088009,0.115100427436741,-0.955224983443345
2017,201145,Jeff Green,WAS,184,0.989618135822932,-2.02948647612732,-1.03986834030439
2017,203458,Alex Len,ATL,185,-0.548130918483658,-0.518308436278362,-1.06643935476202
2017,203107,Tomas Satoransky,WAS,186,-0.864383169168932,-0.211640150649176,-1.07602331981811
2017,201596,Mario Chalmers,"",187,-0.0703969566188954,-1.00665807570665,-1.07705503232554
2017,1626161,Willie Cauley-Stein,SAC,188,-1.25324047906595,0.173492455752613,-1.07974802331334
2017,1627759,Jaylen Brown,BOS,189,0.00190265658344236,-1.09614890105562,-1.09424624447218
2017,1626164,Devin Booker,PHX,190,-1.20239406814532,0.0493970902199014,-1.15299697792541
2017,2199,Tyson Chandler,LAL,191,-2.67221440476697,1.49693079355266,-1.17528361121431
2017,203924,Jerami Grant,OKC,192,1.01501953764379,-2.20379817318979,-1.188778635546
2017,200768,Kyle Lowry,TOR,193,0.521200885420116,-1.71370285679836,-1.19250197137824
2017,201599,DeAndre Jordan,DAL,194,-1.989813727441,0.791139323430414,-1.19867440401059
2017,201936,Tyreke Evans,IND,195,1.33476250021673,-2.54361391144869,-1.20885141123195
2017,203486,Mason Plumlee,DEN,196,-0.586387479632289,-0.64070369152711,-1.2270911711594
2017,201975,Jodie Meeks,"",197,-1.17542960779688,-0.0677590373901234,-1.243188645187
2017,202339,Eric Bledsoe,MIL,198,0.50766139988988,-1.76860898617808,-1.2609475862882
2017,1628386,Jarrett Allen,BKN,199,-0.359938848068835,-0.903544007182274,-1.26348285525111
2017,1628369,Jayson Tatum,BOS,200,1.25406325047356,-2.53644421805093,-1.28238096757737
2017,202685,Jonas Valanciunas,TOR,201,-2.1391013718604,0.775402468213335,-1.36369890364706
2017,203935,Marcus Smart,BOS,202,0.521168876921027,-1.89436752949261,-1.37319865257158
2017,101109,Raymond Felton,OKC,203,-0.639269131898238,-0.748939806168247,-1.38820893806648
2017,202498,Lance Thomas,NYK,204,-1.63805599322251,0.148798661652983,-1.48925733156953
2017,202357,Nemanja Bjelica,SAC,205,-0.633909257528628,-0.87995721060642,-1.51386646813505
2017,202325,Wesley Johnson,NOP,206,-0.288040225846496,-1.24024875757639,-1.52828898342288
2017,1628415,Dillon Brooks,MEM,207,-0.573014720321693,-0.967725293244147,-1.54074001356584
2017,1627763,Malcolm Brogdon,MIL,208,-1.63012451546135,0.0884646097929813,-1.54165990566837
2017,201163,Wilson Chandler,PHI,209,-1.26734570148136,-0.276660555935619,-1.54400625741698
2017,203516,James Ennis III,HOU,210,-1.23662849362375,-0.323478015776597,-1.56010650940035
2017,203476,Gorgui Dieng,MIN,211,-1.56437277716813,-0.00903123983396927,-1.5734040170021
2017,1626167,Myles Turner,IND,212,-0.418243627750542,-1.28724606089207,-1.70548968864261
2017,200752,Rudy Gay,SAS,213,-0.448323480204513,-1.2799555499131,-1.72827903011761
2017,1627747,Caris LeVert,BKN,214,-1.59404402839162,-0.190225766914769,-1.78426979530639
2017,202323,Evan Turner,POR,215,-2.82151619524266,1.03332013629346,-1.7881960589492
2017,202714,Shelvin Mack,MEM,216,-0.594909488674205,-1.24065881207689,-1.83556830075109
2017,101161,Amir Johnson,PHI,217,-1.90113928717182,0.047387539166489,-1.85375174800533
2017,202709,Cory Joseph,IND,218,-1.52836933372805,-0.369741059867193,-1.89811039359525
2017,203903,Jordan Clarkson,CLE,219,-1.53539105906701,-0.390755316347164,-1.92614637541418
2017,1628400,Semi Ojeleye,BOS,220,-1.98802455783637,0.0276836624443477,-1.96034089539202
2017,203463,Ben McLemore,SAC,221,-2.07419025192269,0.113034321026426,-1.96115593089626
2017,1626159,Justise Winslow,MIA,222,-0.0685096978329209,-1.89876021484476,-1.96726991267769
2017,1628389,Bam Adebayo,MIA,223,-2.28657650787334,0.283516404006796,-2.00306010386655
2017,2730,Dwight Howard,WAS,224,-2.40176964978951,0.385787951372044,-2.01598169841746
2017,1626220,Royce O'Neale,UTA,225,1.05587761603662,-3.09657609358344,-2.04069847754682
2017,201950,Jrue Holiday,NOP,226,1.24571941049196,-3.30470503195446,-2.0589856214625
2017,202691,Klay Thompson,GSW,227,-0.111747460112158,-2.02860033382809,-2.14034779394025
2017,203087,Jeremy Lamb,CHA,228,0.303660916658386,-2.45277903024471,-2.14911811358632
2017,203473,Dewayne Dedmon,ATL,229,-0.74349705532465,-1.51139252416019,-2.25488957948484
2017,200765,Rajon Rondo,LAL,230,-1.5301063341501,-0.794133455099791,-2.32423978924989
2017,1628373,Frank Ntilikina,NYK,231,-1.57794195779058,-0.806227876135329,-2.3841698339259
2017,203145,Kent Bazemore,ATL,232,-1.67289348490804,-0.720479821184923,-2.39337330609296
2017,202340,Avery Bradley,LAC,233,-1.9806390745403,-0.489495179246952,-2.47013425378725
2017,2207,Joe Johnson,"",234,-2.3110458103203,-0.196376133408711,-2.50742194372901
2017,202687,Bismack Biyombo,CHA,235,-3.39070893103863,0.876455510641003,-2.51425342039763
2017,203496,Robert Covington,MIN,236,0.853522369282843,-3.38310100637109,-2.52957863708824
2017,200794,Paul Millsap,DEN,237,-1.40798921744926,-1.13555586910051,-2.54354508654977
2017,202704,Reggie Jackson,DET,238,-0.00618140999301912,-2.60410872931149,-2.6102901393045
2017,1627742,Brandon Ingram,LAL,239,-2.81908468452477,0.14666220170132,-2.67242248282345
2017,2772,Trevor Ariza,PHX,240,-0.868890560414757,-1.81830313799601,-2.68719369841077
2017,1628414,Sindarius Thornwell,LAC,241,-1.73002349679527,-1.06876583101481,-2.79878932781008
2017,1628381,John Collins,ATL,242,-1.27865113812439,-1.52362933305111,-2.8022804711755
2017,201571,D.J. Augustin,ORL,243,-0.59058278352225,-2.24265358789925,-2.8332363714215
2017,1627734,Domantas Sabonis,IND,244,-1.78976883190348,-1.09191396254291,-2.88168279444639
2017,201585,Kosta Koufos,SAC,245,-2.55131904203418,-0.420941489928473,-2.97226053196265
2017,1626204,Larry Nance Jr.,CLE,246,-0.635807826897155,-2.50670061120398,-3.14250843810113
2017,203500,Steven Adams,OKC,247,-2.82219855336392,-0.35625047203921,-3.17844902540314
2017,1627756,Denzel Valentine,CHI,248,-3.23246480520815,0.0367036747522542,-3.19576113045589
2017,2548,Dwyane Wade,MIA,249,-1.83367794189784,-1.4332886078496,-3.26696654974744
2017,204456,T.J. McConnell,PHI,250,-2.03169216761496,-1.27258972778845,-3.30428189540342
2017,204001,Kristaps Porzingis,NYK,251,-0.698183171483465,-2.65134090417508,-3.34952407565854
2017,202066,Garrett Temple,MEM,252,-2.2156134451808,-1.19479355711175,-3.41040700229255
2017,1626169,Stanley Johnson,DET,253,-1.57818302219821,-1.86710245389532,-3.44528547609353
2017,202334,Ed Davis,BKN,254,-0.244659150606633,-3.22387898652209,-3.46853813712872
2017,202355,Hassan Whiteside,MIA,255,-3.42767873605895,-0.0748549269352032,-3.50253366299415
2017,1627812,Yogi Ferrell,SAC,256,-0.634411503221817,-3.05629322360376,-3.69070472682557
2017,1627749,Dejounte Murray,SAS,257,-1.09352892667559,-2.99920030983645,-4.09272923651204
2017,203382,Aron Baynes,BOS,258,-3.09563337253383,-1.22699150021207,-4.3226248727459
2017,202711,Bojan Bogdanovic,IND,259,-1.33849731254107,-3.03784492330666,-4.37634223584773
2017,2738,Andre Iguodala,GSW,260,-1.89824637139376,-2.67417723195231,-4.57242360334607
2017,101139,CJ Miles,TOR,261,-1.66467420720172,-2.97178292231333,-4.63645712951505
2017,2200,Pau Gasol,SAS,262,-2.48455243406119,-2.25821773338384,-4.74277016744503
2017,203994,Jusuf Nurkic,POR,263,-2.86238913538615,-2.90916359905328,-5.77155273443943
