season,rank,name,slug,poss,orapm,drapm,rapm
2015,1,Draymond Green,GSW,12747,4.4064,3.1439,7.5503
2015,2,Stephen Curry,GSW,12356,4.2916,1.8116,6.1032
2015,3,Kawhi Leonard,SAS,9926,2.5113,2.8344,5.3456
2015,4,LeBron James,CLE,11461,3.5938,1.3834,4.9772
2015,5,Kyle Korver,ATL,10441,2.6035,2.37,4.9735
2015,6,Kevin Durant,OKC,11385,4.1958,0.6134,4.8092
2015,7,Russell Westbrook,OKC,12171,3.6376,0.8166,4.4542
2015,8,Kyle Lowry,TOR,12055,2.9094,1.5083,4.4177
2015,9,Chris Paul,LAC,10793,2.8569,1.5368,4.3937
2015,10,Manu Ginobili,SAS,4927,0.9406,2.8444,3.785
2015,11,Brandon Bass,LAL,5850,2.69,0.9093,3.5992
2015,12,Matthew Dellavedova,CLE,7911,1.4933,1.9063,3.3996
2015,13,Dirk Nowitzki,DAL,9942,2.8167,0.5827,3.3994
2015,14,Goran Dragic,MIA,10066,1.6252,1.5678,3.1931
2015,15,Klay Thompson,GSW,11992,3.2254,-0.0448,3.1807
2015,16,Marcelo Huertas,LAL,3708,1.1049,1.9536,3.0585
2015,17,Khris Middleton,MIL,12319,1.5888,1.4191,3.0079
2015,18,Gorgui Dieng,MIN,9475,2.2414,0.7202,2.9616
2015,19,Tim Duncan,SAS,6356,0.6215,2.3197,2.9412
2015,20,Tony Snell,CHI,5650,-0.3861,3.2764,2.8903
2015,21,Wesley Matthews,DAL,11064,3.7635,-0.9173,2.8462
2015,22,Nikola Jokic,DEN,7378,1.4268,1.4178,2.8446
2015,23,Iman Shumpert,CLE,5585,1.0886,1.7075,2.7961
2015,24,Kelly Olynyk,BOS,6279,0.2086,2.5697,2.7783
2015,25,Lavoy Allen,IND,6805,1.1854,1.4878,2.6732
2015,26,J.J. Redick,LAC,9365,0.9589,1.7093,2.6682
2015,27,Paul George,IND,12472,1.0697,1.5839,2.6535
2015,28,Danny Green,SAS,8522,1.1153,1.4855,2.6008
2015,29,Lance Thomas,NYK,5621,1.2431,1.3379,2.581
2015,30,James Harden,HOU,14045,1.8722,0.702,2.5742
2015,31,Patrick Patterson,TOR,8524,2.2343,0.3332,2.5675
2015,32,LaMarcus Aldridge,SAS,9370,2.0366,0.5131,2.5496
2015,33,Patty Mills,SAS,7071,2.2071,0.331,2.5381
2015,34,K.J. McDaniels,HOU,1099,0.5232,1.9744,2.4976
2015,35,C.J. McCollum,POR,12130,1.2707,1.2143,2.485
2015,36,Andre Iguodala,GSW,7841,1.2356,1.2358,2.4715
2015,37,Jrue Holiday,NOP,8053,1.8194,0.6431,2.4626
2015,38,Rodney Hood,UTA,10294,2.4537,0.0065,2.4602
2015,39,DeAndre Jordan,LAC,11554,1.009,1.3742,2.3832
2015,40,Al Horford,ATL,11456,1.0163,1.3568,2.3731
2015,41,Dennis Schroder,ATL,6983,0.4509,1.8743,2.3253
2015,42,Marcin Gortat,WAS,9894,1.33,0.977,2.3071
2015,43,Omri Casspi,SAC,8561,1.4741,0.777,2.2511
2015,44,Mario Chalmers,MIA,503,0.7794,1.4603,2.2396
2015,45,Steven Adams,OKC,8824,-0.5086,2.7424,2.2338
2015,46,Tristan Thompson,CLE,9611,1.2817,0.9468,2.2285
2015,47,Courtney Lee,MEM,6249,0.8273,1.3887,2.216
2015,48,Jeremy Lamb,CHO,5290,-0.2183,2.4316,2.2133
2015,49,Kevin Love,CLE,10121,2.1148,0.0756,2.1904
2015,50,Marvin Williams,CHO,9868,2.6737,-0.5564,2.1173
2015,51,Paul Millsap,ATL,11590,1.4701,0.6467,2.1168
2015,52,Nick Collison,OKC,3028,-0.3237,2.4061,2.0824
2015,53,Solomon Hill,IND,3826,0.9917,1.09,2.0818
2015,54,Pau Gasol,CHI,9938,0.6987,1.38,2.0787
2015,55,Mike Conley,MEM,7346,1.6233,0.4199,2.0432
2015,56,Larry Nance,LAL,5452,0.4679,1.5415,2.0094
2015,57,DeMarcus Cousins,SAC,10296,0.6645,1.3251,1.9895
2015,58,E'Twaun Moore,CHI,5455,1.3907,0.5247,1.9154
2015,59,Shelvin Mack,UTA,3600,0.9122,0.9709,1.8831
2015,60,David West,SAS,5903,0.4976,1.3742,1.8718
2015,61,Kemba Walker,CHO,12312,1.6569,0.208,1.8649
2015,62,Salah Mejri,DAL,1688,0.6471,1.2139,1.861
2015,63,Kentavious Caldwell-Pope,DET,12178,0.4904,1.369,1.8594
2015,64,Mason Plumlee,POR,9093,2.0828,-0.2332,1.8496
2015,65,Raul Neto,UTA,6147,-0.0466,1.8874,1.8407
2015,66,Kevin Garnett,MIN,2357,-0.3501,2.1455,1.7954
2015,67,Joe Johnson,MIA,3243,2.7767,-0.9877,1.7889
2015,68,John Wall,WAS,12292,1.4089,0.3686,1.7775
2015,69,Norman Powell,TOR,3072,1.2054,0.5397,1.7452
2015,70,Amir Johnson,BOS,7912,0.8777,0.8477,1.7254
2015,71,Jeff Withey,UTA,2674,0.4077,1.3008,1.7085
2015,72,Brandon Jennings,DET,1811,0.7241,0.9772,1.7014
2015,73,Mario Chalmers,TOT,5989,0.2706,1.4304,1.7011
2015,74,Isaiah Thomas,BOS,11938,2.0304,-0.3477,1.6827
2015,75,Mario Chalmers,MEM,5486,0.224,1.4277,1.6517
2015,76,Willie Reed,BRK,1843,-0.0351,1.6784,1.6432
2015,77,Jae Crowder,BOS,10376,0.7916,0.8474,1.639
2015,78,Aaron Harrison,CHO,448,0.4295,1.1985,1.6281
2015,79,Cristiano Felicio,CHI,1371,0.9748,0.6138,1.5886
2015,80,C.J. Wilcox,LAC,731,0.6831,0.8905,1.5736
2015,81,Channing Frye,ORL,3098,1.0666,0.4867,1.5534
2015,82,Patrick Beverley,HOU,9075,1.0692,0.4596,1.5288
2015,83,Clint Capela,HOU,6615,0.0917,1.4185,1.5102
2015,84,Matt Bonner,SAS,845,1.126,0.372,1.498
2015,85,Avery Bradley,BOS,11281,2.4987,-1.0057,1.4929
2015,86,Ronnie Price,PHO,5425,-1.2507,2.7374,1.4867
2015,87,Victor Oladipo,ORL,10353,1.3097,0.176,1.4857
2015,88,Rudy Gobert,UTA,7950,-0.5461,1.9498,1.4037
2015,89,Cole Aldrich,LAC,3397,0.1126,1.2803,1.3928
2015,90,Mirza Teletovic,PHO,7659,2.3261,-0.9467,1.3794
2015,91,Terrence Ross,TOR,7343,0.6321,0.7097,1.3418
2015,92,Tim Hardaway,ATL,3756,0.9775,0.3457,1.3233
2015,93,Montrezl Harrell,HOU,1754,0.5244,0.7946,1.3191
2015,94,Channing Frye,TOT,4958,0.961,0.3214,1.2823
2015,95,Ian Mahinmi,IND,7931,-0.0286,1.3014,1.2728
2015,96,Markieff Morris,WAS,3180,0.4522,0.8168,1.269
2015,97,Carmelo Anthony,NYK,10642,1.9845,-0.7252,1.2592
2015,98,Darrell Arthur,DEN,6597,-0.3987,1.6553,1.2566
2015,99,Tony Parker,SAS,8204,0.6049,0.651,1.2559
2015,100,Brandon Jennings,TOT,3847,0.5366,0.6971,1.2337
2015,101,Richaun Holmes,PHI,3199,0.8705,0.3527,1.2232
2015,102,Ish Smith,NOP,2719,1.6258,-0.4098,1.216
2015,103,Shelvin Mack,TOT,4374,0.5526,0.6276,1.1802
2015,104,Serge Ibaka,OKC,10959,2.0382,-0.8673,1.1709
2015,105,Ricky Rubio,MIN,10061,0.9568,0.2126,1.1694
2015,106,Tiago Splitter,ATL,2529,-0.1673,1.3266,1.1593
2015,107,Marcus Smart,BOS,7615,-0.4153,1.5563,1.141
2015,108,Damian Lillard,POR,11846,2.0101,-0.8815,1.1287
2015,109,Jared Dudley,WAS,9211,1.1681,-0.0473,1.1207
2015,110,Otto Porter,WAS,10078,0.937,0.1672,1.1041
2015,111,O.J. Mayo,MIL,4706,-0.4898,1.5929,1.103
2015,112,Anthony Brown,LAL,2593,-0.2833,1.3574,1.0741
2015,113,Luc Mbah a Moute,LAC,5502,-0.1081,1.1814,1.0733
2015,114,Kristaps Porzingis,NYK,8533,0.3541,0.7073,1.0614
2015,115,Meyers Leonard,POR,5774,1.5106,-0.4667,1.0439
2015,116,Jimmy Butler,CHI,10676,0.0379,0.9696,1.0074
2015,117,Hollis Thompson,PHI,9630,0.6178,0.3882,1.006
2015,118,Orlando Johnson,PHO,208,0,0.9964,0.9964
2015,119,Joe Johnson,TOT,11413,1.1879,-0.199,0.9889
2015,120,Chris Johnson,UTA,3653,-0.7666,1.7455,0.9789
2015,121,Cody Zeller,CHO,7584,1.2266,-0.2597,0.9668
2015,122,Rondae Hollis-Jefferson,BRK,2678,-0.7726,1.7122,0.9396
2015,123,Monta Ellis,IND,12086,-0.0291,0.9633,0.9341
2015,124,Marc Gasol,MEM,7452,0.3705,0.5597,0.9301
2015,125,Shaun Livingston,GSW,6629,0.6445,0.2831,0.9275
2015,126,Kyle Anderson,SAS,5166,0.4282,0.4966,0.9248
2015,127,Jordan McRae,CLE,459,0.669,0.247,0.916
2015,128,Hassan Whiteside,MIA,8958,0.1626,0.7512,0.9138
2015,129,Phil Pressey,PHI,788,-0.1532,1.0581,0.905
2015,130,DeMarre Carroll,TOR,3369,-0.0644,0.965,0.9006
2015,131,Marcus Morris,DET,12345,0.9923,-0.095,0.8973
2015,132,Kyrie Irving,CLE,6970,1.9665,-1.09,0.8764
2015,133,Tyreke Evans,NOP,3240,0.8122,0.0607,0.8728
2015,134,John Jenkins,DAL,859,0.5958,0.2733,0.8691
2015,135,Cleanthony Early,NYK,643,0.0538,0.8109,0.8647
2015,136,Andre Miller,SAS,724,0.7105,0.1505,0.861
2015,137,Langston Galloway,NYK,8699,-0.5816,1.4376,0.856
2015,138,Eric Bledsoe,PHO,4794,0.086,0.7653,0.8514
2015,139,Jason Thompson,TOR,1205,0.4188,0.4283,0.8471
2015,140,Jonas Valanciunas,TOR,6577,1.8379,-0.991,0.8469
2015,141,Chandler Parsons,DAL,7582,0.5858,0.2558,0.8416
2015,142,Ryan Anderson,NOP,8838,1.9014,-1.0677,0.8336
2015,143,Channing Frye,CLE,1860,0.785,0.0459,0.8309
2015,144,Elijah Millsap,UTA,755,-0.1816,1.0013,0.8197
2015,145,Brandon Jennings,ORL,2036,0.3698,0.448,0.8177
2015,146,George Hill,IND,10937,0.3277,0.4881,0.8159
2015,147,Nene Hilario,WAS,4909,-0.2167,1.0182,0.8015
2015,148,Jordan McRae,TOT,804,0.4656,0.335,0.8007
2015,149,Justise Winslow,MIA,9508,-1.4234,2.1863,0.7629
2015,150,Dwyane Wade,MIA,9545,1.3625,-0.6013,0.7612
2015,151,Justin Anderson,DAL,2829,-0.9943,1.7489,0.7546
2015,152,Andre Roberson,OKC,6729,0.3896,0.3634,0.753
2015,153,Kirk Hinrich,CHI,2380,-0.6289,1.3697,0.7408
2015,154,Markieff Morris,TOT,7262,-0.3237,1.0613,0.7376
2015,155,Danilo Gallinari,DEN,8037,0.4393,0.2954,0.7347
2015,156,Kirk Hinrich,TOT,2680,-0.5161,1.2416,0.7255
2015,157,Andrew Bogut,GSW,6377,-0.8036,1.5235,0.7199
2015,158,Eric Gordon,NOP,6475,0.2707,0.449,0.7197
2015,159,James Anderson,SAC,3287,-0.0905,0.8046,0.714
2015,160,Alan Anderson,WAS,873,-0.017,0.7219,0.7049
2015,161,Elfrid Payton,ORL,9328,-0.158,0.8552,0.6972
2015,162,Taj Gibson,CHI,8240,0.7375,-0.0422,0.6953
2015,163,Reggie Jackson,DET,10597,1.2822,-0.5896,0.6926
2015,164,Donatas Motiejunas,HOU,2446,-0.262,0.9481,0.6861
2015,165,Joe Johnson,BRK,8170,0.5572,0.1141,0.6713
2015,166,DeMar DeRozan,TOR,11968,0.8282,-0.1577,0.6705
2015,167,Brook Lopez,BRK,10333,0.6763,-0.0099,0.6663
2015,168,Robin Lopez,NYK,9194,0.6361,0.0185,0.6546
2015,169,Jordan McRae,PHO,345,0.1951,0.4522,0.6473
2015,170,Cory Jefferson,PHO,225,0.1376,0.5036,0.6412
2015,171,Randy Foye,DEN,4625,-0.7188,1.3425,0.6237
2015,172,Kirk Hinrich,ATL,300,0.3789,0.2254,0.6043
2015,173,Tarik Black,LAL,2133,-0.1815,0.7765,0.5951
2015,174,Courtney Lee,TOT,9818,0.7545,-0.1626,0.5919
2015,175,Randy Foye,TOT,7107,-0.1912,0.7766,0.5854
2015,176,Harrison Barnes,GSW,9028,1.5775,-0.9981,0.5794
2015,177,JaMychal Green,MEM,6296,0.1917,0.369,0.5607
2015,178,Jonas Jerebko,BOS,5240,-0.3132,0.8514,0.5382
2015,179,Jamal Crawford,LAC,9443,0.2919,0.2443,0.5362
2015,180,Wesley Johnson,LAC,7361,-0.4649,0.991,0.5261
2015,181,Marcus Thornton,HOU,3994,0.6821,-0.1644,0.5176
2015,182,Randy Foye,OKC,2482,0.792,-0.2781,0.5139
2015,183,Chris Bosh,MIA,7387,-0.371,0.88,0.509
2015,184,Cory Joseph,TOR,8749,-0.7494,1.2456,0.4962
2015,185,Tobias Harris,DET,3873,0.7404,-0.2452,0.4953
2015,186,Phil Pressey,TOT,1336,-0.0958,0.5823,0.4864
2015,187,Anthony Morrow,OKC,4044,1.5655,-1.0899,0.4756
2015,188,Aaron Brooks,CHI,4732,0.4291,0.0446,0.4738
2015,189,Gerald Henderson,POR,6251,0.0428,0.4307,0.4735
2015,190,Trevor Booker,UTA,6816,-0.7831,1.2525,0.4694
2015,191,Aaron Gordon,ORL,8156,0.0184,0.4492,0.4676
2015,192,Ty Lawson,IND,1034,0.0021,0.4627,0.4648
2015,193,Marcus Thornton,TOT,5049,0.5283,-0.0704,0.4579
2015,194,Derrick Favors,UTA,8177,0.842,-0.3871,0.4549
2015,195,Lance Stephenson,MEM,2958,1.4104,-0.9571,0.4532
2015,196,Jodie Meeks,DET,176,0.1784,0.2739,0.4523
2015,197,Al-Farouq Aminu,POR,10289,0.6679,-0.2206,0.4473
2015,198,Keith Appling,ORL,115,0.056,0.3912,0.4472
2015,199,Spencer Hawes,CHO,4437,-0.3427,0.7833,0.4407
2015,200,Trevor Ariza,HOU,12802,1.5258,-1.0945,0.4314
2015,201,Ray McCallum,MEM,950,-0.4175,0.8474,0.4299
2015,202,Jordan Hill,IND,6477,0.1356,0.2906,0.4262
2015,203,Jared Sullinger,BOS,8453,-0.1138,0.5244,0.4107
2015,204,Nikola Vucevic,ORL,8722,1.2564,-0.8472,0.4093
2015,205,Raymond Felton,DAL,9367,0.5444,-0.1426,0.4017
2015,206,Boris Diaw,SAS,5915,0.0302,0.3705,0.4007
2015,207,Pablo Prigioni,LAC,3484,-0.4538,0.8535,0.3998
2015,208,Anderson Varejao,CLE,1353,-0.8704,1.2665,0.3961
2015,209,Ish Smith,TOT,9927,1.2968,-0.9145,0.3824
2015,210,Tibor Pleiss,UTA,332,0.3931,-0.0262,0.3669
2015,211,Darren Collison,SAC,10060,0.9235,-0.5675,0.356
2015,212,Eric Moreland,SAC,226,0.0779,0.2752,0.3532
2015,213,Allen Crabbe,POR,9263,0.9632,-0.6196,0.3436
2015,214,Tim Frazier,NOP,2057,0.9038,-0.5705,0.3333
2015,215,Markieff Morris,PHO,4082,-0.9282,1.2518,0.3236
2015,216,Orlando Johnson,TOT,455,0.0419,0.2789,0.3209
2015,217,Deron Williams,DAL,8932,-0.5751,0.8955,0.3203
2015,218,Andrew Nicholson,ORL,3528,-1.2887,1.5778,0.2891
2015,219,Jose Calderon,NYK,8404,1.131,-0.8444,0.2866
2015,220,Amar'e Stoudemire,MIA,3151,0.4482,-0.1627,0.2855
2015,221,Jorge Gutierrez,CHO,286,0.4095,-0.1337,0.2758
2015,222,Maurice Harkless,POR,6440,0.1295,0.1438,0.2733
2015,223,Jordan Mickey,BOS,246,-0.1232,0.3942,0.271
2015,224,Sonny Weems,PHI,351,-0.5348,0.7966,0.2618
2015,225,Kent Bazemore,ATL,9125,-0.2609,0.5212,0.2604
2015,226,C.J. Watson,ORL,2944,0.6465,-0.3979,0.2486
2015,227,Steve Novak,OKC,110,0.2362,-7e-04,0.2356
2015,228,Marcus Thornton,WAS,1055,-0.0537,0.2855,0.2318
2015,229,Jeff Green,MEM,6476,-0.3008,0.5117,0.2109
2015,230,Ray McCallum,TOT,2008,0.037,0.1727,0.2097
2015,231,Andrew Wiggins,MIN,12339,0.3916,-0.1839,0.2077
2015,232,Steve Novak,TOT,212,0.0781,0.0946,0.1727
2015,233,Briante Weber,MIA,11,0.1107,0.0556,0.1663
2015,234,Jarnell Stokes,MIA,58,0.0074,0.1567,0.164
2015,235,Tony Allen,MEM,6796,-0.4574,0.6197,0.1623
2015,236,Andre Miller,TOT,1907,0.8417,-0.6803,0.1614
2015,237,Jeff Green,TOT,9544,0.0235,0.1244,0.1479
2015,238,Sasha Vujacic,NYK,3867,0.1953,-0.059,0.1363
2015,239,Alex Stepheson,LAC,54,-0.099,0.2343,0.1353
2015,240,Nikola Mirotic,CHI,7113,1.572,-1.4392,0.1327
2015,241,Jarnell Stokes,TOT,77,-0.0061,0.1377,0.1316
2015,242,Alex Len,PHO,8062,-0.7948,0.9154,0.1206
2015,243,Nemanja Bjelica,MIN,4687,0.0744,0.0373,0.1117
2015,244,Lucas Nogueira,TOR,967,0.4692,-0.364,0.1052
2015,245,Steve Novak,MIL,102,-0.0925,0.1974,0.1049
2015,246,Josh McRoberts,MIA,2511,0.4908,-0.3884,0.1024
2015,247,Luke Babbitt,NOP,3703,1.0248,-0.9271,0.0977
2015,248,Joakim Noah,CHI,2771,-1.0849,1.1816,0.0967
2015,249,Coty Clarke,BOS,25,0.1665,-0.075,0.0916
2015,250,Blake Griffin,LAC,5284,-0.8419,0.9142,0.0722
2015,251,Sasha Kaun,CLE,437,-0.6248,0.6946,0.0698
2015,252,Ish Smith,PHI,7208,1.1727,-1.1048,0.0679
2015,253,Erick Green,DEN,30,0.0091,0.0504,0.0595
2015,254,James Ennis,MIA,28,-0.0155,0.0679,0.0524
2015,255,J.J. O'Brien,UTA,29,0.0301,0.0214,0.0515
2015,256,Rasual Butler,SAS,1816,0.083,-0.0349,0.0481
2015,257,Chuck Hayes,HOU,107,-0.2157,0.2609,0.0452
2015,258,Josh Huestis,OKC,238,0.0739,-0.0351,0.0388
2015,259,Jarnell Stokes,MEM,19,-0.0473,0.0796,0.0324
2015,260,Vince Carter,MEM,4402,-0.0478,0.0711,0.0234
2015,261,Jeff Green,LAC,3068,0.7081,-0.6932,0.0149
2015,262,Sean Kilpatrick,DEN,370,0.215,-0.2027,0.0123
2015,263,Ray McCallum,SAS,1058,0.445,-0.4331,0.0119
2015,264,Jordan Adams,MEM,72,-0.1039,0.113,0.0091
2015,265,Greg Monroe,MIL,9865,1.3087,-1.3092,-4e-04
2015,266,Michael Kidd-Gilchrist,CHO,864,-0.3515,0.3288,-0.0228
2015,267,Shayne Whittington,IND,170,-0.2908,0.2642,-0.0266
2015,268,Edy Tavares,ATL,324,0.5522,-0.5814,-0.0291
2015,269,Alex Stepheson,TOT,331,-0.4287,0.3978,-0.0309
2015,270,Andrew Goudelock,HOU,244,-0.268,0.2343,-0.0338
2015,271,Ryan Kelly,LAL,2101,-1.207,1.1694,-0.0376
2015,272,Tim Frazier,TOT,3186,0.173,-0.2114,-0.0384
2015,273,Thanasis Antetokounmpo,NYK,28,0.0465,-0.0972,-0.0507
2015,274,Alex Stepheson,MEM,277,-0.493,0.4297,-0.0633
2015,275,Brian Roberts,CHO,1442,0.2866,-0.3572,-0.0706
2015,276,Jeremy Lin,CHO,8887,-0.7222,0.6467,-0.0755
2015,277,Jarell Martin,MEM,1661,-0.5098,0.4305,-0.0793
2015,278,Beno Udrih,MEM,540,-0.5266,0.4432,-0.0835
2015,279,Karl-Anthony Towns,MIN,11355,1.7121,-1.7959,-0.0838
2015,280,Sam Dekker,HOU,30,0.0627,-0.1531,-0.0904
2015,281,Dahntay Jones,CLE,169,0.1761,-0.2685,-0.0924
2015,282,Thabo Sefolosha,ATL,7697,-1.579,1.4823,-0.0967
2015,283,Branden Dawson,LAC,117,0.1151,-0.2119,-0.0968
2015,284,Arron Afflalo,NYK,9856,0.8774,-0.9764,-0.099
2015,285,Udonis Haslem,MIA,1088,-0.1597,0.055,-0.1047
2015,286,Jason Terry,HOU,5661,0.6433,-0.7562,-0.1129
2015,287,Phil Pressey,PHO,548,-0.0134,-0.102,-0.1154
2015,288,Kostas Papanikolaou,DEN,1221,-0.6187,0.4955,-0.1233
2015,289,Evan Turner,BOS,10193,-1.2884,1.1647,-0.1237
2015,290,Kris Humphries,ATL,1317,0.0557,-0.1827,-0.1269
2015,291,T.J. McConnell,PHI,7075,0.6778,-0.8205,-0.1427
2015,292,Alexis Ajinca,NOP,3709,-1.1368,0.9917,-0.1451
2015,293,Robert Covington,PHI,8496,-0.8852,0.7393,-0.1459
2015,294,Darrun Hilliard,DET,1628,-0.1594,0.0038,-0.1556
2015,295,Damjan Rudez,MIN,1192,0.2391,-0.3984,-0.1593
2015,296,Elliot Williams,MEM,185,-0.1272,-0.0341,-0.1613
2015,297,Enes Kanter,OKC,7456,1.602,-1.7682,-0.1662
2015,298,Mario Hezonja,ORL,6132,-0.2444,0.0772,-0.1673
2015,299,Erick Green,TOT,168,0.2705,-0.4406,-0.1701
2015,300,Nazr Mohammed,OKC,87,-0.4215,0.2463,-0.1752
2015,301,Jarrett Jack,BRK,4444,-0.2375,0.0609,-0.1766
2015,302,Chase Budinger,IND,3194,-0.1701,-0.0085,-0.1786
2015,303,Jonathon Simmons,SAS,3467,0.3231,-0.5029,-0.1799
2015,304,Pat Connaughton,POR,623,-1.028,0.843,-0.185
2015,305,Jason Smith,ORL,5145,-0.1895,0.0039,-0.1857
2015,306,Axel Toupane,DEN,1305,0.6847,-0.8735,-0.1888
2015,307,Boban Marjanovic,SAS,2122,0.3954,-0.5861,-0.1907
2015,308,Lamar Patterson,ATL,1736,0.8811,-1.0773,-0.1962
2015,309,Jason Thompson,TOT,2041,-0.0616,-0.1418,-0.2034
2015,310,Jusuf Nurkic,DEN,2377,0.0798,-0.2859,-0.2061
2015,311,Rudy Gay,SAC,10747,0.3155,-0.5227,-0.2072
2015,312,Sergey Karasev,BRK,1755,0.1675,-0.3823,-0.2148
2015,313,Erick Green,UTA,138,0.3273,-0.5474,-0.2201
2015,314,Tyler Hansbrough,CHO,1521,0.2222,-0.4424,-0.2202
2015,315,Robert Sacre,LAL,1421,-0.7272,0.5038,-0.2234
2015,316,Jimmer Fredette,NYK,22,-0.1448,-0.0807,-0.2255
2015,317,Duje Dukan,SAC,113,-0.3067,0.0774,-0.2294
2015,318,Troy Daniels,CHO,2130,-0.2823,0.0519,-0.2303
2015,319,Orlando Johnson,NOP,247,0.0773,-0.3253,-0.248
2015,320,Jon Leuer,PHO,5676,-0.4104,0.1585,-0.2519
2015,321,Wayne Ellington,BRK,6839,-1.361,1.0944,-0.2666
2015,322,Andre Miller,MIN,1183,0.9221,-1.1888,-0.2667
2015,323,D.J. Augustin,DEN,2882,1.2606,-1.5462,-0.2856
2015,324,T.J. Warren,PHO,4826,-0.0254,-0.2809,-0.3063
2015,325,Brian Roberts,TOT,2067,-0.1634,-0.1657,-0.3292
2015,326,Bryce Cotton,PHO,139,0.087,-0.4175,-0.3305
2015,327,Evan Fournier,ORL,11026,1.1921,-1.5233,-0.3312
2015,328,Bryce Cotton,TOT,159,0.0686,-0.4048,-0.3362
2015,329,Tobias Harris,TOT,10697,-0.3696,0.0322,-0.3374
2015,330,Rakeem Christmas,IND,23,0.0879,-0.4344,-0.3465
2015,331,Garrett Temple,WAS,8679,-1.9435,1.5916,-0.3519
2015,332,Luol Deng,MIA,10210,0.1271,-0.4839,-0.3568
2015,333,Josh Richardson,MIA,4703,-0.2976,-0.0601,-0.3577
2015,334,Kevon Looney,GSW,97,0.155,-0.5157,-0.3607
2015,335,D.J. Augustin,TOT,5120,0.224,-0.585,-0.361
2015,336,Cliff Alexander,POR,149,-0.183,-0.1864,-0.3693
2015,337,Mike Dunleavy,CHI,2981,1.533,-1.9038,-0.3708
2015,338,Chris Kaman,POR,469,-0.3507,-0.0214,-0.3722
2015,339,Bryce Cotton,MEM,20,-0.0599,-0.3164,-0.3762
2015,340,Christian Wood,PHI,679,-0.2186,-0.1618,-0.3804
2015,341,Willie Cauley-Stein,SAC,6337,1.0712,-1.4535,-0.3823
2015,342,Beno Udrih,TOT,2967,0.0428,-0.4262,-0.3834
2015,343,Festus Ezeli,GSW,3466,-0.9586,0.5604,-0.3981
2015,344,James Young,BOS,861,0.2627,-0.6883,-0.4256
2015,345,Nicolas Batum,CHO,10467,0.3079,-0.7339,-0.426
2015,346,John Jenkins,TOT,2194,-0.411,-0.0216,-0.4326
2015,347,Dewayne Dedmon,ORL,3052,-0.6027,0.1681,-0.4346
2015,348,Beno Udrih,MIA,2427,0.1694,-0.6196,-0.4502
2015,349,Anderson Varejao,TOT,2171,-0.743,0.2882,-0.4548
2015,350,Chris Andersen,MEM,1496,0.2697,-0.7269,-0.4571
2015,351,D.J. Augustin,OKC,2238,-1.111,0.6528,-0.4582
2015,352,Anthony Davis,NOP,9453,0.151,-0.6095,-0.4585
2015,353,Chris Andersen,TOT,1642,0.2452,-0.7086,-0.4634
2015,354,Leandro Barbosa,GSW,4816,-0.2086,-0.2551,-0.4637
2015,355,Rodney Stuckey,IND,5497,-0.574,0.1042,-0.4698
2015,356,Mike Scott,ATL,4969,-1.4476,0.975,-0.4727
2015,357,Doug McDermott,CHI,8114,-0.185,-0.2901,-0.4751
2015,358,Trey Burke,UTA,5716,-0.3494,-0.1364,-0.4857
2015,359,Jimmer Fredette,TOT,72,-0.3903,-0.1053,-0.4956
2015,360,Giannis Antetokounmpo,MIL,12093,0.368,-0.8651,-0.4971
2015,361,Seth Curry,SAC,3122,0.0805,-0.5817,-0.5012
2015,362,Cameron Bairstow,CHI,459,-0.6391,0.1243,-0.5147
2015,363,Lance Stephenson,TOT,5990,0.0321,-0.5472,-0.5151
2015,364,Jared Cunningham,CLE,1550,-0.3512,-0.1646,-0.5158
2015,365,Chase Budinger,TOT,4085,-0.2127,-0.304,-0.5167
2015,366,Donald Sloan,BRK,5560,0.8864,-1.4057,-0.5192
2015,367,Chris Andersen,MIA,146,-0.0067,-0.521,-0.5277
2015,368,Jared Cunningham,TOT,1777,-0.3857,-0.1457,-0.5314
2015,369,J.R. Smith,CLE,9953,1.0769,-1.6121,-0.5352
2015,370,Gerald Green,MIA,6619,0.1884,-0.7434,-0.555
2015,371,Emmanuel Mudiay,DEN,9071,-0.03,-0.5278,-0.5578
2015,372,Kelly Oubre,WAS,3061,-0.6939,0.1274,-0.5664
2015,373,Alec Burks,UTA,3388,-0.6735,0.1066,-0.5669
2015,374,Joe Harris,CLE,68,0.0279,-0.5951,-0.5672
2015,375,Miles Plumlee,MIL,3727,-0.9985,0.4255,-0.5731
2015,376,Andre Drummond,DET,11636,-1.307,0.7338,-0.5732
2015,377,P.J. Hairston,MEM,1606,-0.5277,-0.0567,-0.5844
2015,378,Metta World Peace,LAL,2496,-1.3884,0.8005,-0.5879
2015,379,Aron Baynes,DET,5263,0.4168,-1.0055,-0.5887
2015,380,Greivis Vasquez,MIL,1927,-0.049,-0.5653,-0.6143
2015,381,Jimmer Fredette,NOP,50,-0.4983,-0.1161,-0.6144
2015,382,Tayshaun Prince,MIN,6119,-1.5074,0.8893,-0.6181
2015,383,Lorenzo Brown,PHO,267,-0.2537,-0.3698,-0.6235
2015,384,JaKarr Sampson,PHI,3095,-0.9682,0.3317,-0.6365
2015,385,Jared Cunningham,MIL,227,-0.6208,-0.0169,-0.6377
2015,386,Ben McLemore,SAC,6620,-0.0178,-0.6283,-0.6461
2015,387,Rajon Rondo,SAC,11643,-0.0676,-0.5807,-0.6482
2015,388,Carl Landry,PHI,2552,0.687,-1.3417,-0.6547
2015,389,Alonzo Gee,NOP,7153,-1.905,1.2437,-0.6613
2015,390,David Lee,BOS,2083,-1.4215,0.7509,-0.6705
2015,391,Terry Rozier,BOS,1342,-0.9861,0.3036,-0.6825
2015,392,David Lee,TOT,3975,-0.962,0.2741,-0.6879
2015,393,James Ennis,NOP,1189,0.3623,-1.055,-0.6926
2015,394,Justin Holiday,CHI,2214,-0.2346,-0.4608,-0.6954
2015,395,James Ennis,TOT,1392,0.2307,-0.9313,-0.7006
2015,396,David Lee,DAL,1892,-0.4562,-0.2508,-0.707
2015,397,Nate Robinson,NOP,100,-0.5152,-0.1964,-0.7116
2015,398,Tim Frazier,POR,1129,-1.1583,0.4428,-0.7156
2015,399,Gordon Hayward,UTA,12075,-0.3052,-0.4124,-0.7176
2015,400,Jeff Ayres,LAC,461,-0.2183,-0.5029,-0.7211
2015,401,Russ Smith,MEM,319,-0.6446,-0.0771,-0.7218
2015,402,Delon Wright,TOR,974,-0.5866,-0.153,-0.7395
2015,403,Michael Carter-Williams,MIL,7185,-1.3737,0.6307,-0.743
2015,404,Tyler Johnson,MIA,3609,-1.2249,0.4731,-0.7519
2015,405,JaKarr Sampson,TOT,5107,-0.8548,0.1016,-0.7532
2015,406,Corey Brewer,HOU,7694,-1.91,1.1534,-0.7565
2015,407,Josh Smith,HOU,1939,-0.3275,-0.438,-0.7655
2015,408,Ed Davis,POR,7287,-1.1202,0.352,-0.7682
2015,409,Kyle O'Quinn,NYK,3253,-0.384,-0.3852,-0.7692
2015,410,Ryan Hollins,WAS,205,-0.4634,-0.3215,-0.785
2015,411,Trey Lyles,UTA,5668,-0.5159,-0.2814,-0.7973
2015,412,Anthony Tolliver,DET,5760,-0.6959,-0.1024,-0.7983
2015,413,C.J. Miles,IND,6545,0.1539,-0.9525,-0.7986
2015,414,Joel Anthony,DET,412,-0.7331,-0.0664,-0.7995
2015,415,Tyler Ennis,MIL,2731,-0.7831,-0.0208,-0.8038
2015,416,Tobias Harris,ORL,6824,-0.9996,0.1896,-0.81
2015,417,Justin Holiday,TOT,3344,-0.2729,-0.5498,-0.8227
2015,418,Zaza Pachulia,DAL,8293,-0.8702,0.0473,-0.8229
2015,419,Damien Inglis,MIL,661,-1.1017,0.262,-0.8397
2015,420,Michael Beasley,HOU,1663,-0.6608,-0.1922,-0.8529
2015,421,Alan Williams,PHO,326,-0.0965,-0.7648,-0.8613
2015,422,Paul Pierce,LAC,5293,0.2173,-1.0836,-0.8663
2015,423,James Ennis,MEM,175,-0.6241,-0.2507,-0.8748
2015,424,Kris Humphries,PHO,351,-0.5744,-0.3087,-0.8831
2015,425,Jordan Clarkson,LAL,11072,0.2372,-1.1232,-0.8861
2015,426,Anthony Bennett,TOR,369,-0.1408,-0.7602,-0.901
2015,427,Kevin Martin,MIN,3645,-0.9895,0.0747,-0.9148
2015,428,Xavier Munford,MEM,1053,-0.2358,-0.6805,-0.9163
2015,429,Will Barton,DEN,10291,-0.7024,-0.2207,-0.9231
2015,430,Brian Roberts,POR,625,-1.2017,0.276,-0.9257
2015,431,JaKarr Sampson,DEN,2012,-0.6805,-0.2522,-0.9327
2015,432,Dwight Powell,DAL,4307,-2.2693,1.3277,-0.9416
2015,433,Sonny Weems,TOT,2294,-1.0267,0.0812,-0.9455
2015,434,Joe Ingles,UTA,5226,-1.4513,0.4657,-0.9856
2015,435,J.J. Barea,DAL,7115,1.3527,-2.3431,-0.9905
2015,436,Bruno Caboclo,TOR,186,-0.8942,-0.1298,-1.024
2015,437,Toney Douglas,NOP,5509,0.8874,-1.9151,-1.0276
2015,438,Kevin Martin,TOT,4751,-0.8062,-0.2238,-1.03
2015,439,Kendrick Perkins,NOP,2354,0.3973,-1.4335,-1.0362
2015,440,P.J. Tucker,PHO,11333,-1.4563,0.4095,-1.0469
2015,441,Marreese Speights,GSW,3625,-0.1085,-0.9413,-1.0499
2015,442,Devyn Marble,ORL,1120,-1.3017,0.2516,-1.0501
2015,443,James Jones,CLE,2007,-1.7896,0.725,-1.0646
2015,444,Thaddeus Young,BRK,10167,0.3385,-1.4045,-1.0659
2015,445,DeJuan Blair,WAS,995,-0.456,-0.6138,-1.0698
2015,446,Justin Holiday,ATL,1130,-0.348,-0.7242,-1.0723
2015,447,Kenneth Faried,DEN,7344,0.8381,-1.9122,-1.0741
2015,448,Dion Waiters,OKC,9564,0.073,-1.151,-1.078
2015,449,Lou Amundson,NYK,880,-1.5187,0.4215,-1.0972
2015,450,Devin Booker,PHO,9411,-0.4814,-0.6172,-1.0986
2015,451,Bryce Dejean-Jones,NOP,1188,-0.7366,-0.3688,-1.1053
2015,452,Justin Harper,DET,139,-0.3172,-0.7966,-1.1138
2015,453,John Henson,MIL,4150,-1.6719,0.5523,-1.1196
2015,454,Jameer Nelson,DEN,4438,-0.2348,-0.8863,-1.1211
2015,455,R.J. Hunter,BOS,1394,-1.7057,0.5833,-1.1224
2015,456,Shabazz Napier,ORL,2553,-0.4279,-0.6983,-1.1262
2015,457,Luis Montero,POR,173,-0.8813,-0.2537,-1.135
2015,458,Elton Brand,PHI,994,-1.6539,0.5108,-1.1432
2015,459,Sonny Weems,PHO,1943,-1.1155,-0.048,-1.1636
2015,460,Rashad Vaughn,MIL,4246,-0.3954,-0.7826,-1.178
2015,461,Jeff Teague,ATL,9886,-0.5541,-0.6292,-1.1833
2015,462,Noah Vonleh,POR,4978,-1.1201,-0.0659,-1.186
2015,463,Austin Rivers,LAC,6473,-1.0442,-0.1447,-1.1889
2015,464,Jabari Parker,MIL,10272,0.191,-1.4074,-1.2165
2015,465,Luis Scola,TOR,6917,-0.1902,-1.0294,-1.2196
2015,466,Al Jefferson,CHO,4686,-1.2566,0.0259,-1.2307
2015,467,J.J. Hickson,DEN,1336,-1.2689,0.0317,-1.2372
2015,468,P.J. Hairston,TOT,5591,-0.5182,-0.7192,-1.2374
2015,469,Jeremy Evans,DAL,1125,-1.1573,-0.095,-1.2523
2015,470,Chris McCullough,BRK,1579,-0.1211,-1.1418,-1.2629
2015,471,John Jenkins,PHO,1335,-1.0588,-0.2114,-1.2702
2015,472,Jerami Grant,PHI,9210,-1.7576,0.4655,-1.2922
2015,473,Norris Cole,NOP,5225,-0.0888,-1.2216,-1.3105
2015,474,Jordan Farmar,MEM,1216,-0.2735,-1.0678,-1.3413
2015,475,J.J. Hickson,TOT,1979,-1.3645,0.0213,-1.3432
2015,476,Archie Goodwin,PHO,5011,0.0934,-1.4678,-1.3744
2015,477,Shane Larkin,BRK,7490,-0.42,-0.9602,-1.3802
2015,478,Chris Copeland,MIL,646,-0.2935,-1.0998,-1.3933
2015,479,Gary Harris,DEN,10613,0.5521,-1.9597,-1.4076
2015,480,Kevin Martin,SAS,1106,-0.2021,-1.2074,-1.4095
2015,481,Kris Humphries,TOT,3737,-0.5377,-0.8909,-1.4286
2015,482,James Johnson,TOR,3863,-0.5327,-0.901,-1.4337
2015,483,Ramon Sessions,WAS,7492,-1.0314,-0.4034,-1.4348
2015,484,Lance Stephenson,LAC,3032,-1.3125,-0.1474,-1.4598
2015,485,Andrea Bargnani,BRK,2692,-0.6825,-0.8056,-1.4881
2015,486,P.J. Hairston,CHO,3985,-0.5143,-0.9862,-1.5006
2015,487,Tyus Jones,MIN,2475,-0.4237,-1.0865,-1.5102
2015,488,Myles Turner,IND,6030,-1.796,0.2397,-1.5564
2015,489,Jarell Eddie,WAS,680,-1.238,-0.321,-1.5589
2015,490,JaVale McGee,DAL,1569,-1.5812,0.0218,-1.5595
2015,491,Nikola Pekovic,MIN,631,-0.6771,-0.8826,-1.5597
2015,492,J.J. Hickson,WAS,643,-1.5632,-1e-04,-1.5633
2015,493,Derrick Rose,CHI,9130,-0.2937,-1.282,-1.5757
2015,494,Josh Smith,TOT,3929,-1.6235,0.0425,-1.581
2015,495,Bradley Beal,WAS,7576,0.1341,-1.7201,-1.5859
2015,496,Tyler Zeller,BOS,3206,-1.2544,-0.3525,-1.6069
2015,497,Quincy Acy,SAC,3922,-1.7647,0.1522,-1.6125
2015,498,Briante Weber,TOT,733,-0.6761,-0.9495,-1.6257
2015,499,Henry Sims,BRK,1156,-0.9398,-0.6888,-1.6286
2015,500,Kevin Seraphin,NYK,2265,-2.1409,0.5083,-1.6326
2015,501,Ian Clark,GSW,2534,-0.2879,-1.3591,-1.647
2015,502,Briante Weber,MEM,722,-0.6881,-0.9648,-1.653
2015,503,Cameron Payne,OKC,3022,-0.4689,-1.1917,-1.6606
2015,504,Brandan Wright,MEM,925,-0.7688,-0.8944,-1.6632
2015,505,Jerian Grant,NYK,5417,-1.7664,0.0955,-1.6708
2015,506,Greg Smith,MIN,840,-0.8877,-0.7861,-1.6738
2015,507,Mitch McGary,OKC,349,-0.8175,-0.8606,-1.6781
2015,508,Charlie Villanueva,DAL,2908,-1.1802,-0.4985,-1.6787
2015,509,Tony Wroten,PHI,675,-1.4443,-0.2622,-1.7065
2015,510,Mike Miller,DEN,1632,-0.8812,-0.8362,-1.7174
2015,511,Jason Thompson,GSW,836,-0.754,-0.9635,-1.7175
2015,512,Frank Kaminsky,CHO,7417,-1.82,0.1004,-1.7196
2015,513,Bismack Biyombo,TOR,7601,-1.9451,0.2249,-1.7202
2015,514,Brandon Knight,PHO,8327,0.0572,-1.7812,-1.7241
2015,515,Chase Budinger,PHO,891,-0.3657,-1.3631,-1.7288
2015,516,Kyle Singler,OKC,4352,-2.1285,0.3901,-1.7383
2015,517,Bojan Bogdanovic,BRK,9033,-0.3063,-1.4437,-1.75
2015,518,Steve Blake,DET,4223,-0.7388,-1.0243,-1.7632
2015,519,Kobe Bryant,LAL,8176,0.4871,-2.2613,-1.7742
2015,520,Thomas Robinson,BRK,3977,-1.2932,-0.525,-1.8182
2015,521,Glenn Robinson,IND,2175,-1.0073,-0.8448,-1.8521
2015,522,Anderson Varejao,GSW,818,-0.5322,-1.33,-1.8622
2015,523,Nerlens Noel,PHI,8699,-2.3391,0.4451,-1.8941
2015,524,Adreian Payne,MIN,2075,-0.5174,-1.3945,-1.9119
2015,525,Devin Harris,DAL,5634,-2.3199,0.4062,-1.9137
2015,526,Drew Gooden,WAS,1376,-0.7904,-1.1289,-1.9193
2015,527,Jordan Hamilton,NOP,1308,-0.2059,-1.7447,-1.9506
2015,528,Johnny O'Bryant,MIL,3559,-0.6039,-1.357,-1.9609
2015,529,Reggie Bullock,DET,1827,-0.3867,-1.6207,-2.0074
2015,530,Dwight Howard,HOU,10097,-1.3701,-0.6403,-2.0104
2015,531,Zach Randolph,MEM,8447,-0.2579,-1.7598,-2.0177
2015,532,Dante Cunningham,NOP,8531,-0.2663,-1.7782,-2.0445
2015,533,Joe Young,IND,1692,-1.4172,-0.6358,-2.0531
2015,534,Caron Butler,SAC,802,-1.5898,-0.4685,-2.0583
2015,535,Shelvin Mack,ATL,774,-1.1198,-0.9689,-2.0888
2015,536,Stanley Johnson,DET,7434,-1.9109,-0.2199,-2.1308
2015,537,Ersan Ilyasova,ORL,1986,-0.2209,-1.9117,-2.1325
2015,538,Timofey Mozgov,CLE,5528,-1.4786,-0.6796,-2.1583
2015,539,Mike Muscala,ATL,2410,-1.1613,-1.0353,-2.1966
2015,540,Courtney Lee,CHO,3569,0.627,-2.8788,-2.2517
2015,541,Richard Jefferson,CLE,5611,-1.9486,-0.3048,-2.2534
2015,542,Zach LaVine,MIN,10016,-0.0638,-2.2266,-2.2904
2015,543,Spencer Dinwiddie,DET,695,-2.5024,0.2113,-2.2912
2015,544,Marco Belinelli,SAC,7508,-1.7005,-0.6011,-2.3016
2015,545,Joffrey Lauvergne,DEN,4467,-0.6405,-1.673,-2.3135
2015,546,Lou Williams,LAL,8394,-0.5435,-1.7849,-2.3285
2015,547,Kris Humphries,WAS,2069,-0.9092,-1.4405,-2.3497
2015,548,Kosta Koufos,SAC,6604,-0.6369,-1.716,-2.3529
2015,549,Kendall Marshall,PHI,1806,-0.2379,-2.1275,-2.3654
2015,550,Josh Smith,LAC,1990,-2.8863,0.5106,-2.3757
2015,551,Ersan Ilyasova,TOT,8270,-1.2565,-1.1437,-2.4002
2015,552,Ersan Ilyasova,DET,6284,-1.5838,-0.901,-2.4848
2015,553,Jerryd Bayless,MIL,6374,-0.8661,-1.6436,-2.5097
2015,554,Derrick Williams,NYK,6095,-1.0801,-1.4906,-2.5707
2015,555,D'Angelo Russell,LAL,9772,-1.6153,-0.9671,-2.5825
2015,556,Matt Barnes,MEM,9356,-0.9626,-1.7573,-2.7199
2015,557,Shabazz Muhammad,MIN,7261,-1.0723,-1.6679,-2.7401
2015,558,Nik Stauskas,PHI,8068,-1.5901,-1.1746,-2.7647
2015,559,Mo Williams,CLE,3149,-2.3775,-0.4507,-2.8283
2015,560,Bobby Portis,CHI,4685,-0.1809,-2.6613,-2.8423
2015,561,Ryan Hollins,TOT,1923,-1.235,-1.6437,-2.8787
2015,562,Sean Kilpatrick,TOT,2727,-0.004,-2.8782,-2.8822
2015,563,Omer Asik,NOP,5018,-1.6952,-1.1938,-2.889
2015,564,Ty Lawson,TOT,6401,-2.0323,-0.8709,-2.9032
2015,565,Gary Neal,WAS,3583,-0.5322,-2.4337,-2.9659
2015,566,Julius Randle,LAL,9914,-0.4076,-2.5618,-2.9695
2015,567,Ryan Hollins,MEM,1718,-1.3271,-1.8014,-3.1285
2015,568,Markel Brown,BRK,4270,-0.5815,-2.5604,-3.1419
2015,569,Brandon Rush,GSW,4678,-0.0455,-3.1186,-3.1641
2015,570,Sean Kilpatrick,BRK,2357,-0.0383,-3.2982,-3.3365
2015,571,James Michael McAdoo,GSW,1179,-1.7292,-1.6238,-3.353
2015,572,Roy Hibbert,LAL,8089,-2.1053,-1.2507,-3.356
2015,573,Nick Young,LAL,4469,-2.2887,-1.1003,-3.389
2015,574,Ty Lawson,HOU,5367,-2.4243,-1.1278,-3.5521
2015,575,Isaiah Canaan,PHI,8683,-2.0626,-1.5051,-3.5677
2015,576,Tyson Chandler,PHO,7113,-3.4167,-0.3488,-3.7655
2015,577,Terrence Jones,HOU,4681,-1.2994,-2.978,-4.2774
2015,578,Jahlil Okafor,PHI,6805,-2.9166,-2.1939,-5.1105
2016,1,Stephen Curry,GSW,12144,5.4182,1.2478,6.666
2016,2,Chris Paul,LAC,8413,2.5115,2.7203,5.2318
2016,3,Jimmy Butler,CHI,11991,2.4034,2.5327,4.9361
2016,4,Jae Crowder,BOS,10256,2.3605,2.5159,4.8764
2016,5,Kyle Lowry,TOR,9515,3.4807,1.2795,4.7602
2016,6,Draymond Green,GSW,11172,1.663,3.0268,4.6899
2016,7,LeBron James,CLE,12053,4.2423,0.3045,4.5469
2016,8,Nikola Jokic,DEN,8971,4.2287,0.2993,4.5279
2016,9,Bradley Beal,WAS,11845,3.1803,1.0612,4.2415
2016,10,Rudy Gobert,UTA,11271,0.6111,3.4793,4.0903
2016,11,Patrick Patterson,TOR,6861,2.5056,1.4323,3.9379
2016,12,Anthony Davis,NOP,11910,0.8876,3.038,3.9256
2016,13,Kevin Love,CLE,8206,2.2716,1.5915,3.8631
2016,14,Danilo Gallinari,DEN,9437,2.4855,1.1285,3.614
2016,15,Kawhi Leonard,SAS,10334,4.4319,-0.8355,3.5964
2016,16,Klay Thompson,GSW,11838,2.7803,0.6397,3.42
2016,17,Patty Mills,SAS,7618,2.0358,1.3736,3.4094
2016,18,Maurice Harkless,POR,9735,2.8572,0.5221,3.3794
2016,19,Kevin Durant,GSW,9387,2.8609,0.3808,3.2417
2016,20,Lou Williams,LAL,6298,3.1698,-0.0014,3.1684
2016,21,Victor Oladipo,OKC,9952,-0.4008,3.5368,3.1359
2016,22,Tim Hardaway,ATL,9567,2.5433,0.5736,3.1169
2016,23,JaVale McGee,GSW,3422,3.2286,-0.1965,3.0321
2016,24,Russell Westbrook,OKC,12700,2.7851,0.1989,2.9839
2016,25,Khris Middleton,MIL,3677,1.8638,1.0682,2.932
2016,26,Gordon Hayward,UTA,10362,2.0977,0.7988,2.8964
2016,27,Danny Green,SAS,7464,0.4248,2.4533,2.878
2016,28,Nikola Mirotic,CHI,7226,1.4991,1.3655,2.8646
2016,29,Jared Dudley,PHO,6236,0.1231,2.68,2.8031
2016,30,Hassan Whiteside,MIA,10786,1.6675,1.0489,2.7164
2016,31,Isaiah Thomas,BOS,11248,5.0891,-2.3848,2.7044
2016,32,Eric Gordon,HOU,10549,0.8211,1.8355,2.6566
2016,33,Mike Conley,MEM,9562,2.7183,-0.1424,2.5759
2016,34,James Harden,HOU,13351,3.04,-0.4967,2.5433
2016,35,Paul Millsap,ATL,10384,0.8455,1.6088,2.4543
2016,36,Paul George,IND,11510,2.0755,0.3504,2.4258
2016,37,George Hill,UTA,6302,0.9973,1.4017,2.3991
2016,38,Aron Baynes,DET,4940,0.2113,2.1675,2.3788
2016,39,Jonas Jerebko,BOS,5346,2.1158,0.2423,2.3581
2016,40,Vince Carter,MEM,7613,1.1035,1.231,2.3345
2016,41,Joel Embiid,PHI,3468,-0.0072,2.3235,2.3163
2016,42,C.J. McCollum,POR,12218,1.8747,0.3839,2.2586
2016,43,Blake Griffin,LAC,9152,1.9598,0.2443,2.2041
2016,44,Ryan Anderson,HOU,9428,1.9058,0.2673,2.1731
2016,45,Lucas Nogueira,TOR,4680,1.0715,1.0885,2.16
2016,46,Zaza Pachulia,GSW,5663,1.3597,0.7442,2.1039
2016,47,Leandro Barbosa,PHO,4313,1.5007,0.6013,2.102
2016,48,Fred VanVleet,TOR,1283,-0.2786,2.3582,2.0795
2016,49,Rudy Gay,SAC,4395,0.0605,1.9768,2.0372
2016,50,Raul Neto,UTA,1461,0.4376,1.5846,2.0222
2016,51,David Lee,SAS,6337,1.2944,0.7142,2.0086
2016,52,DeMar DeRozan,TOR,11290,2.0164,-0.0125,2.0039
2016,53,Beno Udrih,DET,2326,0.5804,1.4052,1.9856
2016,54,Jonathon Simmons,SAS,5963,-0.8782,2.8234,1.9452
2016,55,Andre Iguodala,GSW,8973,1.0557,0.8752,1.9309
2016,56,Patrick Beverley,HOU,9129,2.1595,-0.2461,1.9134
2016,57,Jason Terry,MIL,5755,0.0615,1.8446,1.9061
2016,58,Nemanja Bjelica,MIN,5140,-0.9321,2.789,1.8569
2016,59,Lou Williams,TOT,9055,2.1917,-0.3359,1.8558
2016,60,Pierre Jackson,DAL,360,0.7717,1.0792,1.8509
2016,61,Markieff Morris,WAS,10414,0.6466,1.1838,1.8304
2016,62,Anthony Morrow,CHI,375,0.7618,1.0625,1.8243
2016,63,Giannis Antetokounmpo,MIL,12106,0.3955,1.4258,1.8213
2016,64,Devin Harris,DAL,4576,0.3805,1.4323,1.8128
2016,65,Okaro White,MIA,2001,1.1954,0.6097,1.8051
2016,66,Amir Johnson,BOS,6881,0.7371,1.0308,1.7679
2016,67,David West,GSW,3607,0.4368,1.3168,1.7536
2016,68,Kyle Anderson,SAS,4319,-0.0225,1.7583,1.7358
2016,69,Seth Curry,DAL,8259,1.2373,0.4953,1.7326
2016,70,Manu Ginobili,SAS,5732,0.8862,0.8352,1.7214
2016,71,Greg Monroe,MIL,7750,2.5231,-0.8168,1.7063
2016,72,Tyler Ennis,LAL,1729,0.4,1.2694,1.6694
2016,73,Solomon Hill,NOP,10475,0.3879,1.2762,1.6641
2016,74,Luc Mbah a Moute,LAC,7745,0.3362,1.3209,1.657
2016,75,Nick Young,LAL,6910,1.6628,-0.0187,1.6441
2016,76,Nerlens Noel,DAL,1977,0.9881,0.6355,1.6236
2016,77,DeAndre Jordan,LAC,11277,0.5099,1.0845,1.5944
2016,78,Marreese Speights,LAC,5493,1.7756,-0.1813,1.5943
2016,79,Kyrie Irving,CLE,10945,3.3434,-1.751,1.5924
2016,80,J.J. Barea,DAL,3202,0.4323,1.1566,1.589
2016,81,Wayne Ellington,MIA,6455,1.1901,0.3905,1.5806
2016,82,Dion Waiters,MIA,5970,0.8632,0.6963,1.5595
2016,83,Tomas Satoransky,WAS,3037,0.225,1.3345,1.5595
2016,84,Steven Adams,OKC,10695,0.803,0.7347,1.5378
2016,85,Troy Daniels,MEM,5050,0.7245,0.7746,1.4991
2016,86,Dragan Bender,PHO,2534,0.9832,0.4962,1.4793
2016,87,Malcolm Brogdon,MIL,8444,1.3932,0.076,1.4692
2016,88,Quincy Acy,BRK,2293,0.8659,0.5982,1.4641
2016,89,Serge Ibaka,TOR,2954,0.9241,0.5348,1.4589
2016,90,Robert Covington,PHI,9455,-1.1316,2.584,1.4525
2016,91,Enes Kanter,OKC,6747,1.897,-0.4649,1.4321
2016,92,Marc Gasol,MEM,10616,0.6756,0.7522,1.4278
2016,93,Jamal Murray,DEN,7816,1.0873,0.3271,1.4143
2016,94,Timothe Luwawu-Cabarrot,PHI,5340,-0.4897,1.889,1.3993
2016,95,Monta Ellis,IND,8573,1.4359,-0.0756,1.3603
2016,96,DeMarcus Cousins,SAC,8069,2.0646,-0.7224,1.3422
2016,97,Justin Holiday,NYK,7129,-0.3731,1.7135,1.3403
2016,98,Aaron Gordon,ORL,10057,1.9261,-0.609,1.3171
2016,99,Quincy Acy,TOT,2495,0.7647,0.5373,1.3021
2016,100,Michael Kidd-Gilchrist,CHO,9944,-0.4529,1.7538,1.3009
2016,101,Marcus Smart,BOS,10614,-0.1022,1.3984,1.2962
2016,102,Malik Beasley,DEN,761,0.1084,1.1566,1.2649
2016,103,Isaiah Whitehead,BRK,7394,0.7754,0.4886,1.264
2016,104,Shabazz Napier,POR,2160,1.621,-0.3652,1.2558
2016,105,Tarik Black,LAL,4838,-0.5839,1.8302,1.2463
2016,106,P.J. Tucker,TOR,2611,-0.479,1.7137,1.2347
2016,107,Jusuf Nurkic,POR,2586,0.5848,0.646,1.2308
2016,108,Thaddeus Young,IND,9594,0.6762,0.5392,1.2154
2016,109,James Johnson,MIA,9160,-0.7255,1.9284,1.2029
2016,110,Pau Gasol,SAS,6775,1.6179,-0.415,1.2029
2016,111,Gorgui Dieng,MIN,11239,0.1804,0.9914,1.1717
2016,112,Mindaugas Kuzminskas,NYK,4412,0.6466,0.5209,1.1675
2016,113,Myles Turner,IND,10889,0.647,0.5081,1.1551
2016,114,Stephen Zimmerman,ORL,450,0.6963,0.4575,1.1538
2016,115,Cody Zeller,CHO,7301,0.0684,1.0498,1.1183
2016,116,Clint Capela,HOU,6835,1.439,-0.3371,1.102
2016,117,Delon Wright,TOR,1891,-0.6946,1.7864,1.0918
2016,118,Dorian Finney-Smith,DAL,6709,0.4332,0.6418,1.075
2016,119,Jrue Holiday,NOP,9654,-0.7942,1.8664,1.0722
2016,120,Larry Nance,LAL,6402,-0.0628,1.1338,1.071
2016,121,Dirk Nowitzki,DAL,5943,1.255,-0.191,1.064
2016,122,Lance Stephenson,IND,532,0.95,0.11,1.06
2016,123,Al-Farouq Aminu,POR,7667,-0.1844,1.234,1.0496
2016,124,Ramon Sessions,CHO,3541,0.4327,0.6144,1.047
2016,125,DeMarre Carroll,TOR,7978,0.7046,0.3368,1.0413
2016,126,Caris LeVert,BRK,5717,0.9703,0.0665,1.0368
2016,127,David Nwaba,LAL,1764,-0.5205,1.5485,1.0279
2016,128,Shawn Long,PHI,1051,1.2562,-0.2378,1.0184
2016,129,Trevor Ariza,HOU,12577,1.2808,-0.2669,1.0139
2016,130,Reggie Bullock,DET,2001,0.1958,0.8121,1.0079
2016,131,Paul Pierce,LAC,1189,0.2615,0.7321,0.9936
2016,132,Sean Kilpatrick,BRK,8013,0.5803,0.4058,0.9861
2016,133,Kemba Walker,CHO,11664,1.7725,-0.7882,0.9844
2016,134,J.J. Redick,LAC,9647,1.9311,-0.9515,0.9796
2016,135,Derrick Rose,NYK,9035,2.2513,-1.2754,0.9759
2016,136,Chris McCullough,BRK,318,0.7394,0.2083,0.9476
2016,137,Elfrid Payton,ORL,10628,1.2971,-0.3503,0.9468
2016,138,Darren Collison,SAC,8750,1.4663,-0.5196,0.9468
2016,139,Stanley Johnson,DET,5754,0.7884,0.1573,0.9457
2016,140,Dewayne Dedmon,SAS,5573,-0.8556,1.8004,0.9448
2016,141,Corey Brewer,HOU,4094,0.1753,0.7424,0.9177
2016,142,Dante Exum,UTA,5122,-0.9207,1.822,0.9013
2016,143,Karl-Anthony Towns,MIN,12910,2.6673,-1.8095,0.8577
2016,144,Chris McCullough,TOT,357,0.6523,0.1882,0.8405
2016,145,Jameer Nelson,DEN,8993,0.4871,0.341,0.8281
2016,146,Brandan Wright,MEM,1862,0.1609,0.6469,0.8078
2016,147,DeMarcus Cousins,TOT,10588,1.358,-0.5503,0.8077
2016,148,Ersan Ilyasova,ATL,2808,0.5227,0.2497,0.7724
2016,149,Andrew Bogut,DAL,2356,-1.985,2.7513,0.7663
2016,150,Andrew Bogut,TOT,2357,-1.9841,2.7501,0.7659
2016,151,John Wall,WAS,12651,1.4396,-0.6823,0.7573
2016,152,Mason Plumlee,POR,6563,2.3073,-1.5531,0.7542
2016,153,Roy Hibbert,CHO,2898,-0.0412,0.7934,0.7522
2016,154,Otto Porter,WAS,11480,0.6791,0.0631,0.7423
2016,155,Marcus Morris,DET,10964,-0.5231,1.2609,0.7379
2016,156,Roy Hibbert,TOT,2950,-0.0449,0.7814,0.7364
2016,157,Norman Powell,TOR,5949,0.2198,0.5063,0.7261
2016,158,Luke Babbitt,MIA,4513,-0.2926,1.0084,0.7157
2016,159,Andrew Wiggins,MIN,13093,2.081,-1.3689,0.7121
2016,160,Ish Smith,DET,8399,0.1761,0.5347,0.7108
2016,161,Terrence Ross,ORL,3323,1.7567,-1.064,0.6927
2016,162,Al Horford,BOS,9479,1.1911,-0.5063,0.6848
2016,163,Richard Jefferson,CLE,6985,0.2253,0.4564,0.6817
2016,164,Buddy Hield,SAC,3095,0.6966,-0.015,0.6816
2016,165,Tyler Ennis,TOT,2532,0.004,0.6651,0.6692
2016,166,Darrell Arthur,DEN,2804,0.5331,0.1355,0.6686
2016,167,Ryan Kelly,ATL,470,-0.1409,0.8091,0.6682
2016,168,Robin Lopez,CHI,9589,1.1,-0.4378,0.6623
2016,169,Tobias Harris,DET,10958,0.748,-0.089,0.659
2016,170,Jordan Crawford,NOP,1904,2.263,-1.6114,0.6516
2016,171,A.J. Hammons,DAL,693,-0.0477,0.6856,0.6379
2016,172,Chasson Randle,NYK,969,0.8221,-0.1912,0.6309
2016,173,Jerian Grant,CHI,4328,0.6308,-0.0035,0.6273
2016,174,Ersan Ilyasova,TOT,9555,0.1929,0.4315,0.6244
2016,175,Mirza Teletovic,MIL,4807,-0.2938,0.9092,0.6154
2016,176,Tyus Jones,MIN,3334,1.11,-0.4981,0.6119
2016,177,Serge Ibaka,TOT,10390,0.6617,-0.054,0.6077
2016,178,C.J. Miles,IND,7612,0.4166,0.1866,0.6032
2016,179,Malachi Richardson,SAC,851,-0.2064,0.805,0.5986
2016,180,Ersan Ilyasova,PHI,6445,0.073,0.5172,0.5902
2016,181,John Henson,MIL,4808,-0.2838,0.8663,0.5825
2016,182,Davis Bertans,SAS,3466,0.2598,0.3196,0.5794
2016,183,Lamar Patterson,ATL,166,0.0181,0.5352,0.5534
2016,184,Harrison Barnes,DAL,11485,0.0696,0.4763,0.5459
2016,185,Andrew Harrison,MEM,6265,-1.3994,1.944,0.5446
2016,186,Dante Cunningham,NOP,7194,1.3957,-0.8583,0.5374
2016,187,Anthony Brown,ORL,67,0.4898,0.0447,0.5344
2016,188,Joel Bolomboy,UTA,225,0.0344,0.4884,0.5229
2016,189,Jordan Hill,MIN,185,0.1466,0.3708,0.5173
2016,190,Kyle Singler,OKC,1684,-0.5814,1.0898,0.5084
2016,191,Malcolm Delaney,ATL,5433,-0.9992,1.5047,0.5054
2016,192,Luol Deng,LAL,6523,-0.418,0.9172,0.4992
2016,193,Terrence Ross,TOT,8546,1.6013,-1.106,0.4953
2016,194,Jarell Eddie,PHO,308,-0.366,0.8491,0.4831
2016,195,Damian Lillard,POR,11832,1.5154,-1.0352,0.4802
2016,196,Joe Ingles,UTA,8213,1.2092,-0.7496,0.4596
2016,197,James Ennis,MEM,6325,-0.7115,1.1695,0.458
2016,198,Alan Williams,PHO,3260,-0.0067,0.4576,0.4509
2016,199,Rondae Hollis-Jefferson,BRK,8116,-0.6353,1.0724,0.4372
2016,200,Chasson Randle,TOT,1303,0.6276,-0.1911,0.4365
2016,201,Joe Harris,BRK,5317,-1.5067,1.9389,0.4322
2016,202,Jose Calderon,ATL,1071,-0.5055,0.9319,0.4265
2016,203,Mason Plumlee,TOT,9301,1.753,-1.3278,0.4253
2016,204,Langston Galloway,SAC,1610,0.5374,-0.1134,0.424
2016,205,Tony Allen,MEM,7950,-0.2899,0.711,0.4211
2016,206,Chris Andersen,CLE,483,0.6885,-0.2777,0.4107
2016,207,Kelly Oubre,WAS,7061,-0.1287,0.5291,0.4004
2016,208,Willy Hernangomez,NYK,5786,-0.1345,0.5252,0.3907
2016,209,Deron Williams,DAL,4779,0.5263,-0.1382,0.3882
2016,210,Gary Harris,DEN,7799,3.857,-3.4691,0.3879
2016,211,Josh Huestis,OKC,145,0.2796,0.1077,0.3873
2016,212,Taj Gibson,OKC,2139,0.1504,0.2329,0.3833
2016,213,Terrence Ross,TOR,5223,1.5025,-1.1328,0.3697
2016,214,Tyson Chandler,PHO,5812,0.2302,0.1379,0.3681
2016,215,Rodney Stuckey,IND,2968,0.0688,0.2836,0.3524
2016,216,Brandon Rush,MIN,4366,0.4934,-0.1599,0.3334
2016,217,Lance Stephenson,TOT,1555,-0.3732,0.7028,0.3296
2016,218,Anthony Tolliver,SAC,6381,0.8849,-0.5851,0.2998
2016,219,Corey Brewer,TOT,5690,-0.1,0.3988,0.2989
2016,220,Michael Carter-Williams,CHI,3650,-0.3109,0.6016,0.2907
2016,221,Trey Lyles,UTA,4832,-0.6569,0.9469,0.2899
2016,222,Boban Marjanovic,DET,1242,0.2149,0.0711,0.286
2016,223,Salah Mejri,DAL,3681,-1.0804,1.3657,0.2853
2016,224,Hollis Thompson,NOP,830,-0.528,0.811,0.283
2016,225,Brice Johnson,LAC,36,0.1307,0.1508,0.2815
2016,226,Serge Ibaka,ORL,7436,0.5575,-0.2879,0.2696
2016,227,Thabo Sefolosha,ATL,7024,-0.7478,1.005,0.2572
2016,228,K.J. McDaniels,BRK,1304,0.3108,-0.0545,0.2563
2016,229,John Lucas III,MIN,47,0.0385,0.2139,0.2524
2016,230,Toney Douglas,MEM,1709,0.3955,-0.1612,0.2343
2016,231,Axel Toupane,NOP,179,-0.0411,0.2742,0.2331
2016,232,Aaron Harrison,CHO,72,-0.089,0.3211,0.2321
2016,233,Evan Fournier,ORL,9817,-0.6971,0.924,0.227
2016,234,Norris Cole,OKC,550,-0.3863,0.6085,0.2222
2016,235,Kristaps Porzingis,NYK,9402,-0.5521,0.7436,0.1915
2016,236,Edy Tavares,CLE,94,0.1378,0.0522,0.19
2016,237,Adreian Payne,MIN,594,-0.4291,0.6162,0.1872
2016,238,Christian Wood,CHO,442,-0.2459,0.4316,0.1858
2016,239,Edy Tavares,TOT,109,0.1169,0.067,0.1839
2016,240,Andre Roberson,OKC,10595,-0.6623,0.8322,0.1699
2016,241,Nerlens Noel,TOT,4519,0.174,-0.0044,0.1696
2016,242,Axel Toupane,TOT,202,-0.0465,0.2156,0.1691
2016,243,Anthony Brown,TOT,660,-0.1085,0.2693,0.1608
2016,244,Channing Frye,CLE,6050,0.7691,-0.6105,0.1586
2016,245,Edy Tavares,ATL,15,-0.0141,0.16,0.1459
2016,246,Elijah Millsap,PHO,94,-0.1065,0.2456,0.1392
2016,247,DeAndre Liggins,DAL,97,0.1251,0.0095,0.1347
2016,248,Jeff Withey,UTA,1825,1.1078,-0.9732,0.1346
2016,249,Aaron Brooks,IND,3787,-0.5245,0.6511,0.1266
2016,250,Anthony Brown,NOP,593,-0.1761,0.2947,0.1185
2016,251,C.J. Wilcox,ORL,450,0.0979,0.0156,0.1135
2016,252,Larry Sanders,CLE,57,-0.0343,0.1446,0.1104
2016,253,LaMarcus Aldridge,SAS,9630,-0.2056,0.3136,0.108
2016,254,Bruno Caboclo,TOR,175,-0.2402,0.3282,0.088
2016,255,Greivis Vasquez,BRK,168,0.1097,-0.0307,0.079
2016,256,Wesley Johnson,LAC,3493,-1.1897,1.2634,0.0737
2016,257,Demetrius Jackson,BOS,71,0.0776,-0.0045,0.0731
2016,258,Dahntay Jones,CLE,42,0.1499,-0.0792,0.0708
2016,259,Brandon Jennings,WAS,1639,0.432,-0.3633,0.0686
2016,260,Maurice Ndour,NYK,1419,-0.3052,0.3541,0.0489
2016,261,DeAndre Liggins,TOT,3322,-0.461,0.505,0.0439
2016,262,Lance Stephenson,NOP,742,-1.3544,1.3961,0.0416
2016,263,DeAndre Liggins,CLE,3225,-0.4787,0.5199,0.0412
2016,264,Ron Baker,NYK,3651,-0.3043,0.3453,0.041
2016,265,Michael Gbinije,DET,127,0.1508,-0.1201,0.0306
2016,266,Jake Layman,POR,1089,-0.8719,0.8786,0.0066
2016,267,Tony Snell,MIL,9976,0.4466,-0.4417,0.0049
2016,268,Marvin Williams,CHO,9717,0.1452,-0.1443,8e-04
2016,269,Danuel House,WAS,1,-0.0342,0.0332,-0.001
2016,270,Deron Williams,TOT,6842,0.1409,-0.1424,-0.0015
2016,271,Yogi Ferrell,DAL,4331,0.2647,-0.2698,-0.0051
2016,272,Steve Novak,MIL,80,-0.0337,0.0206,-0.013
2016,273,Thon Maker,MIL,2348,-0.151,0.1362,-0.0148
2016,274,Wayne Selden,NOP,219,-0.2721,0.2558,-0.0162
2016,275,Ricky Rubio,MIN,10507,0.3465,-0.3666,-0.0201
2016,276,Ersan Ilyasova,OKC,302,-0.3153,0.2939,-0.0214
2016,277,Montrezl Harrell,HOU,4775,1.0664,-1.0926,-0.0262
2016,278,Chris McCullough,WAS,39,-0.0572,0.0246,-0.0327
2016,279,Alexis Ajinca,NOP,2567,-0.5594,0.523,-0.0364
2016,280,Tony Parker,SAS,6478,0.1235,-0.1632,-0.0398
2016,281,Archie Goodwin,NOP,124,0.5224,-0.5646,-0.0422
2016,282,Matt Barnes,GSW,1781,-0.6346,0.592,-0.0426
2016,283,Marcin Gortat,WAS,11169,1.0877,-1.1391,-0.0514
2016,284,Jarnell Stokes,DEN,30,-0.0065,-0.0473,-0.0538
2016,285,Spencer Dinwiddie,BRK,5906,-0.2631,0.2054,-0.0577
2016,286,Andrew Bogut,CLE,1,-0.0354,-0.0323,-0.0677
2016,287,Terrence Jones,MIL,29,-0.1622,0.0931,-0.0691
2016,288,Josh Richardson,MIA,6967,-0.698,0.6261,-0.0719
2016,289,Tiago Splitter,PHI,338,0.0444,-0.1223,-0.0779
2016,290,Joe Johnson,UTA,7615,0.4819,-0.5684,-0.0864
2016,291,Marshall Plumlee,NYK,739,0.1962,-0.2881,-0.0918
2016,292,Devin Booker,PHO,12466,0.338,-0.4405,-0.1025
2016,293,Brook Lopez,BRK,10179,-0.0799,-0.0227,-0.1026
2016,294,Johnny O'Bryant,CHO,138,-0.0085,-0.1034,-0.1119
2016,295,Randy Foye,BRK,5844,0.1534,-0.268,-0.1146
2016,296,Sergio Rodriguez,PHI,6658,-0.0277,-0.0878,-0.1155
2016,297,Taj Gibson,TOT,8568,-0.5411,0.4162,-0.1249
2016,298,JaMychal Green,MEM,8735,-0.3666,0.2391,-0.1275
2016,299,Chasson Randle,PHI,334,0.0634,-0.1909,-0.1275
2016,300,Tim Quarterman,POR,345,-0.4146,0.2828,-0.1318
2016,301,Yogi Ferrell,TOT,5017,0.2454,-0.3773,-0.1319
2016,302,Doug McDermott,OKC,1875,0.7261,-0.8587,-0.1326
2016,303,Justise Winslow,MIA,2712,-1.4489,1.3066,-0.1423
2016,304,Roy Hibbert,DEN,52,-0.2529,0.1102,-0.1427
2016,305,Wesley Matthews,DAL,10230,0.1587,-0.3122,-0.1535
2016,306,Jordan Farmar,SAC,147,0.2321,-0.3991,-0.167
2016,307,Gary Neal,ATL,80,-0.2484,0.0676,-0.1808
2016,308,Jerryd Bayless,PHI,307,-0.2229,0.0278,-0.1951
2016,309,Henry Ellenson,DET,612,-0.202,0.0034,-0.1987
2016,310,Carmelo Anthony,NYK,10969,1.1026,-1.3093,-0.2067
2016,311,Patricio Garino,ORL,178,-0.0467,-0.161,-0.2077
2016,312,Jodie Meeks,ORL,3229,1.2458,-1.4605,-0.2148
2016,313,Georges Niang,IND,407,-0.0897,-0.132,-0.2217
2016,314,Iman Shumpert,CLE,8336,0.2725,-0.5078,-0.2353
2016,315,Paul Zipser,CHI,3604,-0.6651,0.4226,-0.2425
2016,316,R.J. Hunter,CHI,38,-0.4294,0.1825,-0.2469
2016,317,Courtney Lee,NYK,10539,1.0972,-1.3465,-0.2493
2016,318,Nene Hilario,HOU,5568,-1.4964,1.2462,-0.2502
2016,319,Alex Poythress,PHI,681,0.5183,-0.7765,-0.2582
2016,320,Shabazz Muhammad,MIN,6509,-0.3042,0.0342,-0.27
2016,321,Meyers Leonard,POR,5325,0.2546,-0.5314,-0.2768
2016,322,Omri Casspi,NOP,112,0.0819,-0.3665,-0.2846
2016,323,K.J. McDaniels,TOT,2226,0.1209,-0.4073,-0.2864
2016,324,Lance Stephenson,MIN,281,-0.2874,-0.0053,-0.2927
2016,325,Briante Weber,GSW,198,-0.115,-0.1783,-0.2933
2016,326,Taj Gibson,CHI,6429,-0.7712,0.4772,-0.294
2016,327,Rodney McGruder,MIA,8387,0.0705,-0.3653,-0.2947
2016,328,Ty Lawson,SAC,7512,0.067,-0.3626,-0.2956
2016,329,John Jenkins,PHO,60,-0.0494,-0.2523,-0.3017
2016,330,Mike Tobey,CHO,97,-0.4818,0.1785,-0.3033
2016,331,Deyonta Davis,MEM,1029,-0.7263,0.4218,-0.3045
2016,332,Darrun Hilliard,DET,1610,-0.7241,0.4178,-0.3064
2016,333,Omri Casspi,SAC,1676,-0.4806,0.1699,-0.3108
2016,334,Jeremy Lin,BRK,4146,-0.2528,-0.0592,-0.312
2016,335,Justin Anderson,PHI,2283,0.1422,-0.4668,-0.3246
2016,336,Tyler Zeller,BOS,2322,-0.7406,0.4131,-0.3275
2016,337,Axel Toupane,MIL,23,-0.0887,-0.24,-0.3288
2016,338,Bojan Bogdanovic,WAS,2686,0.3281,-0.6604,-0.3324
2016,339,Ben Bentil,DAL,47,-0.1302,-0.207,-0.3373
2016,340,Justin Harper,PHI,138,-0.1215,-0.2234,-0.3449
2016,341,Dario Saric,PHI,9563,-1.1051,0.7583,-0.3468
2016,342,Quinn Cook,NOP,481,-0.0201,-0.3307,-0.3508
2016,343,Mason Plumlee,DEN,2738,0.4244,-0.7876,-0.3632
2016,344,Jonas Valanciunas,TOR,8745,0.4214,-0.7875,-0.3662
2016,345,Quinn Cook,TOT,786,0.1932,-0.5659,-0.3727
2016,346,Jerami Grant,PHI,189,-0.519,0.1415,-0.3775
2016,347,Johnny O'Bryant,TOT,336,0.0844,-0.4658,-0.3814
2016,348,Arinze Onuaku,ORL,112,-0.2878,-0.1164,-0.4042
2016,349,Quinn Cook,DAL,305,0.5296,-0.9367,-0.4071
2016,350,Joffrey Lauvergne,CHI,1040,-0.1995,-0.2085,-0.408
2016,351,Mike Scott,ATL,843,-0.6715,0.2605,-0.4109
2016,352,Alec Burks,UTA,2786,-0.496,0.0789,-0.4171
2016,353,Derrick Williams,CLE,1820,0.1335,-0.5524,-0.4188
2016,354,P.J. Tucker,TOT,9906,-0.7608,0.3369,-0.424
2016,355,Gerald Green,BOS,2338,0.0859,-0.5198,-0.4339
2016,356,Jarrett Jack,NOP,141,-0.4035,-0.042,-0.4456
2016,357,Denzel Valentine,CHI,4181,-0.2196,-0.2261,-0.4458
2016,358,Marco Belinelli,CHO,7596,0.452,-0.8997,-0.4476
2016,359,Marcus Georges-Hunt,ORL,210,-0.2991,-0.1552,-0.4543
2016,360,Terrence Jones,TOT,5569,-0.0628,-0.3942,-0.457
2016,361,Terrence Jones,NOP,5540,-0.0623,-0.3967,-0.459
2016,362,Diamond Stone,LAC,106,-0.6077,0.1129,-0.4947
2016,363,Jarell Martin,MEM,2432,-2.263,1.7634,-0.4997
2016,364,Miles Plumlee,MIL,1335,-1.0871,0.5804,-0.5067
2016,365,Georgios Papagiannis,SAC,1506,0.2165,-0.7342,-0.5177
2016,366,Luis Scola,BRK,2069,0.5046,-1.0413,-0.5367
2016,367,Quincy Acy,DAL,202,-0.3835,-0.1534,-0.5369
2016,368,Skal Labissiere,SAC,2632,-0.3245,-0.2212,-0.5457
2016,369,Jeff Teague,IND,11448,0.5915,-1.1407,-0.5492
2016,370,Alex Abrines,OKC,4698,0.7494,-1.299,-0.5495
2016,371,J.R. Smith,CLE,5162,0.0432,-0.5961,-0.5528
2016,372,Derrick Favors,UTA,4804,-0.7123,0.1573,-0.555
2016,373,Johnny O'Bryant,DEN,198,0.1491,-0.7184,-0.5693
2016,374,Jason Smith,WAS,4668,-0.2862,-0.3065,-0.5927
2016,375,Langston Galloway,TOT,6516,-0.6413,0.0458,-0.5955
2016,376,Zach Randolph,MEM,7473,-0.5477,-0.0518,-0.5995
2016,377,Cameron Payne,OKC,1414,-1.3702,0.764,-0.6062
2016,378,Mike Miller,DEN,675,-0.1782,-0.4431,-0.6214
2016,379,Wayne Selden,TOT,987,-0.4297,-0.2039,-0.6337
2016,380,T.J. Warren,PHO,9396,0.6666,-1.3054,-0.6388
2016,381,Dejounte Murray,SAS,1362,-0.8687,0.2194,-0.6493
2016,382,Rodney Hood,UTA,6482,0.1503,-0.802,-0.6517
2016,383,Ronnie Price,PHO,611,-0.2079,-0.4465,-0.6544
2016,384,Matthew Dellavedova,MIL,8514,-0.0107,-0.6495,-0.6602
2016,385,Eric Bledsoe,PHO,9881,0.0951,-0.7669,-0.6717
2016,386,Kris Dunn,MIN,5696,-0.0701,-0.6062,-0.6763
2016,387,Alonzo Gee,DEN,419,-0.4831,-0.1979,-0.6811
2016,388,Damian Jones,GSW,365,-0.5321,-0.1547,-0.6867
2016,389,Willie Reed,MIA,4460,-0.6724,-0.018,-0.6904
2016,390,Joel Anthony,SAS,508,-0.7504,0.0537,-0.6967
2016,391,Matt Barnes,TOT,7679,-0.8718,0.1583,-0.7135
2016,392,Spencer Hawes,MIL,722,-0.3726,-0.3417,-0.7144
2016,393,Nikola Vucevic,ORL,9568,-1.3718,0.6543,-0.7175
2016,394,Glenn Robinson,IND,6169,-0.9141,0.1869,-0.7272
2016,395,Cameron Payne,TOT,2026,-1.1818,0.4544,-0.7274
2016,396,Rakeem Christmas,IND,957,-0.8398,0.1081,-0.7317
2016,397,Miles Plumlee,TOT,2040,-0.7961,0.0587,-0.7374
2016,398,Isaiah Taylor,HOU,235,-0.0784,-0.666,-0.7445
2016,399,Alan Anderson,LAC,1306,-0.0751,-0.6815,-0.7565
2016,400,Derrick Jones,PHO,2510,-0.3164,-0.4453,-0.7617
2016,401,Mike Dunleavy,CLE,1600,-1.2748,0.5085,-0.7663
2016,402,Nik Stauskas,PHI,9690,0.1889,-0.9566,-0.7676
2016,403,Goran Dragic,MIA,10655,0.545,-1.3133,-0.7683
2016,404,Brian Roberts,CHO,1713,-0.981,0.2086,-0.7724
2016,405,Jamal Crawford,LAC,9443,-0.3346,-0.4407,-0.7753
2016,406,Archie Goodwin,TOT,931,-0.3821,-0.4039,-0.7861
2016,407,Cole Aldrich,MIN,2278,0.1456,-0.9327,-0.7871
2016,408,Doug McDermott,TOT,6466,0.3493,-1.1417,-0.7924
2016,409,Wayne Selden,MEM,768,-0.4747,-0.335,-0.8097
2016,410,Jeremy Lamb,CHO,4769,0.7973,-1.6112,-0.8139
2016,411,Frank Kaminsky,CHO,8343,1.0834,-1.9101,-0.8267
2016,412,Bobby Brown,HOU,563,-0.1785,-0.6573,-0.8358
2016,413,Justin Hamilton,BRK,5330,-1.0051,0.165,-0.8401
2016,414,Daniel Ochefu,WAS,325,-0.3196,-0.5293,-0.849
2016,415,Dennis Schroder,ATL,11004,0.1538,-1.0097,-0.856
2016,416,Derrick Williams,TOT,3416,-0.3518,-0.5122,-0.864
2016,417,Briante Weber,TOT,815,-0.2617,-0.6088,-0.8705
2016,418,Kyle Wiltjer,HOU,200,-0.4442,-0.4282,-0.8723
2016,419,Ian Mahinmi,WAS,2448,-1.3762,0.4792,-0.897
2016,420,Archie Goodwin,BRK,807,-0.5211,-0.3793,-0.9004
2016,421,Deron Williams,CLE,2063,-0.7518,-0.1523,-0.9041
2016,422,DeMarcus Cousins,NOP,2519,-0.9055,9e-04,-0.9046
2016,423,Matt Barnes,SAC,5898,-0.9434,0.0274,-0.916
2016,424,Andrew Nicholson,WAS,999,-0.9394,0.0139,-0.9255
2016,425,Langston Galloway,NOP,4906,-1.0282,0.0981,-0.9301
2016,426,Yogi Ferrell,BRK,686,0.1236,-1.0561,-0.9325
2016,427,Wilson Chandler,DEN,9657,0.9178,-1.8545,-0.9367
2016,428,T.J. McConnell,PHI,9610,-0.8568,-0.0865,-0.9433
2016,429,Nerlens Noel,PHI,2542,-0.4592,-0.502,-0.9612
2016,430,Ivica Zubac,LAL,2741,-0.1604,-0.8055,-0.9658
2016,431,Hollis Thompson,TOT,3284,-1.0263,0.0568,-0.9695
2016,432,Chandler Parsons,MEM,2785,-0.3253,-0.6519,-0.9772
2016,433,DeAndre' Bembry,ATL,1580,-0.5506,-0.4281,-0.9787
2016,434,Spencer Hawes,TOT,3497,-1.1639,0.1843,-0.9796
2016,435,Pat Connaughton,POR,1324,0.1277,-1.1102,-0.9825
2016,436,Ian Clark,GSW,5039,-0.7502,-0.2324,-0.9826
2016,437,Marcelo Huertas,LAL,1066,-0.3988,-0.5843,-0.9831
2016,438,Reggie Williams,NOP,360,-0.8428,-0.1534,-0.9962
2016,439,Troy Williams,HOU,653,-0.5944,-0.403,-0.9974
2016,440,Brandon Ingram,LAL,10140,0.1219,-1.1261,-1.0042
2016,441,Cameron Payne,CHI,612,-0.7463,-0.261,-1.0072
2016,442,P.J. Tucker,PHO,7295,-0.8617,-0.1559,-1.0176
2016,443,Sam Dekker,HOU,6373,0.0333,-1.0587,-1.0254
2016,444,Terry Rozier,BOS,5485,-1.8103,0.7712,-1.0391
2016,445,Spencer Hawes,CHO,2775,-1.3698,0.3211,-1.0487
2016,446,K.J. McDaniels,HOU,922,-0.1477,-0.9062,-1.0539
2016,447,Briante Weber,CHO,617,-0.3087,-0.747,-1.0557
2016,448,Andrew Nicholson,TOT,1478,-0.7049,-0.3516,-1.0565
2016,449,Doug McDermott,CHI,4591,0.1954,-1.2573,-1.0619
2016,450,Timofey Mozgov,LAL,4801,-1.5495,0.4866,-1.0629
2016,451,Treveon Graham,CHO,778,-1.0734,0.0093,-1.0641
2016,452,Justin Anderson,TOT,5230,-0.4653,-0.6051,-1.0704
2016,453,Omri Casspi,TOT,2749,-0.3319,-0.7432,-1.0751
2016,454,Willie Cauley-Stein,SAC,6039,-0.794,-0.284,-1.078
2016,455,Nick Collison,OKC,559,-1.3151,0.2256,-1.0894
2016,456,Nicolas Batum,CHO,11231,0.0728,-1.1634,-1.0905
2016,457,Omer Asik,NOP,2097,-1.0145,-0.0802,-1.0947
2016,458,Domantas Sabonis,OKC,7139,-2.1371,1.0317,-1.1054
2016,459,Jarrod Uthoff,DAL,477,-0.2898,-0.8192,-1.1089
2016,460,Boris Diaw,UTA,5223,-0.4061,-0.7078,-1.114
2016,461,Manny Harris,DAL,112,-0.637,-0.4906,-1.1276
2016,462,Cristiano Felicio,CHI,4426,-1.1266,-0.011,-1.1376
2016,463,Lou Williams,HOU,2757,-0.0428,-1.1001,-1.1429
2016,464,Jabari Parker,MIL,7530,0.146,-1.2969,-1.1509
2016,465,Mike Dunleavy,TOT,3648,-1.5013,0.3473,-1.1541
2016,466,Sasha Vujacic,NYK,1795,-1.5831,0.4196,-1.1635
2016,467,Miles Plumlee,CHO,705,-0.2451,-0.9292,-1.1743
2016,468,Anthony Morrow,TOT,3183,-0.7448,-0.4356,-1.1804
2016,469,Sheldon Mac,WAS,1228,-1.3079,0.1247,-1.1832
2016,470,Shaun Livingston,GSW,5799,-1.6513,0.4679,-1.1834
2016,471,Ed Davis,POR,3451,-0.5324,-0.6541,-1.1864
2016,472,Michael Beasley,MIL,4034,0.0569,-1.2462,-1.1894
2016,473,Troy Williams,TOT,2429,-1.0342,-0.1644,-1.1985
2016,474,Jared Sullinger,TOR,497,-1.2146,0.0111,-1.2035
2016,475,Kelly Olynyk,BOS,6728,-1.4088,0.2035,-1.2053
2016,476,Kosta Koufos,SAC,5971,-1.5633,0.3526,-1.2108
2016,477,Jakob Poeltl,TOR,2660,-2.0219,0.802,-1.2199
2016,478,Jon Leuer,DET,8277,-1.7155,0.4823,-1.2332
2016,479,Nicolas Laprovittola,SAS,735,-1.1778,-0.056,-1.2338
2016,480,Evan Turner,POR,7243,-1.9354,0.6852,-1.2502
2016,481,Noah Vonleh,POR,5431,-1.66,0.3989,-1.2611
2016,482,Cory Joseph,TOR,8573,0.0701,-1.3326,-1.2625
2016,483,Kay Felder,CLE,1683,-1.3238,0.0599,-1.2639
2016,484,Troy Williams,MEM,1776,-1.1958,-0.0766,-1.2725
2016,485,Corey Brewer,LAL,1596,-0.8061,-0.4825,-1.2886
2016,486,Jose Calderon,TOT,2328,-1.0534,-0.2443,-1.2977
2016,487,Al Jefferson,IND,3962,-0.6305,-0.6698,-1.3002
2016,488,Anderson Varejao,GSW,418,-0.5752,-0.7321,-1.3073
2016,489,Jusuf Nurkic,TOT,6196,-1.7458,0.4298,-1.316
2016,490,Kentavious Caldwell-Pope,DET,10874,-0.3498,-0.9764,-1.3262
2016,491,Andrew Nicholson,BRK,479,-0.2159,-1.1138,-1.3297
2016,492,Brandon Knight,PHO,5164,-1.1206,-0.2099,-1.3305
2016,493,Brandon Jennings,TOT,7923,-0.3989,-0.9523,-1.3513
2016,494,Richaun Holmes,PHI,5279,0.663,-2.0217,-1.3587
2016,495,Derrick Williams,MIA,1596,-0.9052,-0.4665,-1.3717
2016,496,Hollis Thompson,PHI,2454,-1.1948,-0.1983,-1.3931
2016,497,Bobby Portis,CHI,4234,-0.6957,-0.7043,-1.4
2016,498,Mike Dunleavy,ATL,2048,-1.6783,0.2213,-1.457
2016,499,Jaylen Brown,BOS,5862,-2.1543,0.6951,-1.4592
2016,500,Tristan Thompson,CLE,10045,-1.0823,-0.385,-1.4672
2016,501,Chinanu Onuaku,HOU,230,-0.2952,-1.181,-1.4762
2016,502,James Young,BOS,980,-0.9469,-0.534,-1.4809
2016,503,Tyler Ennis,HOU,803,-0.8485,-0.6359,-1.4844
2016,504,Kris Humphries,ATL,2958,-1.6873,0.1927,-1.4946
2016,505,Lavoy Allen,IND,3749,-0.3992,-1.0989,-1.4981
2016,506,Metta World Peace,LAL,694,-1.0982,-0.406,-1.5042
2016,507,Kyle O'Quinn,NYK,5241,-0.5722,-0.9349,-1.5072
2016,508,Austin Rivers,LAC,8943,-0.4739,-1.0356,-1.5095
2016,509,E'Twaun Moore,NOP,8020,-0.4826,-1.0492,-1.5318
2016,510,Juan Hernangomez,DEN,3697,0.1494,-1.6851,-1.5357
2016,511,Udonis Haslem,MIA,571,-1.6615,0.0996,-1.5618
2016,512,Anthony Morrow,OKC,2808,-0.946,-0.6357,-1.5817
2016,513,D'Angelo Russell,LAL,8050,0.4656,-2.0496,-1.584
2016,514,Dwight Howard,ATL,9730,-3.0165,1.3973,-1.6192
2016,515,Jeff Green,ORL,6690,-1.8391,0.2135,-1.6256
2016,516,Cheick Diallo,NOP,875,-0.5951,-1.0341,-1.6292
2016,517,Bojan Bogdanovic,TOT,9367,-0.1724,-1.4643,-1.6367
2016,518,Kevin Seraphin,IND,2393,-0.8384,-0.7986,-1.637
2016,519,Taurean Waller-Prince,ATL,4329,-3.2807,1.636,-1.6447
2016,520,Justin Anderson,DAL,2947,-0.936,-0.7122,-1.6482
2016,521,Gary Payton,MIL,423,-1.0208,-0.6575,-1.6783
2016,522,Arron Afflalo,SAC,6723,-0.3705,-1.3197,-1.6902
2016,523,Jonathan Gibson,DAL,980,-0.4862,-1.2069,-1.6932
2016,524,Mario Hezonja,ORL,4102,-1.1666,-0.5547,-1.7213
2016,525,Brandon Jennings,NYK,6284,-0.6156,-1.106,-1.7216
2016,526,Garrett Temple,SAC,7426,-0.7936,-0.9333,-1.7269
2016,527,Tim Frazier,NOP,6650,-0.1838,-1.5704,-1.7542
2016,528,Damjan Rudez,ORL,1336,-0.9008,-0.8638,-1.7647
2016,529,Avery Bradley,BOS,7969,-0.5304,-1.2392,-1.7696
2016,530,C.J. Watson,ORL,4379,-1.4904,-0.2905,-1.7808
2016,531,Jordan Mickey,BOS,616,-0.7977,-0.9914,-1.7891
2016,532,Dwyane Wade,CHI,7666,-1.2237,-0.5883,-1.812
2016,533,Joakim Noah,NYK,4378,-0.9482,-0.9079,-1.8561
2016,534,Trey Burke,WAS,2981,-1.0602,-0.8128,-1.873
2016,535,Kent Bazemore,ATL,8748,-1.3478,-0.5363,-1.8842
2016,536,Ben McLemore,SAC,5011,-1.1798,-0.7108,-1.8906
2016,537,Allen Crabbe,POR,9919,-0.6033,-1.2958,-1.899
2016,538,Kevon Looney,GSW,2028,-2.0813,0.1794,-1.9019
2016,539,Zach LaVine,MIN,7404,-0.7992,-1.1031,-1.9023
2016,540,Kyle Korver,ATL,3941,-0.8991,-1.01,-1.9091
2016,541,Joffrey Lauvergne,TOT,4288,-0.9934,-0.9284,-1.9218
2016,542,Gerald Henderson,PHI,7385,-0.6542,-1.2691,-1.9233
2016,543,Tyler Johnson,MIA,9477,-1.7526,-0.1794,-1.932
2016,544,Buddy Hield,TOT,8171,-0.7134,-1.2489,-1.9623
2016,545,Trevor Booker,BRK,7923,-2.2861,0.3213,-1.9648
2016,546,Tyreke Evans,SAC,1325,-1.8287,-0.1379,-1.9666
2016,547,Jordan McRae,CLE,1645,-0.4904,-1.4882,-1.9785
2016,548,Thomas Robinson,LAL,2496,-0.9635,-1.0214,-1.9849
2016,549,Tyler Ulis,PHO,5167,-1.7026,-0.3028,-2.0054
2016,550,Marquese Chriss,PHO,8001,-1.2914,-0.7428,-2.0341
2016,551,Rashad Vaughn,MIL,1945,-1.5168,-0.5505,-2.0674
2016,552,Andre Drummond,DET,10225,-0.8438,-1.2786,-2.1225
2016,553,Tyreke Evans,TOT,3404,-1.5827,-0.5558,-2.1385
2016,554,Bojan Bogdanovic,BRK,6681,-0.3736,-1.7875,-2.1611
2016,555,Julius Randle,LAL,9443,-0.0938,-2.0739,-2.1677
2016,556,Lance Thomas,NYK,4171,-1.0997,-1.0715,-2.1713
2016,557,Josh McRoberts,MIA,1559,-1.0338,-1.1795,-2.2132
2016,558,Shelvin Mack,UTA,4992,-1.565,-0.6753,-2.2403
2016,559,Rajon Rondo,CHI,7882,-0.7261,-1.5144,-2.2406
2016,560,Bryn Forbes,SAS,1205,-1.8536,-0.3896,-2.2432
2016,561,Will Barton,DEN,7510,-0.7964,-1.4487,-2.2451
2016,562,Nicolas Brussino,DAL,2187,-0.4501,-1.7977,-2.2478
2016,563,Tyreke Evans,NOP,2079,-1.4259,-0.8221,-2.248
2016,564,Raymond Felton,LAC,7341,-1.0369,-1.2225,-2.2594
2016,565,Pascal Siakam,TOR,3650,-1.3527,-0.9191,-2.2718
2016,566,Mike Muscala,ATL,5411,-0.8221,-1.5276,-2.3497
2016,567,Emmanuel Mudiay,DEN,6328,-1.0657,-1.3141,-2.3798
2016,568,Kenneth Faried,DEN,5766,-0.4363,-1.9482,-2.3845
2016,569,Joffrey Lauvergne,OKC,3248,-1.2476,-1.1589,-2.4065
2016,570,Bismack Biyombo,ORL,7648,-1.7691,-0.6391,-2.4082
2016,571,Anthony Bennett,BRK,1234,-0.0752,-2.3489,-2.4242
2016,572,Kyle Korver,TOT,7685,-0.5599,-1.8706,-2.4305
2016,573,Omri Casspi,MIN,961,-0.1207,-2.3794,-2.5001
2016,574,Semaj Christon,OKC,4192,-1.2467,-1.2973,-2.5441
2016,575,Joe Young,IND,594,-1.6804,-0.8879,-2.5683
2016,576,Isaiah Canaan,CHI,2497,-1.6901,-0.9416,-2.6316
2016,577,James Jones,CLE,1640,-1.5288,-1.1102,-2.639
2016,578,Jose Calderon,LAL,1257,-1.5202,-1.2465,-2.7667
2016,579,James Michael McAdoo,GSW,2006,-2.4328,-0.3376,-2.7704
2016,580,Brandon Bass,LAC,2451,-0.23,-2.6778,-2.9077
2016,581,Alex Len,PHO,7122,-2.7661,-0.1951,-2.9612
2016,582,Dwight Powell,DAL,5501,-0.5181,-2.4531,-2.9712
2016,583,Kyle Korver,CLE,3744,-0.2027,-2.7765,-2.9793
2016,584,Marcus Thornton,WAS,2486,-0.7177,-2.3255,-3.0432
2016,585,Reggie Jackson,DET,6035,-0.5851,-2.4704,-3.0555
2016,586,Jusuf Nurkic,DEN,3610,-3.4154,0.2749,-3.1405
2016,587,Jordan Clarkson,LAL,10689,-1.0054,-2.1503,-3.1557
2016,588,Jerami Grant,TOT,6879,-2.3497,-1.0345,-3.3842
2016,589,Jerami Grant,OKC,6690,-2.4015,-1.0677,-3.4692
2016,590,Wade Baldwin,MEM,1755,-2.7691,-0.7494,-3.5185
2016,591,Buddy Hield,NOP,5076,-1.5731,-2.0012,-3.5743
2016,592,Donatas Motiejunas,NOP,2120,-0.7841,-2.8812,-3.6653
2016,593,D.J. Augustin,ORL,6606,-3.3341,-0.9778,-4.3119
2016,594,Patrick McCaw,GSW,4843,-3.329,-1.0763,-4.4054
2016,595,Jahlil Okafor,PHI,4924,-2.6217,-1.788,-4.4098
2017,1,Stephen Curry,GSW,7514,5.7829,-0.1951,5.5878
2017,2,Otto Porter,WAS,10428,3.7843,1.4878,5.2721
2017,3,Robert Covington,PHI,11382,1.6796,3.5873,5.2669
2017,4,Joel Embiid,PHI,8486,2.3358,2.7927,5.1285
2017,5,Chris Paul,HOU,7953,4.026,0.4647,4.4907
2017,6,Jordan Bell,GSW,3575,2.8791,1.4177,4.2968
2017,7,Eric Gordon,HOU,9546,2.9699,1.2806,4.2505
2017,8,Damian Lillard,POR,11687,2.749,1.4761,4.2252
2017,9,Jrue Holiday,NOP,13099,1.9065,2.1798,4.0863
2017,10,Victor Oladipo,IND,10978,1.7738,2.2435,4.0173
2017,11,Fred VanVleet,TOR,6556,1.6856,2.2307,3.9163
2017,12,Nikola Jokic,DEN,10438,3.4473,0.3411,3.7884
2017,13,James Harden,HOU,11154,3.504,0.237,3.741
2017,14,Mike James,PHO,3129,1.6624,1.9353,3.5977
2017,15,Josh Huestis,OKC,4228,1.3396,2.1711,3.5106
2017,16,Karl-Anthony Towns,MIN,12392,4.4007,-0.9085,3.4922
2017,17,Mike James,TOT,3216,1.6142,1.874,3.4882
2017,18,LaMarcus Aldridge,SAS,10421,2.3284,1.076,3.4044
2017,19,Danuel House,PHO,1787,1.6685,1.6668,3.3354
2017,20,Jimmy Butler,MIN,9159,1.5209,1.6911,3.212
2017,21,Kyle Korver,CLE,7019,1.6162,1.5568,3.173
2017,22,Tyus Jones,MIN,6188,2.1011,1.0686,3.1697
2017,23,Royce O'Neale,UTA,4939,0.6435,2.522,3.1655
2017,24,Yogi Ferrell,DAL,9721,-0.0944,3.1162,3.0218
2017,25,Tyreke Evans,MEM,6836,1.7809,1.2348,3.0157
2017,26,OG Anunoby,TOR,6445,1.7584,1.2283,2.9867
2017,27,Al Horford,BOS,9683,2.0627,0.8656,2.9283
2017,28,Kelly Olynyk,MIA,7533,3.171,-0.3212,2.8498
2017,29,Ekpe Udoh,UTA,3440,1.0794,1.7556,2.835
2017,30,Jarrett Jack,NYK,6658,2.1181,0.7059,2.824
2017,31,Nene Hilario,HOU,3407,1.067,1.746,2.813
2017,32,Donovan Mitchell,UTA,11336,1.252,1.5452,2.7972
2017,33,Pascal Siakam,TOR,7275,1.6906,1.106,2.7966
2017,34,Anthony Davis,NOP,12223,1.2813,1.4128,2.6941
2017,35,Raul Neto,UTA,2167,0.3964,2.26,2.6564
2017,36,Nicolas Batum,CHO,8829,2.1975,0.408,2.6056
2017,37,Giannis Antetokounmpo,MIL,11939,0.4055,2.1785,2.584
2017,38,Russell Westbrook,OKC,13024,1.7757,0.8005,2.5762
2017,39,Klay Thompson,GSW,11078,1.8091,0.717,2.5261
2017,40,Draymond Green,GSW,10242,1.0893,1.3386,2.4278
2017,41,Jared Dudley,PHO,3087,1.3141,1.0982,2.4124
2017,42,Nikola Mirotic,CHI,2769,2.0651,0.2688,2.3338
2017,43,Shaun Livingston,GSW,4927,0.9729,1.3214,2.2943
2017,44,Kyle Lowry,TOR,11057,1.0886,1.1807,2.2693
2017,45,DeMar DeRozan,TOR,11998,2.3744,-0.1829,2.1915
2017,46,Andre Roberson,OKC,4492,-1.7565,3.9124,2.1559
2017,47,Jayson Tatum,BOS,10433,0.8436,1.2611,2.1047
2017,48,Andre Iguodala,GSW,7233,-0.6863,2.7892,2.1029
2017,49,Marco Belinelli,PHI,3359,1.1357,0.9615,2.0972
2017,50,Al-Farouq Aminu,POR,8995,1.4664,0.5949,2.0614
2017,51,Joe Ingles,UTA,11046,1.2716,0.7481,2.0197
2017,52,Lou Williams,LAC,11775,3.5582,-1.552,2.0063
2017,53,Devin Harris,DAL,3469,0.8657,1.0972,1.9629
2017,54,Langston Galloway,DET,3695,-0.7854,2.7244,1.9391
2017,55,Luc Mbah a Moute,HOU,6799,0.0676,1.8577,1.9253
2017,56,Ersan Ilyasova,ATL,5057,1.7951,0.1185,1.9136
2017,57,John Henson,MIL,8463,1.1277,0.7473,1.875
2017,58,P.J. Tucker,HOU,9983,1.3395,0.5128,1.8523
2017,59,Eric Bledsoe,MIL,9711,1.6649,0.181,1.846
2017,60,Ed Davis,POR,6254,0.5212,1.3187,1.8399
2017,61,Salah Mejri,DAL,3091,0.6922,1.1454,1.8376
2017,62,Ben Simmons,PHI,12414,0.5008,1.3188,1.8196
2017,63,LeBron James,CLE,13267,3.5921,-1.7833,1.8088
2017,64,Serge Ibaka,TOR,9236,1.2163,0.5673,1.7836
2017,65,Ian Mahinmi,WAS,5012,0.3821,1.3953,1.7774
2017,66,Dwight Powell,DAL,7117,0.4141,1.3375,1.7516
2017,67,Eric Bledsoe,TOT,10117,1.5789,0.1691,1.748
2017,68,Kevon Looney,GSW,4000,1.0875,0.6552,1.7427
2017,69,Buddy Hield,SAC,8562,0.8088,0.875,1.6837
2017,70,Lucas Nogueira,TOR,1790,0.4212,1.2278,1.6489
2017,71,Aron Baynes,BOS,6249,-0.8008,2.4258,1.625
2017,72,John Wall,WAS,6273,0.9576,0.6595,1.6171
2017,73,Jose Calderon,CLE,3829,1.5625,0.0414,1.6039
2017,74,Kristaps Porzingis,NYK,6709,0.1959,1.4075,1.6033
2017,75,Marcus Smart,BOS,7024,-0.2456,1.8351,1.5896
2017,76,Delon Wright,TOR,6199,0.5073,1.0732,1.5805
2017,77,Steven Adams,OKC,11021,1.1236,0.4436,1.5672
2017,78,Rudy Gobert,UTA,7879,-0.8481,2.4102,1.5621
2017,79,Thabo Sefolosha,UTA,3429,0.4494,1.0848,1.5343
2017,80,Jaylen Brown,BOS,9282,0.2881,1.243,1.5311
2017,81,Ersan Ilyasova,TOT,7640,0.9617,0.5296,1.4913
2017,82,Channing Frye,CLE,2374,1.614,-0.1655,1.4485
2017,83,Bradley Beal,WAS,12889,0.451,0.9959,1.4469
2017,84,J.J. Redick,PHI,9648,1.4342,0.0032,1.4374
2017,85,Isaiah Canaan,PHO,1783,1.3471,0.0867,1.4338
2017,86,Gary Harris,DEN,10021,0.6282,0.7976,1.4257
2017,87,Isaiah Canaan,TOT,1801,1.334,0.0848,1.4187
2017,88,Tomas Satoransky,WAS,7102,0.4331,0.9727,1.4058
2017,89,Ish Smith,DET,8856,1.108,0.2958,1.4038
2017,90,Channing Frye,TOT,3034,1.4568,-0.0549,1.4019
2017,91,Danilo Gallinari,LAC,2865,0.0057,1.3636,1.3693
2017,92,Caris LeVert,BRK,8351,0.2138,1.1531,1.3669
2017,93,Justin Holiday,CHI,9940,1.0788,0.2868,1.3657
2017,94,Nemanja Bjelica,MIN,5924,0.3776,0.9823,1.3599
2017,95,Kevin Durant,GSW,10433,3.441,-2.0826,1.3584
2017,96,Boban Marjanovic,LAC,767,1.044,0.3066,1.3506
2017,97,Will Barton,DEN,11726,0.7746,0.5759,1.3505
2017,98,Milos Teodosic,LAC,5080,1.0769,0.2729,1.3498
2017,99,Terry Rozier,BOS,8942,-0.5321,1.8426,1.3105
2017,100,Darren Collison,IND,8649,2.2446,-0.9429,1.3017
2017,101,C.J. McCollum,POR,12664,1.1836,0.0819,1.2655
2017,102,Kent Bazemore,ATL,7777,0.1678,1.0898,1.2576
2017,103,Lonzo Ball,LAL,8152,-0.6867,1.9361,1.2493
2017,104,Josh Richardson,MIA,11500,0.2794,0.9615,1.2409
2017,105,Channing Frye,LAL,660,0.8917,0.3427,1.2344
2017,106,Jamal Murray,DEN,11012,3.6885,-2.4724,1.2161
2017,107,Frank Mason,SAC,4050,0.8237,0.3873,1.2109
2017,108,Reggie Jackson,DET,5110,0.9249,0.2859,1.2108
2017,109,James Johnson,MIA,8356,0.8355,0.3643,1.1998
2017,110,Sam Dekker,LAC,3990,0.1137,1.0851,1.1988
2017,111,Isaiah Taylor,ATL,5192,0.1766,1.0136,1.1902
2017,112,Pat Connaughton,POR,6469,0.6831,0.4925,1.1756
2017,113,Blake Griffin,DET,3589,0.1883,0.9734,1.1616
2017,114,Zaza Pachulia,GSW,4260,2.0863,-0.9273,1.1589
2017,115,Blake Griffin,TOT,8647,0.6647,0.4784,1.143
2017,116,Shaquille Harrison,PHO,1765,0.8294,0.3124,1.1418
2017,117,Blake Griffin,LAC,5058,1.0028,0.1271,1.1299
2017,118,Derrick White,SAS,632,-0.3084,1.4323,1.124
2017,119,Dejounte Murray,SAS,7373,-1.4761,2.6,1.1239
2017,120,Rondae Hollis-Jefferson,BRK,8627,0.5363,0.5706,1.107
2017,121,Nikola Vucevic,ORL,7484,0.7038,0.3987,1.1025
2017,122,Antonio Blakeney,CHI,1372,1.0317,0.053,1.0847
2017,123,Kevin Love,CLE,7122,1.8718,-0.7936,1.0783
2017,124,Wayne Ellington,MIA,8683,0.5725,0.5006,1.073
2017,125,Michael Kidd-Gilchrist,CHO,8216,0.4751,0.5862,1.0613
2017,126,George Hill,CLE,2901,1.7752,-0.7352,1.04
2017,127,Khem Birch,ORL,2470,0.3856,0.6476,1.0332
2017,128,Michael Carter-Williams,CHO,3553,0.2103,0.818,1.0283
2017,129,Doug McDermott,DAL,2600,1.4831,-0.4617,1.0214
2017,130,Jakob Poeltl,TOR,6643,1.2394,-0.2212,1.0182
2017,131,Justise Winslow,MIA,7249,-1.0482,2.0651,1.0169
2017,132,Bobby Portis,CHI,7268,1.8496,-0.8404,1.0092
2017,133,Clint Capela,HOU,8761,0.7962,0.1992,0.9954
2017,134,JaKarr Sampson,SAC,1439,-0.6782,1.6666,0.9884
2017,135,Aaron Gordon,ORL,8482,0.2625,0.7227,0.9852
2017,136,Markelle Fultz,PHI,1203,-0.5603,1.5412,0.9809
2017,137,Luke Babbitt,ATL,2491,1.5099,-0.5406,0.9694
2017,138,Kyle Anderson,SAS,8327,0.1104,0.8536,0.9641
2017,139,Dario Saric,PHI,10336,0.9052,0.0586,0.9638
2017,140,Nikola Mirotic,TOT,6730,0.8991,0.0527,0.9518
2017,141,Thaddeus Young,IND,11052,0.8022,0.1464,0.9487
2017,142,Emeka Okafor,NOP,1599,0.1162,0.7855,0.9018
2017,143,Skal Labissiere,SAC,5290,1.5129,-0.6112,0.9017
2017,144,Alex Len,PHO,6405,0.4367,0.4644,0.901
2017,145,Brice Johnson,LAC,182,0.3097,0.5879,0.8976
2017,146,Myles Turner,IND,7834,0.6423,0.2478,0.8901
2017,147,Marreese Speights,ORL,2936,0.4166,0.4693,0.8859
2017,148,Mario Chalmers,MEM,6274,-0.7498,1.635,0.8853
2017,149,Johnny O'Bryant,CHO,1661,-1.1114,1.9921,0.8807
2017,150,Andre Ingram,LAL,295,0.4447,0.4278,0.8726
2017,151,Ivica Zubac,LAL,1814,-0.9335,1.8053,0.8718
2017,152,Khris Middleton,MIL,12909,1.6396,-0.7709,0.8687
2017,153,Malcolm Brogdon,MIL,6211,0.1839,0.6698,0.8537
2017,154,Omari Johnson,MEM,321,1.2472,-0.3945,0.8527
2017,155,Paul Millsap,DEN,4952,-0.0116,0.8615,0.8499
2017,156,Reggie Bullock,DET,7502,0.7751,0.0741,0.8493
2017,157,Julyan Stone,CHO,775,0.3442,0.4923,0.8365
2017,158,Bryn Forbes,SAS,6487,1.1263,-0.2935,0.8328
2017,159,Jae Crowder,UTA,3281,-0.6797,1.5124,0.8328
2017,160,Shabazz Muhammad,MIL,495,0.4559,0.3702,0.8261
2017,161,Taj Gibson,MIN,11727,0.6594,0.1646,0.8241
2017,162,Lorenzo Brown,TOR,571,-0.1092,0.9203,0.8111
2017,163,Devin Harris,TOT,5843,0.6848,0.1225,0.8073
2017,164,Kyle O'Quinn,NYK,6008,1.1204,-0.3261,0.7943
2017,165,Dante Exum,UTA,1037,0.3764,0.4123,0.7887
2017,166,Patrick Beverley,LAC,1411,0.6298,0.1575,0.7874
2017,167,Josh Hart,LAL,6536,0.993,-0.2099,0.7831
2017,168,D.J. Augustin,ORL,7714,-0.5594,1.3377,0.7783
2017,169,Allen Crabbe,BRK,9760,0.6031,0.1724,0.7755
2017,170,Luke Babbitt,TOT,3106,1.217,-0.4432,0.7738
2017,171,Tobias Harris,DET,6672,1.6631,-0.9087,0.7544
2017,172,Alex Caruso,LAL,2532,-0.7,1.4534,0.7535
2017,173,Dakari Johnson,OKC,681,-0.6369,1.3804,0.7435
2017,174,Jacob Wiley,BRK,150,-0.1257,0.8555,0.7298
2017,175,Avery Bradley,LAC,705,0.1574,0.5716,0.7289
2017,176,Jarrett Allen,BRK,6340,0.2499,0.4709,0.7208
2017,177,Ian Clark,NOP,6430,0.9129,-0.1968,0.7161
2017,178,David West,GSW,4250,-1.0305,1.7219,0.6914
2017,179,Luke Kennard,DET,6216,0.9409,-0.276,0.6649
2017,180,Dirk Nowitzki,DAL,7991,2.7003,-2.0359,0.6644
2017,181,Ersan Ilyasova,PHI,2583,-0.6701,1.3344,0.6643
2017,182,Malik Beasley,DEN,2595,0.4467,0.2165,0.6632
2017,183,Tim Hardaway,NYK,8327,0.5526,0.1082,0.6607
2017,184,Kyrie Irving,BOS,8362,1.5567,-0.9127,0.644
2017,185,Rodney McGruder,MIA,1257,1.3816,-0.7495,0.6322
2017,186,Jason Terry,MIL,3477,0.8116,-0.188,0.6235
2017,187,Tyler Zeller,MIL,1805,0.9605,-0.3493,0.6112
2017,188,Matt Williams,MIA,47,0.2063,0.3983,0.6046
2017,189,Boban Marjanovic,TOT,1499,0.5738,0.0181,0.592
2017,190,Domantas Sabonis,IND,7760,0.3706,0.2167,0.5873
2017,191,Malcolm Miller,TOR,537,0.1544,0.4322,0.5866
2017,192,Matt Costello,SAS,134,0.5695,0.0127,0.5823
2017,193,Danny Green,SAS,7485,-0.0254,0.6074,0.5821
2017,194,Tyler Zeller,TOT,4873,0.3036,0.2721,0.5756
2017,195,Georgios Papagiannis,POR,16,0.2485,0.3177,0.5662
2017,196,Rudy Gay,SAS,5259,0.1452,0.42,0.5652
2017,197,Marvin Williams,CHO,8928,-0.107,0.6706,0.5636
2017,198,Evan Fournier,ORL,8210,1.2617,-0.6999,0.5618
2017,199,Amir Johnson,PHI,5302,-0.7746,1.3363,0.5617
2017,200,Malcolm Delaney,ATL,4445,-0.2797,0.8354,0.5556
2017,201,Tyler Zeller,BRK,3068,-0.0829,0.6377,0.5547
2017,202,Kentavious Caldwell-Pope,LAL,11122,0.4406,0.0928,0.5334
2017,203,Trey Burke,NYK,3409,2.7116,-2.2024,0.5092
2017,204,Isaiah Thomas,LAL,2093,1.4253,-0.9299,0.4954
2017,205,Dwyane Wade,CLE,4768,-0.4955,0.9805,0.485
2017,206,Glenn Robinson,IND,1441,0.086,0.3954,0.4813
2017,207,Tim Frazier,WAS,3596,0.2621,0.2168,0.4789
2017,208,Alan Williams,PHO,295,-0.2734,0.7514,0.478
2017,209,Cole Aldrich,MIN,218,0.3051,0.1694,0.4745
2017,210,Manu Ginobili,SAS,5628,0.8479,-0.3755,0.4724
2017,211,Zach Collins,POR,4433,0.8906,-0.4193,0.4713
2017,212,DeMarre Carroll,BRK,9620,-0.3626,0.8156,0.453
2017,213,Alec Peters,PHO,1012,0.5036,-0.0583,0.4454
2017,214,Travis Wear,LAL,989,0.3719,0.0642,0.4361
2017,215,Al Jefferson,IND,2074,0.1978,0.2374,0.4353
2017,216,Milton Doyle,BRK,540,0.0281,0.4013,0.4294
2017,217,Cedi Osman,CLE,2931,1.2999,-0.8759,0.424
2017,218,Larry Nance,CLE,2185,-0.6929,1.1083,0.4154
2017,219,MarShon Brooks,MEM,843,1.1286,-0.7252,0.4034
2017,220,Wade Baldwin,POR,356,0.0316,0.3715,0.403
2017,221,Jon Leuer,DET,604,-0.2429,0.6441,0.4012
2017,222,Jusuf Nurkic,POR,9064,-1.0026,1.3907,0.3881
2017,223,Nigel Hayes,LAL,44,0.4962,-0.1216,0.3745
2017,224,Derrick Favors,UTA,9085,0.5973,-0.2288,0.3685
2017,225,Kawhi Leonard,SAS,897,-0.6907,1.0551,0.3643
2017,226,Rodney Hood,CLE,2336,1.3572,-0.9931,0.3641
2017,227,Gian Clavell,DAL,275,0.0028,0.3585,0.3613
2017,228,Gary Payton,LAL,514,0.5073,-0.1537,0.3537
2017,229,Bruno Caboclo,TOR,27,0.0903,0.2552,0.3456
2017,230,Troy Williams,NYK,1284,0.8123,-0.4678,0.3445
2017,231,Willy Hernangomez,CHO,1160,0.4825,-0.1392,0.3433
2017,232,Mike Conley,MEM,1558,0.0732,0.2696,0.3428
2017,233,Dewayne Dedmon,ATL,6713,0.0401,0.2993,0.3394
2017,234,Davis Bertans,SAS,4637,-0.225,0.5527,0.3277
2017,235,Jabari Bird,BOS,503,0.3894,-0.0625,0.327
2017,236,Damien Wilkins,IND,643,0.4466,-0.1216,0.325
2017,237,Shane Larkin,BOS,3289,-1.3327,1.6566,0.3239
2017,238,Jamil Wilson,LAC,1185,-0.3352,0.6565,0.3213
2017,239,Jeff Withey,DAL,180,-0.0733,0.3891,0.3158
2017,240,Darrun Hilliard,SAS,401,0.7891,-0.4858,0.3032
2017,241,Iman Shumpert,CLE,1215,-0.3112,0.6138,0.3026
2017,242,Montrezl Harrell,LAC,5863,0.6336,-0.3344,0.2992
2017,243,Troy Williams,TOT,1356,0.7568,-0.4596,0.2972
2017,244,Davon Reed,PHO,1112,-0.9611,1.2583,0.2971
2017,245,Brandan Wright,HOU,68,0.4107,-0.1139,0.2968
2017,246,Jarell Eddie,CHI,14,0.157,0.1331,0.2902
2017,247,Tyler Johnson,MIA,8804,-0.0182,0.2984,0.2802
2017,248,Shabazz Napier,POR,6529,-0.1051,0.3836,0.2785
2017,249,JaVale McGee,GSW,2746,0.7899,-0.52,0.2699
2017,250,Nicolas Brussino,ATL,44,-0.0751,0.3358,0.2607
2017,251,Jordan Clarkson,CLE,2788,-0.2353,0.493,0.2577
2017,252,Dwayne Bacon,CHO,3152,-0.614,0.8604,0.2464
2017,253,Mangok Mathiang,CHO,89,0,0.2411,0.2411
2017,254,Jarell Martin,MEM,7163,-0.6806,0.9083,0.2277
2017,255,Anthony Brown,MIN,20,0.1078,0.1187,0.2265
2017,256,Justin Patton,MIN,20,0.1078,0.1187,0.2265
2017,257,R.J. Hunter,HOU,191,-0.0109,0.2364,0.2254
2017,258,Briante Weber,MEM,532,0.583,-0.3576,0.2254
2017,259,Bruno Caboclo,TOT,439,-0.2171,0.4319,0.2148
2017,260,Marcus Paige,CHO,121,0.2505,-0.0409,0.2096
2017,261,Bruno Caboclo,SAC,412,-0.2373,0.4435,0.2062
2017,262,Patty Mills,SAS,8959,1.4127,-1.2065,0.2062
2017,263,Frank Ntilikina,NYK,7409,-1.651,1.8538,0.2028
2017,264,Mirza Teletovic,MIL,694,-0.1011,0.3011,0.2001
2017,265,Trevor Ariza,HOU,9987,-0.0513,0.2509,0.1996
2017,266,Michael Beasley,NYK,7187,1.1027,-0.9053,0.1974
2017,267,Ricky Rubio,UTA,9606,-0.6424,0.8387,0.1963
2017,268,Dorian Finney-Smith,DAL,1921,-0.8146,1.0072,0.1926
2017,269,Dwight Howard,CHO,10965,-0.2995,0.4878,0.1883
2017,270,Gary Payton,TOT,969,0.2431,-0.0569,0.1862
2017,271,Damian Jones,GSW,368,-0.167,0.3496,0.1826
2017,272,Goran Dragic,MIA,10252,0.4483,-0.2667,0.1817
2017,273,Derrick Rose,MIN,486,0.1127,0.0681,0.1809
2017,274,Jordan Crawford,NOP,259,0.6022,-0.4223,0.18
2017,275,Ron Baker,NYK,1670,0.3329,-0.16,0.1729
2017,276,Jeff Green,CLE,8098,-0.798,0.9599,0.1619
2017,277,Jonas Jerebko,UTA,4811,0.6991,-0.5394,0.1598
2017,278,Jonathan Gibson,BOS,178,0.4416,-0.2901,0.1515
2017,279,Malachi Richardson,TOR,18,0.1494,0,0.1494
2017,280,Devin Robinson,WAS,62,-0.0366,0.1813,0.1447
2017,281,Jacob Pullen,PHI,28,-0.0779,0.2128,0.1349
2017,282,Vince Carter,SAC,4355,-0.2674,0.3995,0.1321
2017,283,Chris McCullough,WAS,436,-0.1159,0.2464,0.1305
2017,284,Shelvin Mack,ORL,5905,-0.4009,0.5303,0.1295
2017,285,Deyonta Davis,MEM,4149,0.3846,-0.2664,0.1182
2017,286,James Michael McAdoo,PHI,76,0.1238,-0.0084,0.1155
2017,287,Naz Mitrou-Long,UTA,1,0.0674,0.035,0.1025
2017,288,Damion Lee,ATL,1785,-0.2399,0.3324,0.0925
2017,289,Nigel Hayes,TOR,24,-0.0315,0.1151,0.0836
2017,290,Tyler Ennis,LAL,3047,-1.0698,1.1517,0.082
2017,291,Isaiah Whitehead,BRK,788,-0.635,0.713,0.078
2017,292,Kay Felder,DET,23,0.0012,0.0717,0.073
2017,293,Josh Magette,ATL,914,0.2358,-0.1632,0.0727
2017,294,Willie Reed,DET,36,0.1724,-0.1001,0.0722
2017,295,Willie Reed,TOT,1956,-0.0572,0.1284,0.0711
2017,296,Willie Reed,LAC,1920,-0.0615,0.1327,0.0711
2017,297,Larry Drew,NOP,235,0.2347,-0.168,0.0667
2017,298,Quincy Acy,BRK,5971,0.3264,-0.2613,0.0651
2017,299,Vince Hunter,MEM,32,-0.0064,0.064,0.0576
2017,300,Chandler Parsons,MEM,2971,1.3412,-1.2881,0.0532
2017,301,Brice Johnson,TOT,448,-0.0295,0.0755,0.0459
2017,302,Gordon Hayward,BOS,22,-0.0356,0.0733,0.0377
2017,303,Josh McRoberts,DAL,24,0.0088,0.0179,0.0266
2017,304,J.J. Barea,DAL,6810,1.3279,-1.3065,0.0214
2017,305,Mike Muscala,ATL,4766,0.0797,-0.0609,0.0188
2017,306,Terrence Ross,ORL,2705,-0.1982,0.216,0.0178
2017,307,Larry Drew,TOT,285,0.1738,-0.1611,0.0127
2017,308,Xavier Silas,BOS,34,0.0071,-0.0032,0.004
2017,309,Udonis Haslem,MIA,287,-0.4272,0.4264,-8e-04
2017,310,Omer Asik,NOP,534,0.1033,-0.1045,-0.0012
2017,311,Trey McKinney-Jones,IND,5,0.0335,-0.0352,-0.0017
2017,312,Chris Boucher,GSW,5,-0.0645,0.0628,-0.0017
2017,313,Gary Payton,MIL,455,-0.0553,0.0524,-0.0029
2017,314,Dillon Brooks,MEM,9981,-0.9082,0.9003,-0.0079
2017,315,Nikola Mirotic,NOP,3961,0.084,-0.0984,-0.0144
2017,316,Luke Babbitt,MIA,615,0.0305,-0.0488,-0.0183
2017,317,Monte Morris,DEN,111,0.0459,-0.0652,-0.0193
2017,318,Brandan Wright,TOT,1655,-1.3597,1.3324,-0.0273
2017,319,Kendrick Perkins,CLE,68,0.0738,-0.102,-0.0282
2017,320,Mindaugas Kuzminskas,NYK,6,-0.1248,0.0953,-0.0296
2017,321,Reggie Hearn,DET,28,-0.067,0.0306,-0.0364
2017,322,Marshall Plumlee,MIL,236,-0.5846,0.5458,-0.0388
2017,323,Brandan Wright,MEM,1587,-1.4356,1.3944,-0.0412
2017,324,Rashad Vaughn,BRK,16,0,-0.0487,-0.0487
2017,325,Thomas Bryant,LAL,325,-0.0743,0.0248,-0.0495
2017,326,Nate Wolters,UTA,74,-0.0094,-0.0405,-0.0498
2017,327,Guerschon Yabusele,BOS,1032,-0.1199,0.0601,-0.0598
2017,328,PJ Dozier,OKC,10,-0.0239,-0.039,-0.0628
2017,329,George Hill,TOT,7665,0.8826,-0.946,-0.0634
2017,330,Jarell Eddie,TOT,35,-0.0274,-0.0429,-0.0703
2017,331,Isaiah Canaan,HOU,18,0.038,-0.1108,-0.0728
2017,332,Jerami Grant,OKC,7210,-0.6366,0.5634,-0.0733
2017,333,Chinanu Onuaku,HOU,82,-0.1695,0.0936,-0.076
2017,334,Rashad Vaughn,ORL,157,-0.1804,0.1038,-0.0766
2017,335,Jeremy Lin,BRK,127,0.1929,-0.2708,-0.0779
2017,336,C.J. Miles,TOR,5850,-0.1758,0.088,-0.0878
2017,337,Greg Monroe,MIL,341,-0.3526,0.2601,-0.0925
2017,338,Mike Scott,WAS,6161,0.5168,-0.6191,-0.1023
2017,339,Jonas Valanciunas,TOR,7523,1.1493,-1.2581,-0.1088
2017,340,Jack Cooley,SAC,366,-0.544,0.4346,-0.1094
2017,341,Derrick Jones,PHO,157,-0.1189,0.0035,-0.1154
2017,342,Isaiah Hicks,NYK,1062,-0.3097,0.1939,-0.1158
2017,343,Vander Blue,LAL,200,-0.3492,0.2324,-0.1169
2017,344,Arron Afflalo,ORL,2931,-0.2716,0.1543,-0.1174
2017,345,Jeremy Evans,ATL,25,-0.0154,-0.1024,-0.1178
2017,346,Ryan Arcidiacono,CHI,1326,-0.5981,0.47,-0.128
2017,347,Trevor Booker,IND,1140,-0.7118,0.5829,-0.1289
2017,348,Tim Quarterman,HOU,66,-0.4021,0.2681,-0.134
2017,349,Rashad Vaughn,TOT,911,-0.0263,-0.1088,-0.1351
2017,350,Kadeem Allen,BOS,470,-0.4585,0.321,-0.1375
2017,351,Alfonzo McKinnie,TOR,237,0.1372,-0.278,-0.1408
2017,352,Rashad Vaughn,MIL,738,0.0059,-0.1554,-0.1494
2017,353,Tobias Harris,TOT,11611,0.8335,-0.9846,-0.1511
2017,354,Nigel Hayes,TOT,507,-0.7947,0.6436,-0.1511
2017,355,Jeff Teague,MIN,10039,0.54,-0.6971,-0.1571
2017,356,Okaro White,MIA,336,-0.1678,0.0015,-0.1663
2017,357,Garrett Temple,SAC,6870,-1.2678,1.0982,-0.1696
2017,358,Charles Cooke,NOP,171,-0.4303,0.255,-0.1754
2017,359,Edmond Sumner,IND,8,-0.0734,-0.1049,-0.1783
2017,360,Tony Bradley,UTA,127,-0.2032,0.018,-0.1853
2017,361,Cory Joseph,IND,9487,-0.5165,0.3228,-0.1938
2017,362,Antonius Cleveland,ATL,198,-0.3407,0.1468,-0.194
2017,363,Myke Henry,MEM,1647,0.4976,-0.6937,-0.1961
2017,364,Marcus Georges-Hunt,MIN,999,0.0799,-0.2779,-0.1981
2017,365,Sean Kilpatrick,LAC,163,0.3222,-0.5206,-0.1985
2017,366,Josh Smith,NOP,57,-0.3067,0.1042,-0.2025
2017,367,Boban Marjanovic,DET,732,0.0812,-0.2842,-0.2029
2017,368,Tyler Lydon,DEN,7,-0.0339,-0.1711,-0.205
2017,369,Jameel Warney,DAL,107,-0.0259,-0.1805,-0.2064
2017,370,Andrew Wiggins,MIN,12878,0.1461,-0.3577,-0.2116
2017,371,Nigel Hayes,SAC,439,-0.9658,0.7492,-0.2167
2017,372,Maxi Kleber,DAL,5181,-1.4309,1.2132,-0.2177
2017,373,Omri Casspi,GSW,3311,-0.7448,0.5265,-0.2183
2017,374,Luis Montero,DET,32,-0.1729,-0.0454,-0.2183
2017,375,Omer Asik,TOT,798,0.0279,-0.2515,-0.2236
2017,376,Derrick Williams,LAL,46,-0.5853,0.3588,-0.2265
2017,377,Larry Nance,TOT,6346,-0.9359,0.7061,-0.2298
2017,378,Georges Niang,UTA,142,-0.3272,0.0969,-0.2303
2017,379,Damyean Dotson,NYK,2065,-1.3572,1.1261,-0.2311
2017,380,Joe Young,IND,2391,-0.4502,0.2092,-0.2409
2017,381,Marcin Gortat,WAS,8921,-0.3897,0.1486,-0.2411
2017,382,Larry Drew,PHI,50,-0.1128,-0.1287,-0.2415
2017,383,Erik McCree,UTA,32,-0.0338,-0.2084,-0.2422
2017,384,Jordan Clarkson,TOT,8505,-0.8123,0.5605,-0.2518
2017,385,Marquese Chriss,PHO,6942,-0.7502,0.4933,-0.2569
2017,386,Dwyane Wade,TOT,6829,-0.8252,0.5598,-0.2655
2017,387,Sindarius Thornwell,LAC,5209,-2.1765,1.9102,-0.2663
2017,388,Cody Zeller,CHO,2731,-0.4517,0.1773,-0.2743
2017,389,Hassan Whiteside,MIA,5896,-1.0914,0.8094,-0.282
2017,390,Ike Anigbogu,IND,136,0.0784,-0.3669,-0.2885
2017,391,Luol Deng,LAL,61,-0.1946,-0.097,-0.2916
2017,392,Darrell Arthur,DEN,625,-0.1176,-0.1761,-0.2937
2017,393,Aaron Jackson,HOU,138,-0.2356,-0.0594,-0.2951
2017,394,Paul George,OKC,12842,-0.1482,-0.1528,-0.301
2017,395,Jarell Eddie,BOS,21,-0.1503,-0.1603,-0.3106
2017,396,Jalen Jones,NOP,88,-0.0474,-0.2772,-0.3246
2017,397,David Stockton,UTA,41,-0.1162,-0.2188,-0.335
2017,398,Nik Stauskas,BRK,2058,-0.2138,-0.1444,-0.3583
2017,399,Darius Miller,NOP,8702,1.0594,-1.4183,-0.359
2017,400,Derrick Jones,TOT,1051,-0.8807,0.5212,-0.3595
2017,401,Scotty Hopson,DAL,44,-0.2564,-0.1082,-0.3646
2017,402,Solomon Hill,NOP,876,-0.4196,0.0496,-0.37
2017,403,Nik Stauskas,TOT,2255,-0.2661,-0.1203,-0.3864
2017,404,Antonius Cleveland,TOT,551,-0.73,0.3381,-0.3919
2017,405,Derrick Jones,MIA,894,-1.0144,0.6121,-0.4024
2017,406,Julius Randle,LAL,9901,0.5088,-0.9118,-0.403
2017,407,Devin Booker,PHO,8637,0.1339,-0.5448,-0.4108
2017,408,Demetrius Jackson,PHI,81,0.1846,-0.6018,-0.4172
2017,409,Joe Johnson,HOU,2196,-0.8734,0.454,-0.4193
2017,410,"Walt Lemon, Jr.",NOP,163,0.0689,-0.4919,-0.423
2017,411,Daniel Theis,BOS,4065,-1.0756,0.6525,-0.4231
2017,412,Timofey Mozgov,BRK,1622,-1.0885,0.6607,-0.4278
2017,413,Brandon Paul,SAS,2529,-1.5491,1.1195,-0.4296
2017,414,London Perrantes,CLE,281,0.0785,-0.5096,-0.431
2017,415,Dante Cunningham,BRK,2007,0.1585,-0.5968,-0.4384
2017,416,Mike James,NOP,87,-0.1203,-0.3294,-0.4497
2017,417,Daniel Hamilton,OKC,114,-0.3852,-0.0694,-0.4546
2017,418,Willy Hernangomez,TOT,2178,-0.3733,-0.0848,-0.4581
2017,419,Xavier Munford,MIL,87,-0.2186,-0.2486,-0.4671
2017,420,Anthony Tolliver,DET,7566,0.2274,-0.6954,-0.468
2017,421,Sean Kilpatrick,CHI,935,-0.0993,-0.3692,-0.4685
2017,422,Carmelo Anthony,OKC,11154,0.3132,-0.7955,-0.4823
2017,423,Greg Monroe,PHO,2073,-0.0222,-0.4665,-0.4886
2017,424,Trevor Booker,PHI,2176,-0.1022,-0.3869,-0.4891
2017,425,Kay Felder,TOT,608,-0.507,0.0155,-0.4915
2017,426,Doug McDermott,TOT,7717,-0.6041,0.1066,-0.4975
2017,427,Sean Kilpatrick,BRK,833,-0.802,0.3032,-0.4988
2017,428,Jordan Clarkson,LAL,5717,-1.0937,0.5934,-0.5003
2017,429,DeMarcus Cousins,NOP,7629,0.0632,-0.5654,-0.5022
2017,430,Antonius Cleveland,DAL,353,-0.9483,0.4453,-0.503
2017,431,Robin Lopez,CHI,7280,-0.8489,0.3381,-0.5108
2017,432,Kay Felder,CHI,585,-0.527,0.0132,-0.5137
2017,433,Wilson Chandler,DEN,10136,-0.192,-0.3322,-0.5242
2017,434,Caleb Swanigan,POR,814,-1.0971,0.5638,-0.5333
2017,435,Brice Johnson,MEM,266,-0.2616,-0.2752,-0.5368
2017,436,DeAndre' Bembry,ATL,2011,-0.7478,0.2081,-0.5397
2017,437,Austin Rivers,LAC,8960,1.1488,-1.6895,-0.5406
2017,438,Markel Brown,HOU,133,-0.23,-0.3137,-0.5437
2017,439,Eric Moreland,DET,3377,-1.8258,1.2813,-0.5445
2017,440,Troy Williams,HOU,72,-0.2321,-0.3138,-0.5459
2017,441,Jake Layman,POR,686,-0.4765,-0.0732,-0.5496
2017,442,Kyle Kuzma,LAL,10930,-0.4021,-0.1527,-0.5548
2017,443,Sean Kilpatrick,TOT,2799,-0.2375,-0.3258,-0.5632
2017,444,E'Twaun Moore,NOP,11558,0.6694,-1.2377,-0.5684
2017,445,Larry Nance,LAL,4161,-1.0635,0.4949,-0.5687
2017,446,Ben Moore,IND,46,-0.1402,-0.4285,-0.5687
2017,447,Johnathan Motley,DAL,748,-0.6102,0.0397,-0.5705
2017,448,Timothe Luwawu-Cabarrot,PHI,3667,-1.1258,0.5498,-0.576
2017,449,Jahlil Okafor,PHI,116,-0.1818,-0.4006,-0.5824
2017,450,Wayne Selden,MEM,3075,-0.6746,0.0909,-0.5837
2017,451,Marco Belinelli,TOT,8664,0.0229,-0.6163,-0.5934
2017,452,Eric Bledsoe,PHO,406,-0.479,-0.1153,-0.5943
2017,453,Markieff Morris,WAS,8409,0.3396,-0.9394,-0.5998
2017,454,Alex Poythress,IND,445,0.0024,-0.618,-0.6156
2017,455,Tony Allen,NOP,1250,-1.0154,0.3983,-0.6171
2017,456,Jalen Jones,TOT,783,0.3269,-0.945,-0.6182
2017,457,Mario Hezonja,ORL,7180,0.7252,-1.3434,-0.6182
2017,458,Georgios Papagiannis,TOT,522,0.4726,-1.0911,-0.6185
2017,459,Joakim Noah,NYK,178,-0.7556,0.1326,-0.623
2017,460,Kyle Singler,OKC,255,-0.671,0.0474,-0.6236
2017,461,Demetrius Jackson,TOT,337,-0.5519,-0.0724,-0.6243
2017,462,Kemba Walker,CHO,12138,0.5365,-1.1776,-0.641
2017,463,Derrick Rose,TOT,1873,0.0051,-0.6484,-0.6433
2017,464,Jalen Jones,DAL,695,0.3742,-1.0296,-0.6553
2017,465,Georgios Papagiannis,SAC,506,0.4797,-1.1356,-0.656
2017,466,Trevor Booker,TOT,5113,-0.1005,-0.57,-0.6705
2017,467,Omer Asik,CHI,264,-0.1245,-0.5488,-0.6733
2017,468,Nik Stauskas,PHI,197,-0.812,0.1318,-0.6802
2017,469,Demetrius Jackson,HOU,256,-0.785,0.0951,-0.6899
2017,470,JaMychal Green,MEM,6499,-0.0375,-0.6705,-0.708
2017,471,Nick Collison,OKC,331,-0.6492,-0.0749,-0.7241
2017,472,George Hill,SAC,4764,0.3391,-1.0744,-0.7354
2017,473,Juan Hernangomez,DEN,1193,-0.0783,-0.659,-0.7373
2017,474,James Ennis,MEM,4501,-1.2342,0.4859,-0.7484
2017,475,James Webb,BRK,503,-0.2361,-0.5189,-0.755
2017,476,Jonathan Isaac,ORL,2341,-2.0743,1.3189,-0.7553
2017,477,Stanley Johnson,DET,8163,-1.4303,0.6628,-0.7675
2017,478,Briante Weber,TOT,1057,0.0154,-0.8003,-0.785
2017,479,Henry Ellenson,DET,1435,-1.3882,0.5976,-0.7906
2017,480,Alex Abrines,OKC,4957,-0.229,-0.5626,-0.7916
2017,481,Jawun Evans,LAC,3546,-0.9119,0.1195,-0.7924
2017,482,Sean Kilpatrick,MIL,868,0.0504,-0.846,-0.7956
2017,483,Kyle Collinsworth,DAL,2056,-0.171,-0.6339,-0.8049
2017,484,Sterling Brown,MIL,3320,-1.46,0.6445,-0.8155
2017,485,Greg Monroe,TOT,4566,-0.2069,-0.6283,-0.8352
2017,486,Raymond Felton,OKC,5793,-0.945,0.0942,-0.8508
2017,487,Lance Thomas,NYK,5791,-0.9111,0.055,-0.856
2017,488,James Young,PHI,251,-0.4842,-0.3906,-0.8748
2017,489,Devin Harris,DEN,2374,0.4205,-1.3017,-0.8812
2017,490,Noah Vonleh,POR,2019,-1.112,0.2274,-0.8845
2017,491,Ramon Sessions,NYK,717,-1.1068,0.2199,-0.8869
2017,492,Marquis Teague,MEM,321,-0.42,-0.4692,-0.8892
2017,493,Richaun Holmes,PHI,3397,-0.3391,-0.5647,-0.9039
2017,494,Derrick Rose,CLE,1387,-0.0326,-0.8995,-0.9321
2017,495,Corey Brewer,OKC,2348,0.2739,-1.2107,-0.9368
2017,496,Ryan Anderson,HOU,7545,0.7853,-1.7258,-0.9405
2017,497,Lauri Markkanen,CHI,8761,0.015,-0.9563,-0.9413
2017,498,James Ennis,TOT,6867,-0.8185,-0.1243,-0.9428
2017,499,Jamel Artis,ORL,1206,-0.7272,-0.2179,-0.945
2017,500,Josh Gray,PHO,407,-0.8351,-0.1179,-0.953
2017,501,Ivan Rabb,MEM,2239,0.2143,-1.1682,-0.9539
2017,502,Troy Daniels,PHO,7296,0.188,-1.1484,-0.9604
2017,503,Isaiah Thomas,TOT,3935,0.1106,-1.0724,-0.9619
2017,504,Tyler Cavanaugh,ATL,2300,-0.3618,-0.6098,-0.9715
2017,505,Derrick Walton,MIA,614,-0.519,-0.4772,-0.9962
2017,506,Harrison Barnes,DAL,11289,-0.6974,-0.3011,-0.9985
2017,507,Marcus Morris,BOS,6264,-0.0808,-0.9187,-0.9996
2017,508,Jaylen Morris,ATL,451,-0.9671,-0.0405,-1.0076
2017,509,Aaron Brooks,MIN,810,-0.1285,-0.8852,-1.0137
2017,510,Dragan Bender,PHO,9332,-1.0462,0.0324,-1.0138
2017,511,David Nwaba,CHI,7241,-0.3437,-0.6794,-1.0232
2017,512,Justin Jackson,SAC,6412,-0.5569,-0.4761,-1.033
2017,513,Tyrone Wallace,LAC,3913,-1.2149,0.1734,-1.0415
2017,514,Alec Burks,UTA,4519,0.1109,-1.1574,-1.0465
2017,515,Lance Stephenson,IND,7931,0.7299,-1.7838,-1.0539
2017,516,Willie Cauley-Stein,SAC,8759,-1.2869,0.2193,-1.0676
2017,517,Adreian Payne,ORL,185,-0.4237,-0.6522,-1.0758
2017,518,Malachi Richardson,TOT,1405,-0.9411,-0.1415,-1.0825
2017,519,Bojan Bogdanovic,IND,10532,-0.8475,-0.242,-1.0895
2017,520,Luke Kornet,NYK,1419,-0.3356,-0.7589,-1.0945
2017,521,Malachi Richardson,SAC,1387,-0.9552,-0.1433,-1.0985
2017,522,Jeremy Lamb,CHO,8616,-0.4611,-0.6619,-1.1231
2017,523,Brook Lopez,LAL,7824,0.6442,-1.77,-1.1258
2017,524,Andrew Bogut,LAL,975,-1.5089,0.3733,-1.1356
2017,525,Rodney Hood,TOT,6957,0.1446,-1.2818,-1.1372
2017,526,Quinn Cook,GSW,3179,-0.1588,-0.9826,-1.1414
2017,527,Trey Lyles,DEN,6059,-0.2265,-0.917,-1.1435
2017,528,Joe Harris,BRK,8720,-0.2852,-0.8633,-1.1485
2017,529,Enes Kanter,NYK,7852,0.9276,-2.0799,-1.1523
2017,530,Jae Crowder,TOT,9133,-0.5824,-0.5719,-1.1542
2017,531,Tyson Chandler,PHO,5141,-0.7644,-0.3931,-1.1575
2017,532,Gerald Green,HOU,4070,-1.3712,0.2115,-1.1596
2017,533,Jordan Mickey,MIA,1184,-0.4023,-0.7611,-1.1634
2017,534,Furkan Korkmaz,PHI,369,-0.5238,-0.6582,-1.1821
2017,535,Cameron Payne,CHI,2546,-0.0489,-1.1357,-1.1846
2017,536,Norman Powell,TOR,4625,-0.901,-0.2905,-1.1915
2017,537,Dwight Buycks,DET,1805,-1.3295,0.1366,-1.1928
2017,538,Ramon Sessions,TOT,1698,-0.486,-0.737,-1.2231
2017,539,Patrick Patterson,OKC,5417,-1.2133,-0.0131,-1.2264
2017,540,Meyers Leonard,POR,1101,0.0326,-1.263,-1.2303
2017,541,Trevor Booker,BRK,1797,0.2894,-1.523,-1.2336
2017,542,Xavier Rathan-Mayes,MEM,525,-0.9341,-0.3011,-1.2352
2017,543,Joel Bolomboy,MIL,165,-1.0366,-0.2032,-1.2398
2017,544,Torrey Craig,DEN,2741,-0.1824,-1.0645,-1.2469
2017,545,Dante Cunningham,TOT,6945,-1.0622,-0.2002,-1.2624
2017,546,T.J. Leaf,IND,2019,-0.3017,-0.9615,-1.2632
2017,547,Doug McDermott,NYK,5117,-1.6646,0.3954,-1.2692
2017,548,Denzel Valentine,CHI,9119,-1.1247,-0.1457,-1.2704
2017,549,Richard Jefferson,DEN,708,-0.6972,-0.5817,-1.2788
2017,550,Miles Plumlee,ATL,3998,-1.457,0.1749,-1.2821
2017,551,Jameer Nelson,DET,501,-1.0831,-0.1992,-1.2823
2017,552,Greg Monroe,BOS,2152,-0.3618,-0.9249,-1.2867
2017,553,Ante Zizic,CLE,955,-0.3157,-0.9888,-1.3045
2017,554,James Ennis,DET,2366,-0.0276,-1.2852,-1.3127
2017,555,Dennis Schroder,ATL,9046,0.2787,-1.5961,-1.3173
2017,556,Kenneth Faried,DEN,1991,-0.8814,-0.4565,-1.3379
2017,557,Bam Adebayo,MIA,5786,-2.1891,0.8344,-1.3546
2017,558,Jahlil Okafor,TOT,1487,-1.0429,-0.3205,-1.3634
2017,559,Willy Hernangomez,NYK,1018,-1.3484,-0.0228,-1.3712
2017,560,Tobias Harris,LAC,4939,-0.2872,-1.0872,-1.3743
2017,561,Pau Gasol,SAS,7691,-2.3004,0.9117,-1.3888
2017,562,Patrick McCaw,GSW,4235,-0.3292,-1.0597,-1.3889
2017,563,Spencer Dinwiddie,BRK,10057,0.1454,-1.5402,-1.3947
2017,564,DeAndre Liggins,NOP,1072,-0.6195,-0.7768,-1.3964
2017,565,John Holland,CLE,769,-0.5606,-0.8582,-1.4188
2017,566,Jahlil Okafor,BRK,1371,-1.1157,-0.3138,-1.4295
2017,567,Rodney Purvis,ORL,1253,-0.8879,-0.5504,-1.4383
2017,568,Marc Gasol,MEM,10154,-0.4962,-0.9508,-1.447
2017,569,Wesley Johnson,LAC,6705,-1.9141,0.4663,-1.4478
2017,570,Noah Vonleh,TOT,3789,-1.2497,-0.2009,-1.4506
2017,571,Ramon Sessions,WAS,981,-0.0323,-1.4365,-1.4687
2017,572,C.J. Williams,LAC,3137,-1.0936,-0.3954,-1.489
2017,573,Kris Dunn,CHI,6720,-0.3761,-1.1314,-1.5075
2017,574,Jameer Nelson,TOT,4431,-0.5092,-1.0041,-1.5133
2017,575,Matthew Dellavedova,MIL,3022,-0.3008,-1.2131,-1.5139
2017,576,Tony Snell,MIL,8915,0.3109,-1.825,-1.5141
2017,577,Dennis Smith,DAL,8853,-1.0075,-0.5093,-1.5169
2017,578,Thon Maker,MIL,5276,0.1861,-1.7076,-1.5214
2017,579,Jameer Nelson,NOP,3930,-0.436,-1.1067,-1.5427
2017,580,Avery Bradley,TOT,6156,-1.1242,-0.4232,-1.5474
2017,581,John Collins,ATL,7796,-1.804,0.253,-1.551
2017,582,Quincy Pondexter,CHI,856,-1.4435,-0.1076,-1.5511
2017,583,J.R. Smith,CLE,9759,0.6663,-2.2189,-1.5526
2017,584,D.J. Wilson,MIL,298,-0.8628,-0.6977,-1.5605
2017,585,Tyler Ulis,PHO,7412,-1.2858,-0.3022,-1.588
2017,586,Dante Cunningham,NOP,4938,-1.5583,-0.039,-1.5973
2017,587,Wesley Iwundu,ORL,4391,-1.9876,0.38,-1.6075
2017,588,Mason Plumlee,DEN,6338,-1.1259,-0.4857,-1.6116
2017,589,T.J. McConnell,PHI,7751,-1.9828,0.2906,-1.6922
2017,590,Briante Weber,HOU,525,-0.5599,-1.2489,-1.8088
2017,591,Zhou Qi,HOU,553,-1.496,-0.319,-1.815
2017,592,Tony Parker,SAS,4546,-1.0276,-0.7899,-1.8175
2017,593,Taurean Waller-Prince,ATL,10812,0.3125,-2.1312,-1.8187
2017,594,Avery Bradley,DET,5451,-1.2899,-0.5519,-1.8418
2017,595,Aaron Harrison,DAL,1029,-0.9254,-0.9178,-1.8432
2017,596,Andre Drummond,DET,11367,-0.7148,-1.1552,-1.87
2017,597,Rodney Hood,UTA,4621,-0.4684,-1.4278,-1.8962
2017,598,Brandon Ingram,LAL,8973,-1.9655,0.0631,-1.9024
2017,599,Zach LaVine,CHI,2888,-0.215,-1.712,-1.927
2017,600,Kosta Koufos,SAC,5813,-1.7288,-0.2182,-1.9469
2017,601,T.J. Warren,PHO,9688,-1.2011,-0.7572,-1.9583
2017,602,Rajon Rondo,NOP,7690,-0.4301,-1.559,-1.9891
2017,603,Corey Brewer,TOT,5564,-0.8339,-1.166,-1.9999
2017,604,Dwyane Wade,MIA,2061,-1.588,-0.4136,-2.0015
2017,605,Jabari Parker,MIL,3255,-0.5507,-1.4961,-2.0468
2017,606,DeAndre Jordan,LAC,10681,-1.0283,-1.035,-2.0633
2017,607,Elfrid Payton,ORL,5571,0.6459,-2.7103,-2.0644
2017,608,Maurice Harkless,POR,5471,-1.0483,-1.0326,-2.0808
2017,609,Noah Vonleh,CHI,1770,-1.4068,-0.6895,-2.0963
2017,610,Nerlens Noel,DAL,2041,-2.2918,0.195,-2.0967
2017,611,Kelly Oubre,WAS,9850,-1.1339,-0.9661,-2.0999
2017,612,Andrew White,ATL,938,-1.3083,-0.8027,-2.1111
2017,613,Jerryd Bayless,PHI,4190,-1.252,-0.8793,-2.1312
2017,614,Joe Johnson,TOT,5169,-1.7179,-0.4349,-2.1529
2017,615,Elfrid Payton,TOT,8100,0.0293,-2.2206,-2.1913
2017,616,Treveon Graham,CHO,4548,-1.2301,-0.9689,-2.199
2017,617,Shabazz Muhammad,TOT,1785,-0.4092,-1.7953,-2.2045
2017,618,Bogdan Bogdanovic,SAC,9264,-0.1418,-2.0666,-2.2083
2017,619,Andrew Harrison,MEM,5535,-1.094,-1.1294,-2.2234
2017,620,Brandon Jennings,MIL,893,-1.1087,-1.1473,-2.2561
2017,621,Joffrey Lauvergne,SAS,2337,-1.2368,-1.0291,-2.2659
2017,622,Jae Crowder,CLE,5852,-0.5278,-1.7405,-2.2683
2017,623,Josh Jackson,PHO,8964,-2.8327,0.5643,-2.2684
2017,624,Marco Belinelli,ATL,5305,-0.6817,-1.6153,-2.297
2017,625,Cheick Diallo,NOP,2585,-0.6813,-1.6232,-2.3045
2017,626,Tristan Thompson,CLE,4697,-0.5618,-1.7477,-2.3095
2017,627,Justin Anderson,PHI,2335,-1.7387,-0.5806,-2.3193
2017,628,Nick Young,GSW,6170,-1.0639,-1.258,-2.3219
2017,629,Jason Smith,WAS,1267,-1.1178,-1.264,-2.3818
2017,630,Emmanuel Mudiay,NYK,2172,-0.9211,-1.4774,-2.3985
2017,631,Courtney Lee,NYK,9928,-0.6113,-1.8264,-2.4377
2017,632,Elfrid Payton,PHO,2529,-1.329,-1.1419,-2.4709
2017,633,Bobby Brown,HOU,505,-1.1637,-1.3843,-2.5479
2017,634,Dion Waiters,MIA,3922,-2.3423,-0.2128,-2.555
2017,635,Tyler Dorsey,ATL,4284,-0.8371,-1.7438,-2.5809
2017,636,DeAndre Liggins,TOT,3110,-1.5428,-1.0503,-2.5931
2017,637,Isaiah Thomas,CLE,1842,-1.3834,-1.2343,-2.6177
2017,638,Jonathon Simmons,ORL,8904,-0.1212,-2.5154,-2.6366
2017,639,Terrance Ferguson,OKC,3260,-0.4792,-2.1756,-2.6548
2017,640,Emmanuel Mudiay,TOT,5537,-1.2494,-1.4213,-2.6706
2017,641,Jamal Crawford,MIN,7079,0.5814,-3.2606,-2.6791
2017,642,Jodie Meeks,WAS,4948,-1.4446,-1.2419,-2.6865
2017,643,Tarik Black,HOU,2413,-2.9071,0.1797,-2.7273
2017,644,Corey Brewer,LAL,3216,-1.6428,-1.1333,-2.7761
2017,645,Abdel Nader,BOS,2299,-1.4843,-1.2968,-2.7811
2017,646,Frank Kaminsky,CHO,7973,-0.1326,-2.6652,-2.7978
2017,647,Zach Randolph,SAC,6371,0.0151,-2.8439,-2.8287
2017,648,Emmanuel Mudiay,DEN,3365,-1.4612,-1.385,-2.8463
2017,649,D'Angelo Russell,BRK,5581,-0.2699,-2.5766,-2.8465
2017,650,Ben McLemore,MEM,4745,-2.2607,-0.6027,-2.8635
2017,651,Gorgui Dieng,MIN,5750,-1.1023,-1.7623,-2.8646
2017,652,Semi Ojeleye,BOS,4936,-2.3702,-0.5296,-2.8998
2017,653,Kobi Simmons,MEM,2782,-0.3776,-2.6388,-3.0165
2017,654,Jerian Grant,CHI,7265,-1.6375,-1.4276,-3.0651
2017,655,Paul Zipser,CHI,3485,-2.1067,-0.9681,-3.0748
2017,656,Wesley Matthews,DAL,9087,-0.3869,-2.732,-3.1189
2017,657,DeAndre Liggins,MIL,2038,-2.0284,-1.1942,-3.2226
2017,658,De'Aaron Fox,SAC,8816,-1.8392,-1.4793,-3.3185
2017,659,Shabazz Muhammad,MIN,1290,-0.7412,-2.6263,-3.3675
2017,660,Joe Johnson,UTA,2973,-2.3418,-1.0916,-3.4333
2017,661,Malik Monk,CHO,3800,-1.7521,-1.7645,-3.5166
2017,662,Evan Turner,POR,8791,-2.5735,-1.0635,-3.637
2017,663,Cristiano Felicio,CHI,4235,-2.9473,-0.9114,-3.8586
2017,664,Bismack Biyombo,ORL,6476,-3.8465,-1.5672,-5.4138
