id,drapm,orapm,rapm,drapm_rnk,orapm_rnk,rapm_rnk,name
203504,2.998315268266661,2.787259057262595,5.7855743255292555,4,11,1,Trey Burke
201939,1.7354642404963796,3.5573988962184213,5.292863136714801,32,6,2,Stephen Curry
202718,0.7674555467583889,4.093451234999652,4.8609067817580405,97,3,3,Chandler Parsons
101150,2.1458161283665533,2.415456371631467,4.5612724999980205,19,21,4,Lou Williams
1628469,0.9830182405904465,3.418404847073419,4.401423087663866,79,7,5,Antonio Blakeney
1627750,1.7410718564568113,2.5389751567075725,4.280047013164384,30,19,6,Jamal Murray
201142,1.3590607226883618,2.9087357616043716,4.267796484292734,53,8,7,Kevin Durant
202738,5.170219169919021,-1.0061285483433144,4.164090621575707,1,309,8,Isaiah Thomas
2037,2.6839537141597414,1.3749003666055932,4.058854080765334,11,52,9,Jamal Crawford
1627748,2.7160052435253896,0.9490491856663752,3.665054429191765,9,92,10,Thon Maker
2544,1.7023227712397941,1.9425598297786975,3.644882601018492,34,26,11,LeBron James
1628424,-0.3437735953810925,3.9204564973598393,3.5766829019787467,242,4,12,Kobi Simmons
1626171,0.8933303670787844,2.5158246211589224,3.409154988237707,87,20,13,Bobby Portis
201935,1.28675637688882,2.035211836926215,3.321968213815035,58,25,14,James Harden
101108,0.4995282715391016,2.772868497707256,3.272396769246358,138,12,15,Chris Paul
1626157,2.4971070455448197,0.6765753280662955,3.1736823736111153,13,123,16,Karl-Anthony Towns
203585,2.034475986735206,1.1256745872021479,3.160150573937354,23,73,17,Rodney McGruder
203482,0.4073011903772032,2.7387542258332536,3.146055416210457,147,14,18,Kelly Olynyk
203085,2.2502272814382325,0.8595546396034446,3.109781921041677,15,106,19,Austin Rivers
1626163,1.2638855829484787,1.8264985504474678,3.0903841333959465,63,35,20,Frank Kaminsky
202337,2.0733367577238755,1.0052928428179804,3.0786296005418556,20,86,21,Luke Babbitt
203498,2.687535487686814,0.3556617708251647,3.0431972585119786,10,153,22,Shabazz Muhammad
202362,0.9865435657892895,1.8963242604679724,2.882867826257262,78,30,23,Lance Stephenson
201583,1.5444865942227004,1.2796208999958187,2.824107494218519,42,59,24,Ryan Anderson
201942,1.8402510100203737,0.9107114855206785,2.750962495541052,28,99,25,DeMar DeRozan
201569,-0.10438071678501182,2.8112609541454403,2.7068802373604286,213,10,26,Eric Gordon
201588,-0.10953462670206593,2.7536619088693106,2.644127282167245,214,13,27,George Hill
101112,0.2695325718758863,2.366795330094446,2.6363279019703327,169,22,28,Channing Frye
202681,0.9176222518476146,1.706992142030909,2.624614393878524,84,40,29,Kyrie Irving
2747,2.0609415275515826,0.5519937059724139,2.6129352335239964,21,138,30,JR Smith
1626156,1.4667422222239608,1.1386777955329328,2.6054200177568934,45,70,31,D'Angelo Russell
1627988,0.24976117036312362,2.3207902671005827,2.570551437463706,172,23,32,Myke Henry
201567,0.4224745778366076,2.1397718373641723,2.56224641520078,146,24,33,Kevin Love
203121,1.4259308272269766,1.1243054791746174,2.550236306401594,47,74,34,Darius Miller
1628388,2.991020531855315,-0.46919476529169224,2.521825766563623,5,251,35,TJ Leaf
1626224,1.342874243209992,1.1307541178408516,2.4736283610508436,54,72,36,Cedi Osman
203087,2.054847923262262,0.30833870903075106,2.363186632293013,22,164,37,Jeremy Lamb
203086,-0.3132683486668558,2.673065559484351,2.3597972108174954,238,15,38,Meyers Leonard
1627751,1.2056472151321387,1.1391034143916663,2.344750629523805,67,69,39,Jakob Poeltl
201988,1.737124130129871,0.5966991694864724,2.3338232996163435,31,134,40,Patty Mills
200826,0.617651120696466,1.7153091198582133,2.332960240554679,122,39,41,J.J. Barea
2546,1.5893541502273785,0.7309482581834166,2.320302408410795,41,113,42,Carmelo Anthony
1938,-0.5661593592850326,2.886063031054593,2.3199036717695605,261,9,43,Manu Ginobili
203999,-0.25572610975541327,2.546012795958169,2.2902866862027556,229,18,44,Nikola Jokic
203477,1.654114121371738,0.6322177490816624,2.2863318704534006,38,129,45,NA
1627786,-3.219852845423511,5.5044630812822355,2.2846102358587244,393,1,46,Troy Williams
203897,2.1482451623995176,0.1027149504059768,2.2509601128054944,18,189,47,Zach LaVine
201976,-1.4451985357264625,3.6929720024899026,2.24777346676344,343,5,48,Patrick Beverley
2216,0.4632944042570639,1.7830645871201742,2.246358991377238,143,36,49,Zach Randolph
202699,0.6560628796071979,1.542546875940226,2.198609755547424,115,46,50,Tobias Harris
1628404,1.2220124253276652,0.9645521822840714,2.1865646076117367,64,91,51,Josh Hart
1628380,0.5562699789707753,1.5977661118530309,2.1540360908238063,131,44,52,Zach Collins
201954,1.2839772902918958,0.8600475265739215,2.144024816865817,59,105,53,Darren Collison
203124,1.4168502904177842,0.7202404676080274,2.1370907580258116,48,115,54,Kyle O'Quinn
203901,0.5305575254187267,1.5964666328920132,2.12702415831074,135,45,55,Elfrid Payton
202685,0.3793574044716907,1.7389722519833786,2.118329656455069,151,38,56,Jonas Valanciunas
203584,0.6714332605436075,1.4460869127430056,2.1175201732866133,112,50,57,Troy Daniels
1717,1.0102215858166093,1.0899576918643854,2.1001792776809944,76,76,58,Dirk Nowitzki
2734,1.1795609788154304,0.9199985531143083,2.0995595319297387,69,95,59,Devin Harris
203503,1.0650317885818559,0.8671065257733795,1.9321383143552353,73,104,60,Tony Snell
1626246,-0.7325475007308908,2.661918819320827,1.9293713185899364,283,16,61,Boban Marjanovic
2585,2.220565336080379,-0.3102510365466159,1.9103142995337632,16,235,62,Zaza Pachulia
1627758,2.48390987577874,-0.5855882562678274,1.8983216195109125,14,263,63,Ron Baker
1627746,1.4678661314883577,0.42717443070390804,1.8950405621922657,44,149,64,Skal Labissiere
1626149,0.6721040127428664,1.1515901566319529,1.8236941693748192,111,66,65,Montrezl Harrell
1628470,0.6573699795147271,1.1575276350259396,1.8148976145406666,114,64,66,Torrey Craig
202683,1.1308333742944803,0.6699324759915709,1.800765850286051,71,125,67,Enes Kanter
203118,0.6912575549212199,1.0778668010993726,1.7691243560205925,106,78,68,Mike Scott
203095,0.93939103906172,0.8150113408460448,1.7544023799077646,81,108,69,Evan Fournier
1626168,-0.042990165975913174,1.7413068248833061,1.698316658907393,201,37,70,Trey Lyles
203613,0.34295287984142414,1.3513958688888141,1.6943487487302382,158,55,71,Jonathon Simmons
200755,0.7619476750258406,0.9297640720839512,1.6917117471097918,98,93,72,JJ Redick
203471,1.6592226842927447,0.03149916054891533,1.69072184484166,37,197,73,Dennis Schroder
203186,0.5905454667592295,1.0952372685919025,1.685782735351132,128,75,74,NA
1628463,0.5412086696017926,1.0743492548615494,1.615557924463342,134,79,75,Tyler Cavanaugh
203925,1.887407699917387,-0.29547317995209627,1.5919345199652908,27,233,76,Joe Harris
201952,1.274421967169814,0.3101215043609829,1.5845434715307969,60,163,77,Jeff Teague
202684,2.7566669744962273,-1.192008012666465,1.5646589618297624,8,329,78,Tristan Thompson
203918,-0.12799070096928836,1.6864881846511675,1.558497483681879,217,41,79,Rodney Hood
202083,1.9668853363115455,-0.41290492922111866,1.5539804070904268,24,244,80,Wesley Matthews
1627854,1.2185993959279988,0.3291047803089379,1.5477041762369368,65,160,81,Bryn Forbes
203114,0.9034126375805013,0.6412374886501336,1.544650126230635,86,128,82,Khris Middleton
1626164,0.39444133810027204,1.1492874806531252,1.5437288187533973,148,68,83,Devin Booker
1627858,1.2911394425344438,0.2438146923694231,1.534954134903867,57,169,84,Kyle Collinsworth
201572,2.190403392633655,-0.672367705068156,1.5180356875654988,17,280,85,Brook Lopez
201580,1.4650259805796142,0.04159778368164616,1.5066237642612603,46,195,86,JaVale McGee
203081,1.1544282442881013,0.3440785132592858,1.4985067575473872,70,156,87,Damian Lillard
1627752,1.9511840300379582,-0.4636244740329781,1.4875595560049801,25,249,88,Taurean Prince
1626209,0.8336090674787208,0.607572996284979,1.4411820637636996,92,131,89,Mario Hezonja
203518,1.268518523983637,0.15829643518508504,1.426814959168722,62,180,90,Alex Abrines
203944,0.9294102677357806,0.4876085997610759,1.4170188674968565,83,145,91,Julius Randle
1627767,3.8009911114921895,-2.413034578314655,1.3879565331775345,2,381,92,Cheick Diallo
202689,1.664511479197028,-0.2864725513389011,1.3780389278581269,36,229,93,Kemba Walker
202692,-0.471313437736561,1.8467145612605436,1.3754011235239827,256,34,94,Alec Burks
201563,0.31426840536657796,1.0561070720233685,1.3703754773899464,161,81,95,Michael Beasley
201565,0.012495042974273951,1.3514953580396505,1.3639904010139245,191,54,96,Derrick Rose
201973,0.6235295789126758,0.7097339910314129,1.3332635699440887,120,118,97,Jonas Jerebko
201959,0.689446889625613,0.6135437051590493,1.3029905947846623,108,130,98,Taj Gibson
1628395,-0.3224463095144053,1.62512030163567,1.3026739921212647,240,42,99,Jordan Bell
203933,0.3767200315504226,0.9006521604343719,1.2773721919847945,153,101,100,T.J. Warren
202694,1.7884593428895403,-0.5112623250382968,1.2771970178512435,29,256,101,Marcus Morris
202328,0.2095980852077505,1.0649269631545992,1.2745250483623498,175,80,102,Greg Monroe
1628390,-1.328752185459052,2.602317743240005,1.2735655577809528,333,17,103,Terrance Ferguson
1628397,0.6433918287692486,0.6047945133877891,1.2481863421570378,117,132,104,Ivan Rabb
202703,-0.30817895205275,1.538715957163939,1.230537005111189,236,47,105,Nikola Mirotic
201587,-0.24274077136759037,1.4639769075053843,1.221236136137794,226,48,106,Nicolas Batum
203115,0.6045087789412228,0.578343686797868,1.1828524657390909,125,137,107,Will Barton
203952,0.6180924240080995,0.5241129135604571,1.1422053375685566,121,142,108,Andrew Wiggins
202339,-0.13744517376188184,1.2595488902284353,1.1221037164665535,219,60,109,Eric Bledsoe
1628398,0.37696397854648067,0.7159896805182233,1.092953659064704,152,116,110,Kyle Kuzma
202326,0.5989774624625795,0.49198700453961935,1.090964467002199,126,144,111,DeMarcus Cousins
203500,0.09794183674597866,0.9812275166434923,1.0791693533894708,187,88,112,Steven Adams
203083,-0.09355879169784893,1.1535216000668713,1.0599628083690225,210,65,113,Andre Drummond
1626166,1.8893771220394238,-0.8316363606231708,1.057740761416253,26,294,114,Cameron Payne
1628021,0.16826641645825124,0.8835567109259709,1.051823127384222,178,102,115,David Nwaba
201147,0.053505038984756954,0.9794230000560469,1.0329280390408038,190,89,116,Corey Brewer
200782,1.1042793844166003,-0.08437027443459558,1.0199091099820048,72,213,117,PJ Tucker
2594,-0.8929961070232078,1.909561365221268,1.0165652581980602,294,29,118,Kyle Korver
202397,0.7987209582554614,0.21344543818240033,1.0121663964378618,94,170,119,Ish Smith
201578,2.8168933205392457,-1.8267982315784077,0.990095088960838,6,363,120,Marreese Speights
203953,0.38630884109544694,0.6002628201961436,0.9865716612915906,149,133,121,Jabari Parker
1627885,2.586533545158674,-1.6105522402841417,0.9759813048745323,12,354,122,Shaquille Harrison
201566,1.2173545665011531,-0.24207796190206884,0.9752766045990843,66,226,123,Russell Westbrook
101181,-0.6444023403016053,1.612798358819048,0.9683960185174427,270,43,124,Jose Calderon
203488,0.6263080472518102,0.33545760901229116,0.9617656562641014,119,159,125,Mike Muscala
1626178,0.782889009091114,0.1505376723547142,0.9334266814458283,95,181,126,Rondae Hollis-Jefferson
203490,1.715423664614891,-0.783155392969546,0.9322682716453451,33,293,127,Otto Porter Jr.
203915,-0.09792749796942687,1.027480265144487,0.9295527671750601,212,84,128,Spencer Dinwiddie
101127,0.7748550891512421,0.07990078271282083,0.854755871864063,96,192,129,Jarrett Jack
200752,1.3093095756521687,-0.45623531049765415,0.8530742651545145,56,248,130,Rudy Gay
201584,0.14339837161776145,0.6943338317193233,0.8377322033370848,182,119,131,Courtney Lee
203112,0.8589454727237287,-0.03319733520477368,0.825748137518955,91,208,132,Quincy Acy
1627783,0.5541877116057802,0.2536260897518013,0.8078138013575815,132,168,133,Pascal Siakam
203930,0.6791296224765722,0.12435301082358996,0.8034826333001621,109,183,134,Sean Kilpatrick
203459,-0.056412024111978154,0.8576898166951135,0.8012777925831354,204,107,135,Allen Crabbe
1627734,-0.3450003632588932,1.1318290824598711,0.786828719200978,243,71,136,Domantas Sabonis
202334,1.3742868696458934,-0.6055819664446195,0.7687049032012739,50,266,137,Ed Davis
1628379,0.5665598263582876,0.194370800313281,0.7609306266715686,130,177,138,Luke Kennard
1626192,0.8062834926948442,-0.048105307140676706,0.7581781855541675,93,209,139,Pat Connaughton
1626144,0.7566537756818492,-0.002789403466113878,0.7538643722157353,99,204,140,Emmanuel Mudiay
203484,-0.05967348198752429,0.8034451897757839,0.7437717077882596,205,109,141,Kentavious Caldwell-Pope
201609,0.31201989027906724,0.40779613578878,0.7198160260678472,164,151,142,Goran Dragic
201961,-0.28123681904508413,0.9886040359804938,0.7073672169354097,233,87,143,Wayne Ellington
202693,-0.6080644093575476,1.314846940421074,0.7067825310635265,265,58,144,Markieff Morris
1628370,-3.4698000079272546,4.169278754399983,0.6994787464727281,395,2,145,Malik Monk
203521,1.3692784816523824,-0.6928095479163918,0.6764689337359906,51,282,146,Matthew Dellavedova
203992,0.730030942531107,-0.056568946487038856,0.6734619960440682,101,210,147,Bogdan Bogdanovic
203468,-0.451075030103939,1.0789534214221668,0.6278783913182278,253,77,148,CJ McCollum
1628368,-0.43250241620967983,1.0551084219758966,0.6226060057662168,252,82,149,De'Aaron Fox
202734,0.4987050290429401,0.11481208102682754,0.6135171100697676,139,185,150,E'Twaun Moore
203991,-0.3047820296006565,0.9145975157581843,0.6098154861575278,235,97,151,Clint Capela
1627739,0.38290853696540506,0.20444797605413914,0.5873565130195442,150,174,152,Kris Dunn
201158,1.3396196726419356,-0.7548208369041728,0.5847988357377628,55,289,153,Marco Belinelli
202704,1.0018528337030308,-0.44770325536721334,0.5541495783358175,77,247,154,Reggie Jackson
203487,-0.7720662880871103,1.3233631365334921,0.5512968484463818,287,57,155,Michael Carter-Williams
1626172,0.359672684377857,0.19004821163734337,0.5497208960152004,156,178,156,Kevon Looney
202344,0.9368188642982936,-0.38821577808017277,0.5486030862181208,82,242,157,Trevor Booker
1626162,-0.6274100375207079,1.1721867815203386,0.5447767439996307,266,62,158,Kelly Oubre Jr.
201936,1.6999265617030774,-1.1630607267120288,0.5368658349910487,35,326,159,Tyreke Evans
203962,1.0592079335585474,-0.5835774534839275,0.47563048007461983,74,262,160,Josh Huestis
201599,0.355050377311579,0.10953498701973129,0.4645853643313103,157,186,161,DeAndre Jordan
201586,1.3672206278629477,-0.9114739232947955,0.45574670456815225,52,300,162,Serge Ibaka
203501,0.10659140954703594,0.34868045000892905,0.455271859555965,186,155,163,Tim Hardaway Jr.
1628462,-1.0263035239012486,1.4600637121642366,0.433760188262988,312,49,164,Milos Teodosic
203967,0.12208453677121418,0.2978458635684244,0.4199304003396386,183,165,165,Dario Saric
2744,-0.502992404752414,0.9130113008658834,0.4100188961134694,258,98,166,Al Jefferson
1627738,-1.5176071710880739,1.9252510238672613,0.40764385277918747,344,28,167,Deyonta Davis
1627763,-0.12422846095885083,0.5288089773670581,0.4045805164082073,215,140,168,Malcolm Brogdon
201167,0.31731741379264633,0.07723114274074569,0.39454855653339205,159,193,169,Arron Afflalo
201975,-1.5871247385062779,1.9292697602482263,0.3421450217419484,348,27,170,Jodie Meeks
201162,0.9482281092710018,-0.6232899244711401,0.3249381847998617,80,269,171,Jared Dudley
203458,-1.054144650572838,1.3609792538427616,0.3068346032699236,315,53,172,Alex Len
200746,1.6006693635318539,-1.3184741307943613,0.2821952327374926,40,340,173,LaMarcus Aldridge
203914,-0.0797804494787903,0.311856110594696,0.23207566111590566,208,162,174,Gary Harris
201229,0.16105964803120365,0.06673675317968407,0.22779640121088773,181,194,175,Anthony Tolliver
202331,-0.19314831790567857,0.41593753543437867,0.2227892175287001,223,150,176,Paul George
1627775,1.4831656954793044,-1.2609791875452334,0.22218650793407102,43,335,177,Patrick McCaw
1627823,-0.3655828067629905,0.5817421790797324,0.21615937231674187,246,135,178,Juancho Hernangomez
203089,-0.8109447557341691,1.0208840739336726,0.2099393181995035,290,85,179,John Henson
2730,0.0049119388630751645,0.19887242219184176,0.20378436105491693,193,175,180,Dwight Howard
1626145,-0.7179228252392664,0.9086818235291109,0.19075899828984444,281,100,181,Tyus Jones
200765,0.6545664950851072,-0.46865082169479827,0.18591567339030896,116,250,182,Rajon Rondo
202329,0.6144365139467408,-0.4306963424511032,0.1837401714956376,123,245,183,Al-Farouq Aminu
204060,0.7486049590561605,-0.5708332418326443,0.17777171722351626,100,260,184,Joe Ingles
202322,1.2042162603235833,-1.0273611940628289,0.17685506626075442,68,311,185,John Wall
1628412,-0.03925946852476557,0.20843441734951113,0.16917494882474554,200,173,186,Frank Mason
1626158,-0.3003981789723308,0.4466958623604845,0.1462976833881537,234,148,187,Richaun Holmes
202691,0.1088974694115542,0.030809425095885055,0.13970689450743926,185,198,188,Klay Thompson
203924,0.8590229190509214,-0.7333060560863086,0.12571686296461282,90,287,189,Jerami Grant
203486,1.4078716195738858,-1.2829022494995037,0.12496937007438214,49,337,190,Mason Plumlee
203109,0.6782916770598669,-0.5600340784702986,0.1182575985895683,110,259,191,Jae Crowder
101139,-0.5857611276059782,0.6809718477107247,0.09521072010474652,262,121,192,CJ Miles
201163,0.37242876650145135,-0.2944884858103052,0.07794028069114617,154,232,193,Wilson Chandler
101141,-0.27022860598505716,0.3380839394018311,0.06785533341677397,231,158,194,Ersan Ilyasova
1626167,0.28159869271819327,-0.22519126506886852,0.05640742764932474,167,224,195,Myles Turner
200768,0.31250683659101897,-0.2648246298969881,0.04768220669403089,163,227,196,Kyle Lowry
203926,-0.6376768279195879,0.6826567600871671,0.04497993216757923,269,120,197,Doug McDermott
1627732,-0.05012744156221477,0.09469901373575289,0.04457157217353812,203,190,198,Ben Simmons
203110,-0.7082516367572813,0.7278605884579314,0.019608951700650135,278,114,199,Draymond Green
1628503,3.100408669943329,-3.1003689896625963,3.9680280732756756e-5,3,388,200,Jamel Artis
NA,8.199920365220843e-6,5.439949483802527e-6,1.363986984902337e-5,194,202,201,NA
203546,0.28548611113665334,-0.29027614829924,-0.004790037162586636,166,230,202,Ian Clark
1891,-0.5942653492899401,0.5791054694281522,-0.015159879861787906,263,136,203,Jason Terry
2749,-0.0064750063345464905,-0.01174340999773667,-0.01821841633228316,196,205,204,Jameer Nelson
1626203,-0.9370845024483175,0.9155354102143464,-0.021549092233971168,297,96,205,Treveon Graham
1628372,1.2689772434378481,-1.3343999958834323,-0.06542275244558415,61,341,206,Dennis Smith Jr.
203476,0.12047439522274597,-0.18831677601607955,-0.06784238079333357,184,223,207,Gorgui Dieng
2772,0.597906459675426,-0.6773732423979828,-0.0794667827225568,127,281,208,Trevor Ariza
1627832,0.4964488287986499,-0.6281768295165427,-0.13172800071789287,140,272,209,Fred VanVleet
202709,0.7201101675657635,-0.8527428801377226,-0.13263271257195908,103,297,210,Cory Joseph
202324,-1.9537069879308372e-4,-0.13471874944652643,-0.1349141201453195,195,218,211,Derrick Favors
203084,0.3648945566493963,-0.5085358171525547,-0.1436412605031584,155,255,212,Harrison Barnes
1628374,-0.3097030231010818,0.16376358222787776,-0.145939440873204,237,179,213,Lauri Markkanen
201933,-0.13505280675999504,-0.02074441150374804,-0.15579721826374307,218,207,214,Blake Griffin
201949,0.17707747623096134,-0.3403163553584831,-0.16323887912752175,177,238,215,James Johnson
202696,0.5276989361067639,-0.6947640877259179,-0.16706515161915403,137,283,216,Nikola Vucevic
203078,0.4731619839126708,-0.6529931384944742,-0.17983115458180338,141,276,217,Bradley Beal
203516,-0.39371573459398046,0.21159324327966872,-0.18212249131431174,249,171,218,James Ennis III
1626150,-2.0981876410723026,1.8877716618959912,-0.21041597917631139,373,31,219,Andrew Harrison
203954,0.2644780030907892,-0.4938637737330203,-0.2293857706422311,170,253,220,Joel Embiid
101133,0.9155518804286554,-1.1496373614447042,-0.23408548101604876,85,323,221,Ian Mahinmi
200794,-0.06802801409389293,-0.16659000356098308,-0.234618017654876,206,221,222,Paul Millsap
203092,-1.4081023959348842,1.161057846681469,-0.24704454925341524,341,63,223,Tyler Zeller
203210,-0.7556814084794948,0.5020593611085927,-0.2536220473709021,286,143,224,JaMychal Green
201143,-1.3105331622010064,1.0519489324180014,-0.258584229783005,332,83,225,Al Horford
1627759,-1.6124432226921432,1.3473192816776542,-0.265123941014489,353,56,226,Jaylen Brown
204020,-1.003636616114634,0.7326966580864542,-0.2709399580281797,305,112,227,Tyler Johnson
203145,-0.2524578245682937,-0.02021261953344607,-0.27267044410173974,227,206,228,Kent Bazemore
201573,1.0310220827711205,-1.3115339158118875,-0.280511833040767,75,339,229,Jerryd Bayless
1628369,-0.755172000091455,0.46875242136297035,-0.28641957872848467,285,146,230,Jayson Tatum
203473,0.008474704880835137,-0.30607418675325476,-0.29759948187241964,192,234,231,Dewayne Dedmon
203090,-1.0130857293031066,0.7115477028131884,-0.30153802648991823,309,117,232,Maurice Harkless
201967,0.7277121577324794,-1.0345803741835569,-0.3068682164510774,102,313,233,Dante Cunningham
1628436,2.798211631893564,-3.1363254377306773,-0.33811380583711337,7,389,234,Luke Kornet
1627741,0.472371481424453,-0.8323100574534179,-0.3599385760289649,142,295,235,Buddy Hield
201156,-1.6222273196649186,1.2567069648274878,-0.36552035483743084,354,61,236,Nick Young
201145,-0.6322742525625111,0.2612924209633039,-0.3709818315992072,268,167,237,Jeff Green
1628416,0.8695597637525584,-1.246806289839553,-0.3772465260869947,89,332,238,Tyler Dorsey
203200,-0.38474312896377116,0.0070350571051375765,-0.3777080718586336,248,201,239,Justin Holiday
1627747,0.6954497684092533,-1.0787362304902046,-0.3832864620809513,105,315,240,Caris LeVert
202710,-0.9781738726699256,0.5281248386535211,-0.4500490340164045,302,141,241,Jimmy Butler
1626153,0.6910824629243394,-1.1557811694821278,-0.46469870655778844,107,324,242,Delon Wright
203077,-0.1261219143500002,-0.35101337793035264,-0.47713529228035284,216,239,243,Michael Kidd-Gilchrist
1713,0.4560240273267075,-0.9371355377245915,-0.48111151039788397,144,302,244,Vince Carter
201196,-0.6930467711674558,0.2098086613751515,-0.4832381097923043,276,172,245,Ramon Sessions
1628464,-0.9411897011463178,0.45343702954450704,-0.4877526716018108,298,147,246,Daniel Theis
203507,-1.366296614051925,0.8734272137132257,-0.4928694003386993,335,103,247,Giannis Antetokounmpo
204025,-1.6525773180059922,1.1500020532222448,-0.5025752647837474,356,67,248,Tim Frazier
1626170,1.6345531338382815,-2.145779139101595,-0.5112260052633133,39,374,249,Jerian Grant
1627863,0.6112997162435481,-1.1271660208659846,-0.5158663046224365,124,318,250,Danuel House Jr.
203082,-0.34932813670908236,-0.17048410111933102,-0.5198122378284133,244,222,251,Terrence Ross
1627755,0.20561423131357867,-0.7256913687417282,-0.5200771374281495,176,286,252,Tyler Ulis
201152,0.22047683370730237,-0.7417390257518204,-0.521262192044518,174,288,253,Thaddeus Young
203493,0.08559244352959133,-0.6241527457311111,-0.5385603022015197,189,270,254,Reggie Bullock
101107,-0.3143657797154237,-0.2382771636986599,-0.5526429434140836,239,225,255,Marvin Williams
1628384,0.7027811173232831,-1.2712065654493205,-0.5684254481260375,104,336,256,OG Anunoby
2199,0.30011058961181164,-0.8860308699003229,-0.5859202802885113,165,299,257,Tyson Chandler
1627761,0.5522164116469213,-1.1415838904732012,-0.5893674788262799,133,322,258,DeAndre' Bembry
2225,-0.02303399697702625,-0.5861582471485112,-0.6091922441255374,197,264,259,Tony Parker
203920,0.31250775450274487,-0.9535787780607955,-0.6410710235580506,162,303,260,Khem Birch
1627819,-1.6072287415822075,0.9217795839231211,-0.6854491576590864,352,94,261,Isaiah Taylor
203076,-1.3801173414401062,0.6801682033438474,-0.6999491380962588,338,122,262,Anthony Davis
203107,-0.17604820379166827,-0.5295445976138643,-0.7055928014055326,222,258,263,Tomas Satoransky
1627098,-0.19545209793424373,-0.514451574752715,-0.7099036726869588,225,257,264,Malcolm Delaney
1628378,0.3143931794537924,-1.0295566495434525,-0.7151634700896601,160,312,265,Donovan Mitchell
201960,-0.820211463473687,0.0885815005774024,-0.7316299628962846,291,191,266,DeMarre Carroll
1627820,-0.6293606537194707,-0.12095328453115105,-0.7503139382506218,267,214,267,Tyrone Wallace
1627782,0.09303980766432568,-0.8446736120694389,-0.7516338044051132,188,296,268,Wayne Selden
202714,-0.2590432974788125,-0.49615240804666916,-0.7551957055254817,230,254,269,NA
203932,-0.8039844134249255,0.023918096267123438,-0.7800663171578021,289,199,270,Aaron Gordon
201188,-1.193723858811709,0.39394155992255847,-0.7997822988891505,325,152,271,Marc Gasol
202702,-0.9345412044758964,0.12341964989111824,-0.8111215545847782,296,184,272,Kenneth Faried
1626196,-0.4260287971272913,-0.38514099842543487,-0.8111697955527262,251,241,273,Josh Richardson
101109,-0.9470170193653087,0.1034048301338708,-0.8436121892314379,299,188,274,Raymond Felton
2754,-1.5405809568731919,0.674808279217539,-0.8657726776556528,345,124,275,NA
201950,-1.5626698805080288,0.6671725120057779,-0.8954973685022509,346,126,276,Jrue Holiday
203903,0.44470335792261234,-1.3561240505779304,-0.9114206926553181,145,342,277,Jordan Clarkson
1627737,-0.13818664302056768,-0.7776671739455511,-0.9158538169661188,220,291,278,Marquese Chriss
1626181,-1.1870332984628986,0.2632908087112409,-0.9237424897516577,322,166,279,Norman Powell
1626188,0.5299473634100477,-1.460177790416271,-0.9302304270062233,136,347,280,Quinn Cook
1626257,-0.7031761613484987,-0.28474958194034294,-0.9879257432888416,277,228,281,Salah Mejri
1627756,0.8895569561501779,-1.891792238128672,-1.002235281978494,88,366,282,Denzel Valentine
201980,-0.4560493030113529,-0.5759971040619998,-1.0320464070733526,254,261,283,Danny Green
1626185,-0.7483368051861863,-0.2916632440962676,-1.040000049282454,284,231,284,Jarell Martin
203939,-1.590771849076546,0.5426802047989736,-1.0480916442775723,349,139,285,Dwight Powell
203710,-1.8277641718591868,0.7631365427263354,-1.0646276291328514,364,111,286,C.J. Williams
1626155,-1.1212848640099398,0.033657003940933065,-1.0876278600690068,319,196,287,Sam Dekker
204001,-0.6670595015167685,-0.43246963276179934,-1.0995291342785678,271,246,288,Kristaps Porzingis
203469,0.2705464969979386,-1.3830787597133785,-1.11253226271544,168,344,289,Cody Zeller
1627781,-1.2409584801690237,0.10602881067259104,-1.1349296694964326,326,187,290,Malachi Richardson
101162,-0.7785908387064921,-0.38117488363825547,-1.1597657223447477,288,240,291,Marcin Gortat
203530,-2.6171163636000374,1.4355304609176305,-1.181585902682407,384,51,292,Joffrey Lauvergne
1626179,-0.25339529306867614,-0.9311296854737909,-1.1845249785424672,228,301,293,Terry Rozier
1627789,-0.4825035359420985,-0.7033183831946167,-1.1858219191367152,257,285,294,Timothe Luwawu-Cabarrot
1628393,-1.1215815055318248,-0.07925794832246401,-1.2008394538542888,320,211,295,Jawun Evans
1626147,-0.08680804250721774,-1.1687772771061435,-1.2555853196133613,209,327,296,Justin Anderson
202711,-0.0974630072465799,-1.1778179752017335,-1.2752809824483133,211,328,297,Bojan Bogdanovic
201956,-1.2834527698786276,-0.0014976781637580931,-1.2849504480423857,328,203,298,NA
200757,-0.07548478608119662,-1.2131206320841417,-1.2886054181653384,207,330,299,Thabo Sefolosha
1628386,-0.6811712988458769,-0.6155518435869043,-1.2967231424327812,275,268,300,Jarrett Allen
2733,-1.1924585422590082,-0.12157642290203426,-1.3140349651610423,323,215,301,Shaun Livingston
1627736,-0.1948304735207312,-1.1319891466840513,-1.3268196202047824,224,319,302,Malik Beasley
2403,-1.2985181816285571,-0.0831700170312404,-1.3816881986597975,331,212,303,Nene
1628455,-0.39387273453109434,-0.9944366354115183,-1.3883093699426126,250,308,304,NA
203463,-3.2448611449853515,1.849654532925324,-1.3952066120600275,394,33,305,Ben McLemore
203506,-0.7117182760570754,-0.6954231717957006,-1.407141447852776,279,284,306,Victor Oladipo
1627846,0.583950233485232,-2.030146033498632,-1.4461958000134,129,371,307,Abdel Nader
1627733,-1.8059503537211836,0.3166392240708593,-1.4893111296503243,363,161,308,Dragan Bender
201937,-1.3674514445320392,-0.1282085136700661,-1.4956599582021053,336,216,309,Ricky Rubio
202357,-0.8626966534690063,-0.6599010500335027,-1.522597703502509,293,277,310,Nemanja Bjelica
1626143,-1.8998499536630873,0.3499480889016765,-1.5499018647614107,367,154,311,Jahlil Okafor
1627742,-0.5976461851610221,-0.9614669729352109,-1.559113158096233,264,306,312,Brandon Ingram
202335,-1.5951882140155147,0.008196998003402003,-1.5869912160121127,350,200,313,Patrick Patterson
201144,0.16756564001545682,-1.7587416629001564,-1.5911760228846996,179,360,314,Mike Conley
1628382,-1.7235867700754057,0.12650920643031788,-1.5970775636450878,357,182,315,Justin Jackson
202722,-1.0108429520430469,-0.5945094983043858,-1.6053524503474326,306,265,316,Davis Bertans
202498,-1.283895745573182,-0.32972556112481705,-1.6136213066979992,329,237,317,Lance Thomas
1626169,-0.9923944247820734,-0.6250125362830257,-1.617406961065099,304,271,318,Stanley Johnson
1628415,-0.6807255604381209,-0.9599988184360636,-1.6407243788741845,274,304,319,Dillon Brooks
201585,-1.0631028477092932,-0.6106010785882376,-1.6737039262975308,316,267,320,Kosta Koufos
201596,0.24483930107789662,-1.9448756053864487,-1.700036304308552,173,368,321,Mario Chalmers
1627835,0.6681642163540887,-2.381068145609431,-1.7129039292553423,113,379,322,Paul Zipser
203496,-0.8565125303537776,-0.8629138459503661,-1.7194263763041437,292,298,323,Robert Covington
203894,0.6432543340241571,-2.3734770003516936,-1.7302226663275366,118,378,324,Shabazz Napier
1626161,-1.0943803948344333,-0.6501767583368929,-1.7445571531713262,318,275,325,Willie Cauley-Stein
204456,-1.596650507725128,-0.16485040025979372,-1.7615009079849218,351,220,326,T.J. McConnell
1626202,-1.3735426351923816,-0.4069984224328847,-1.7805410576252663,337,243,327,Joe Young
201601,-1.0269376728605508,-0.7617136951337578,-1.7886513679943086,313,290,328,Luc Mbah a Moute
201571,-0.3639727562589565,-1.4623600843904978,-1.8263328406494543,245,348,329,D.J. Augustin
2548,-0.9791336899265118,-1.040283932736695,-2.019417622663207,303,314,330,Dwyane Wade
1628381,-0.5101942217228326,-1.5419035686972558,-2.0520977904200883,259,349,331,John Collins
203937,-1.4063648303707634,-0.6486884282843598,-2.055053258655123,340,274,332,Kyle Anderson
202687,-3.0281858527598335,0.9719793658231655,-2.0562064869366683,388,90,333,Bismack Biyombo
101123,-0.961108451658892,-1.112685606292047,-2.073794057950939,300,317,334,Gerald Green
1626195,-0.7150556488034613,-1.358843170183149,-2.0738988189866103,280,343,335,Willy Hernangomez
202697,-1.0379185860415323,-1.087673577086265,-2.1255921631277976,314,316,336,Iman Shumpert
202325,-0.67564270706755,-1.452331738352302,-2.127974445419852,273,346,337,Wesley Johnson
202732,0.2631179104675464,-2.3956552094890933,-2.1325372990215468,171,380,338,DeAndre Liggins
1626175,-0.038477023489717974,-2.107754716190141,-2.146231739679859,199,373,339,Jordan Mickey
202323,-1.193609357996046,-1.0122126413459465,-2.2058219993419925,324,310,340,Evan Turner
2738,-0.9642896317557706,-1.2493210875501142,-2.2136107193058847,301,333,341,Andre Iguodala
203935,-2.0736421415047723,-0.16319501823204144,-2.236837159736814,372,219,342,Marcus Smart
201577,-0.45947218994456956,-1.7887774769669302,-2.2482496669114997,255,361,343,Robin Lopez
203994,-1.583263833481035,-0.6694882936556883,-2.2527521271367235,347,279,344,Jusuf Nurkic
203966,-1.792767393498955,-0.4768517433686667,-2.2696191368676217,361,252,345,NA
202340,-2.6107368317507182,0.3384866642367243,-2.272250167513994,383,157,346,Avery Bradley
1628681,-3.1275152218648876,0.7819186218078766,-2.3455966000570108,392,110,347,Rodney Purvis
1628367,-1.742740611003544,-0.6288613179322108,-2.3716019289357546,358,273,348,Josh Jackson
202066,-1.7456245724291775,-0.7797883468455341,-2.5254129192747117,359,292,349,Garrett Temple
1626220,-1.3958314688355573,-1.1364579062279798,-2.532289375063537,339,321,350,Royce O'Neale
2207,-2.4278829099641586,-0.1327183272220953,-2.560601237186254,380,217,351,Joe Johnson
202327,-1.01430059845915,-1.6735282934510458,-2.687828891910196,310,355,352,Ekpe Udoh
1628407,-0.3677688086633075,-2.4298199145817097,-2.797588723245017,247,382,353,Dwayne Bacon
202355,-1.0718655622444722,-1.7496640305211564,-2.8215295927656285,317,359,354,Hassan Whiteside
101161,-1.647849257902775,-1.240066324352702,-2.887915582255477,355,331,355,Amir Johnson
1627812,-3.088784292212783,0.19581866920454138,-2.8929656230082417,391,176,356,Yogi Ferrell
201160,-4.783338288911871,1.8790058512132222,-2.904332437698649,399,32,357,Jason Smith
1628467,-1.0120311247389147,-1.9047821682263655,-2.91681329296528,307,367,358,Maxi Kleber
1628389,-0.27905019531111347,-2.6707460830465033,-2.9497962783576166,232,385,359,Bam Adebayo
203943,-1.3656324670625082,-1.5861992124477593,-2.9518316795102675,334,352,360,Noah Vonleh
1628366,-2.3218003451610802,-0.6600608541338108,-2.981861199294891,377,278,361,Lonzo Ball
203497,-0.7313049508536834,-2.2535430822911606,-2.984848033144844,282,375,362,Rudy Gobert
1628411,-1.779787518797207,-1.253310342139155,-3.033097860936362,360,334,363,Wes Iwundu
1628400,0.16553545314215612,-3.345271585484155,-3.179736132341999,180,391,364,Semi Ojeleye
203512,-1.291389702421934,-1.9754495987827143,-3.2668393012046484,330,369,365,Lucas Nogueira
1626159,-2.113614885730778,-1.1616620772306963,-3.2752769629614744,374,325,366,Justise Winslow
2200,-2.327149517479094,-0.9609062222586778,-3.288055739737772,378,305,367,Pau Gasol
1628373,-1.9485137028892368,-1.4257752330023727,-3.3742889358916095,369,345,368,Frank Ntilikina
1626204,-3.084285737088117,-0.31767915094339294,-3.40196488803151,390,236,369,Larry Nance Jr.
1627814,-1.86822214005265,-1.6826996923633466,-3.5509218324159963,366,356,370,Damion Lee
203101,-0.6678485140440853,-3.014798643815139,-3.682647157859224,272,386,371,Miles Plumlee
203922,-1.4277013910601566,-2.29630188464276,-3.7240032757029167,342,377,372,Glenn Robinson III
203079,-1.9766701361710033,-1.7491043715085834,-3.7257745076795867,370,358,373,Dion Waiters
203917,-2.469802936956921,-1.2967560826455282,-3.7665590196024494,381,338,374,Nik Stauskas
1627827,-1.9353978641865333,-1.8348619044397043,-3.7702597686262376,368,364,375,Dorian Finney-Smith
201568,-0.17435899769327762,-3.66989307800712,-3.8442520757003975,221,395,376,Danilo Gallinari
202779,-2.033210065191488,-2.025292900345789,-4.0585029655372775,371,370,377,Dwight Buycks
203961,-2.511732415715676,-1.564920543369657,-4.076652959085333,382,351,378,Eric Moreland
1626245,-0.049236641362252205,-4.038204780067785,-4.087441421430037,202,397,379,Cristiano Felicio
1627936,-0.029718625221715922,-4.114766842583819,-4.144485467805535,198,399,380,Alex Caruso
201148,-2.244746498104064,-2.05323953892678,-4.297986037030844,376,372,381,NA
1627749,-2.133895344475634,-2.2752453569305504,-4.4091407014061845,375,376,382,Dejounte Murray
203898,-1.0127585780109165,-3.401149810502451,-4.413908388513367,308,393,383,Tyler Ennis
1627853,-1.8638923055838366,-2.5654408527404464,-4.429333158324283,365,384,384,Ryan Arcidiacono
1628414,-1.1613242262291874,-3.3519380128308165,-4.513262239060004,321,392,385,Sindarius Thornwell
2561,-1.2659386722475567,-3.249735185018031,-4.515673857265588,327,390,386,David West
203382,-3.0736509118331456,-1.5612648371323796,-4.6349157489655255,389,350,387,Aron Baynes
203526,-0.5240396175088707,-4.127671807677644,-4.651711425186515,260,400,388,Raul Neto
2731,-2.847173719918453,-1.8863210259925016,-4.733494745910955,387,365,389,Emeka Okafor
203499,-3.730489562851041,-1.1357680118228082,-4.866257574673849,396,320,390,Shane Larkin
1628425,-1.7966930469591906,-3.0993693985572683,-4.896062445516459,362,387,391,Sterling Brown
204038,-0.9079955314847692,-4.1124390297716396,-5.020434561256408,295,398,392,Langston Galloway
204028,-1.0197944845558011,-4.137691907016015,-5.157486391571816,311,401,393,Tarik Black
203464,-2.838850325466582,-2.5527039082762424,-5.391554233742824,386,383,394,Brandon Paul
203460,-4.5001139985488035,-1.5920372960732891,-6.092151294622092,398,353,395,Andre Roberson
203457,-2.718466168097649,-3.614663082725731,-6.333129250823379,385,394,396,Nerlens Noel
203960,-4.838009059135023,-1.8036656020502662,-6.641674661185289,400,362,397,JaKarr Sampson
202389,-2.379961574840987,-4.361439452382464,-6.741401027223451,379,402,398,Timofey Mozgov
1627740,-5.942803777395004,-0.9623282360019259,-6.90513201339693,401,307,399,Henry Ellenson
1627826,-7.765482163767799,0.6425270870567793,-7.12295507671102,403,127,400,Ivica Zubac
1628422,-0.34064874011447427,-7.212921816447757,-7.5535705565622315,241,403,401,Damyean Dotson
203948,-6.240865313930708,-1.694568857723592,-7.9354341716543,402,357,402,NA
1628371,-4.156772167572622,-3.938225485878242,-8.094997653450864,397,396,403,Jonathan Isaac
