id_player,gp_total,poss_o,poss_d,poss_total,mp_o,mp_d,mp_total,pts_o,pts_d,pm,pts_o_per100,pts_o_per36,name_player,gp_game_logs_nbastatr,mp_game_logs_nbastatr,pm_game_logs_nbastatr,name_player_summary_nbastatr,gp_summary_nbastatr,minutes_summary1_nbastatr,minutes_summary2_nbastatr
1713,58,2229,2282,4511,501.133333333333,526.25,1027.38333333333,2127,2193,-66,47.1514076701397,74.5310903103353,Vince Carter,58,1027,-67,Vince Carter,58,1026,1026
1717,77,4091,4150,8241,954.466666666667,906.483333333333,1860.95,4093,4166,-73,49.6663026331756,79.1789139955399,Dirk Nowitzki,77,1900,-55,Dirk Nowitzki,77,1900,1900
1891,50,1801,1804,3605,401.633333333333,407.183333333333,808.816666666667,1813,1750,63,50.2912621359223,80.6956665086855,Jason Terry,51,813,21,Jason Terry,51,814,814
1938,65,2885,2946,5831,631.55,677.25,1308.8,2902,2840,62,49.7684788200995,79.8227383863081,Manu Ginobili,65,1297,73,Manu Ginobili,65,1299,1299
2037,80,3673,3692,7365,808.866666666667,838.383333333333,1647.25,3691,3770,-79,50.1154107264087,80.6653513431477,Jamal Crawford,80,1658,-144,Jamal Crawford,80,1653,1653
2199,46,2645,2674,5319,569.45,563.716666666667,1133.16666666667,2545,2550,-5,47.8473397255123,80.8530666274452,Tyson Chandler,46,1154,-244,Tyson Chandler,46,1151,1151
2200,77,3950,4001,7951,877.3,905.983333333333,1783.28333333333,3670,3719,-49,46.1577160105647,74.0880585436975,Pau Gasol,77,1814,62,Pau Gasol,77,1812,1812
2207,55,2689,2638,5327,595.2,607.15,1202.35,2627,2467,160,49.3148113384644,78.6559654010896,Joe Johnson,55,1204,-77,Joe Johnson,55,1205,1205
2210,19,370,367,737,83.8333333333333,78.9166666666667,162.75,364,361,3,49.3894165535957,80.5161290322581,Richard Jefferson,20,163,-43,Richard Jefferson,20,163,163
2216,59,3254,3318,6572,717.066666666667,765.15,1482.21666666667,3278,3220,58,49.8782714546561,79.6158906142827,Zach Randolph,59,1508,-354,Zach Randolph,59,1508,1508
2225,55,2341,2370,4711,513.533333333333,549.366666666667,1062.9,2267,2253,14,48.1214179579707,76.7823878069433,Tony Parker,55,1067,-10,Tony Parker,55,1071,1071
2403,52,1722,1729,3451,370.516666666667,387.1,757.616666666667,1748,1697,51,50.6519849319038,83.0604747343644,Nene,52,759,264,Nene Hilario,52,758,758
2544,82,6786,6848,13634,1507.76666666667,1491.06666666667,2998.83333333333,7062,7055,7,51.7969781428781,84.7769688212083,LeBron James,82,3024,108,LeBron James,82,3026,3026
2546,78,5654,5874,11528,1248.63333333333,1223.26666666667,2471.9,5572,5675,-103,48.3344899375434,81.148913791011,Carmelo Anthony,78,2503,271,Carmelo Anthony,78,2501,2501
2548,67,3471,3529,7000,761.55,776.566666666667,1538.11666666667,3411,3419,-8,48.7285714285714,79.8352964122791,Dwyane Wade,67,1537,23,Dwyane Wade,67,1536,1536
2555,15,164,169,333,36.8833333333333,37.2833333333333,74.1666666666667,153,158,-5,45.945945945946,74.2651685393259,Nick Collison,15,75,-5,Nick Collison,15,75,75
2561,73,2160,2211,4371,486.6,500.233333333333,986.833333333333,2049,2009,40,46.8771448181194,74.748184428306,David West,73,1001,37,David West,73,999,999
2570,1,34,32,66,6.86666666666667,7.6,14.4666666666667,37,38,-1,56.0606060606061,92.073732718894,Kendrick Perkins,1,15,3,Kendrick Perkins,1,15,15
2585,69,2207,2254,4461,461.4,482.866666666667,944.266666666667,2037,2518,-481,45.6624075319435,77.660265461734,Zaza Pachulia,69,969,196,Zaza Pachulia,69,972,972
2594,73,3519,3613,7132,766.166666666667,803.966666666667,1570.13333333333,3656,3508,148,51.2619181155356,83.8247282608696,Kyle Korver,73,1574,274,Kyle Korver,73,1574,1574
2617,14,148,156,304,37.2666666666667,34.7,71.9666666666667,109,159,-50,35.8552631578947,54.5252431681334,Udonis Haslem,14,71,-4,Udonis Haslem,14,72,72
2730,81,5534,5643,11177,1202.66666666667,1228.5,2431.16666666667,5504,5554,-50,49.2439831797441,81.5016110235141,Dwight Howard,81,2461,89,Dwight Howard,81,2463,2463
2731,26,838,866,1704,162.533333333333,180.833333333333,343.366666666667,789,781,8,46.3028169014085,82.7220658188526,Emeka Okafor,26,352,0,Emeka Okafor,26,353,353
2733,71,2508,2580,5088,546.833333333333,574.583333333333,1121.41666666667,2517,2418,99,49.4693396226415,80.8013673181244,Shaun Livingston,71,1137,112,Shaun Livingston,71,1129,1129
2734,71,2957,3011,5968,675.4,661.216666666667,1336.61666666667,2999,2981,18,50.2513404825737,80.7740937940322,Devin Harris,71,1338,104,Devin Harris,71,1340,1340
2736,1,36,33,69,6.83333333333333,5.91666666666667,12.75,32,27,5,46.3768115942029,90.3529411764706,Luol Deng,1,13,-7,Luol Deng,1,13,13
2738,64,3694,3759,7453,801.45,822.2,1623.65,3675,3591,84,49.3090030860056,81.4830782496228,Andre Iguodala,64,1628,277,Andre Iguodala,64,1622,1622
2744,36,1061,1088,2149,240.883333333333,242.516666666667,483.4,1035,1072,-37,48.1619357840856,77.0790235829541,Al Jefferson,36,480,-12,Al Jefferson,36,484,484
2746,3,30,29,59,6.53333333333333,5.1,11.6333333333333,21,25,-4,35.5932203389831,64.9856733524355,Josh Smith,3,12,-10,Josh Smith,3,12,12
2747,80,5009,5056,10065,1121.66666666667,1095.23333333333,2216.9,5101,5263,-162,50.6805762543468,82.8345888402725,JR Smith,80,2249,-114,J.R. Smith,80,2244,2244
2749,50,2256,2289,4545,501.816666666667,509.816666666667,1011.63333333333,2257,2260,-3,49.6589658965897,80.3176381429372,Jameer Nelson,50,1016,-93,Jameer Nelson,50,1013,1013
2754,22,614,659,1273,132.75,141.233333333333,273.983333333333,605,621,-16,47.5255302435193,79.4938864894458,Tony Allen,22,271,-5,Tony Allen,22,273,273
2772,67,5146,5107,10253,1115.6,1130.56666666667,2246.16666666667,5104,5132,-28,49.7805520335512,81.8033687022335,Trevor Ariza,67,2270,373,Trevor Ariza,67,2269,2269
2863,19,341,349,690,71.7,78.5166666666667,150.216666666667,322,358,-36,46.6666666666667,77.1685343392877,Damien Wilkins,19,152,27,Damien Wilkins,19,152,152
101106,23,516,503,1019,108.7,104.816666666667,213.516666666667,439,447,-8,43.081452404318,74.0176410896886,Andrew Bogut,24,217,-29,Andrew Bogut,23,216,216
101107,78,4546,4568,9114,979.2,991.816666666667,1971.01666666667,4493,4493,0,49.2977836295809,82.063233018493,Marvin Williams,78,2008,67,Marvin Williams,78,2006,2006
101108,58,4078,4085,8163,899.916666666667,920.25,1820.16666666667,4261,4085,176,52.1989464657601,84.2757989195129,Chris Paul,58,1849,499,Chris Paul,58,1847,1847
101109,82,2947,2988,5935,684.233333333333,674.2,1358.43333333333,2852,2775,77,48.0539174389217,75.5811842072976,Raymond Felton,82,1364,-44,Raymond Felton,82,1365,1365
101112,53,1535,1586,3121,336.15,356,692.15,1609,1531,78,51.5539891060558,83.6870620530232,Channing Frye,53,695,114,Channing Frye,53,695,695
101123,41,2079,2038,4117,454.216666666667,462.733333333333,916.95,2044,1983,61,49.6478017974253,80.2486504171438,Gerald Green,41,929,93,Gerald Green,41,929,929
101127,62,3492,3487,6979,748.666666666667,773.016666666667,1521.68333333333,3401,3444,-43,48.7319100157616,80.4608930898895,Jarrett Jack,62,1550,-16,Jarrett Jack,62,1548,1548
101133,77,2544,2590,5134,568.616666666667,574.55,1143.16666666667,2458,2502,-44,47.8768991040125,77.4060358652865,Ian Mahinmi,77,1147,14,Ian Mahinmi,77,1145,1145
101139,70,3006,3048,6054,667.116666666667,668.2,1335.31666666667,2925,2959,-34,48.3151635282458,78.8576991724809,CJ Miles,70,1335,274,C.J. Miles,70,1337,1337
101141,69,3944,3960,7904,859.483333333333,851.716666666667,1711.2,3797,3866,-69,48.038967611336,79.8807854137447,Ersan Ilyasova,69,1730,19,Ersan Ilyasova,69,1729,1729
101150,79,6060,6004,12064,1274.88333333333,1303.53333333333,2578.41666666667,6087,6114,-27,50.4559018567639,84.9870398500372,Lou Williams,79,2591,120,Lou Williams,79,2589,2589
101161,74,2725,2706,5431,589.183333333333,571.8,1160.98333333333,2565,2539,26,47.2288712944209,79.5360254956287,Amir Johnson,74,1173,9,Amir Johnson,74,1171,1171
101162,82,4632,4650,9282,1014.85,1031.25,2046.1,4441,4565,-124,47.845291962939,78.1369434533992,Marcin Gortat,82,2080,104,Marcin Gortat,82,2075,2075
101181,57,1955,2000,3955,450.783333333333,442.95,893.733333333333,2056,1990,66,51.9848293299621,82.8166492615247,Jose Calderon,57,915,67,Jose Calderon,57,914,914
200746,75,5378,5476,10854,1201.11666666667,1274.3,2475.41666666667,5115,5336,-221,47.1254836926479,74.3874768557482,LaMarcus Aldridge,75,2513,282,LaMarcus Aldridge,75,2509,2509
200752,57,2670,2777,5447,595.033333333333,633.166666666667,1228.2,2576,2661,-85,47.2920873875528,75.5056179775281,Rudy Gay,57,1236,81,Rudy Gay,57,1231,1231
200755,70,4931,4944,9875,1054.51666666667,1033.3,2087.81666666667,4779,4856,-77,48.3949367088608,82.4037870502678,JJ Redick,70,2114,313,J.J. Redick,70,2116,2116
200757,38,1767,1770,3537,401.566666666667,406.466666666667,808.033333333333,1685,1750,-65,47.6392422957308,75.0711604306753,Thabo Sefolosha,38,808,58,Thabo Sefolosha,38,806,806
200765,65,3964,4082,8046,812.033333333333,867.333333333333,1679.36666666667,3940,3921,19,48.9684315187671,84.460411663127,Rajon Rondo,65,1704,17,Rajon Rondo,65,1705,1705
200768,78,5674,5705,11379,1246.86666666667,1231.46666666667,2478.33333333333,5540,5738,-198,48.6861762896564,80.4734364492266,Kyle Lowry,78,2509,404,Kyle Lowry,78,2510,2510
200782,82,5083,5116,10199,1117.75,1150.13333333333,2267.88333333333,5156,5102,54,50.5539758799882,81.845479999706,PJ Tucker,82,2281,524,P.J. Tucker,82,2281,2281
200794,38,2562,2587,5149,560.95,568.2,1129.15,2571,2544,27,49.9320256360458,81.9696231678696,Paul Millsap,38,1143,96,Paul Millsap,38,1143,1143
200826,69,3468,3528,6996,809.833333333333,788.233333333333,1598.06666666667,3504,3481,23,50.0857632933105,78.9353802511368,J.J. Barea,69,1608,18,J.J. Barea,69,1603,1603
201142,68,5377,5492,10869,1125.1,1178.2,2303.3,5406,5667,-261,49.737786364891,84.4944210480615,Kevin Durant,68,2329,349,Kevin Durant,68,2325,2325
201143,72,4951,5042,9993,1125.5,1115.51666666667,2241.01666666667,4944,4693,251,49.4746322425698,79.4210960799042,Al Horford,72,2275,345,Al Horford,72,2277,2277
201144,12,817,789,1606,184.216666666667,183.766666666667,367.983333333333,753,786,-33,46.8866749688668,73.6663798179265,Mike Conley,12,374,-16,Mike Conley,12,373,373
201145,78,4086,4198,8284,906.216666666667,915.733333333333,1821.95,4145,4073,72,50.036214389184,81.9012596393974,Jeff Green,78,1831,104,Jeff Green,78,1828,1828
201147,72,2847,2888,5735,602.233333333333,599.933333333333,1202.16666666667,2811,2771,40,49.0148212728858,84.178011922917,Corey Brewer,72,1209,-56,Corey Brewer,72,1208,1208
201148,28,847,838,1685,185.516666666667,194.25,379.766666666667,793,784,9,47.0623145400594,75.1724743263407,Brandan Wright,28,380,42,Brandan Wright,28,381,381
201149,7,90,89,179,17.9666666666667,21.8,39.7666666666667,79,68,11,44.1340782122905,71.5171835708298,Joakim Noah,7,41,0,Joakim Noah,7,40,40
201152,81,5773,5814,11587,1273,1301.48333333333,2574.48333333333,5508,5762,-254,47.5360317597307,77.0205024956464,Thaddeus Young,81,2606,220,Thaddeus Young,81,2607,2607
201156,80,3178,3223,6401,689.783333333333,697.733333333333,1387.51666666667,3259,3091,168,50.9139197000469,84.5568221402746,Nick Young,80,1390,45,Nick Young,80,1393,1393
201158,80,4472,4520,8992,981.15,970.316666666667,1951.46666666667,4244,4484,-240,47.1975088967972,78.2918830281498,Marco Belinelli,80,1945,-27,Marco Belinelli,80,1947,1947
201160,33,650,646,1296,143.833333333333,138.7,282.533333333333,677,578,99,52.2376543209877,86.2623879188297,Jason Smith,33,290,-83,Jason Smith,33,285,285
201162,48,1541,1580,3121,341.266666666667,344.45,685.716666666667,1522,1553,-31,48.7664210189042,79.9047225530467,Jared Dudley,48,689,3,Jared Dudley,48,686,686
201163,74,5221,5295,10516,1159.03333333333,1161.73333333333,2320.76666666667,5291,5186,105,50.3138075313808,82.0746017838933,Wilson Chandler,74,2346,59,Wilson Chandler,74,2346,2346
201166,31,426,406,832,90.7,94.6333333333333,185.333333333333,428,428,0,51.4423076923077,83.136690647482,Aaron Brooks,32,189,-75,Aaron Brooks,32,189,189
201167,53,1497,1528,3025,336.85,341.716666666667,678.566666666667,1414,1483,-69,46.7438016528926,75.0169474873508,Arron Afflalo,53,681,-97,Arron Afflalo,53,682,682
201177,2,12,13,25,2.96666666666667,2.71666666666667,5.68333333333333,12,13,-1,48,76.0117302052786,Josh McRoberts,2,6,0,Josh McRoberts,2,6,6
201188,73,5210,5224,10434,1158.41666666667,1222.76666666667,2381.18333333333,5125,4954,171,49.1182672033736,77.4824841990327,Marc Gasol,73,2409,-313,Marc Gasol,73,2408,2408
201196,28,881,881,1762,194.166666666667,196.866666666667,391.033333333333,869,852,17,49.3189557321226,80.0034097689882,Ramon Sessions,28,393,-83,Ramon Sessions,28,392,392
201229,79,3880,3918,7798,874.55,874.65,1749.2,3763,3824,-61,48.2559630674532,77.445689458038,Anthony Tolliver,79,1759,28,Anthony Tolliver,79,1757,1757
201281,2,148,151,299,33.6833333333333,30.5333333333333,64.2166666666667,130,163,-33,43.4782608695652,72.8782766675318,Andre Ingram,2,64,20,Andre Ingram,2,64,64
201563,73,3750,3779,7529,808.25,833.266666666667,1641.51666666667,3687,3696,-9,48.9706468322487,80.8593678610228,Michael Beasley,74,1658,-137,Michael Beasley,74,1653,1653
201565,25,970,980,1950,204.183333333333,211.533333333333,415.716666666667,989,998,-9,50.7179487179487,85.6448703042938,Derrick Rose,25,420,-53,Derrick Rose,25,420,420
201566,80,6609,6852,13461,1465.5,1408.3,2873.8,6452,6626,-174,47.9310600995468,80.8239961027211,Russell Westbrook,80,2917,384,Russell Westbrook,80,2914,2914
201567,59,3651,3714,7365,818.5,807.35,1625.85,3800,3771,29,51.5953835709437,84.1406033766953,Kevin Love,59,1654,79,Kevin Love,59,1651,1651
201568,21,1514,1488,3002,339.466666666667,318.366666666667,657.833333333333,1396,1465,-69,46.5023317788141,76.3962503166962,Danilo Gallinari,21,670,11,Danilo Gallinari,21,671,671
201569,69,4889,4892,9781,1045.18333333333,1097.3,2142.48333333333,5072,4793,279,51.8556384827727,85.2244669347875,Eric Gordon,69,2153,585,Eric Gordon,69,2154,2154
201571,75,3951,4009,7960,866.816666666667,877.433333333333,1744.25,3746,3842,-96,47.0603015075377,77.3146051311452,D.J. Augustin,75,1759,-129,D.J. Augustin,75,1760,1760
201572,74,4032,4034,8066,854.683333333333,850.266666666667,1704.95,3822,4016,-194,47.3840813290355,80.7014868471216,Brook Lopez,74,1736,-79,Brook Lopez,74,1735,1735
201573,39,2137,2180,4317,456.483333333333,462.3,918.783333333333,2010,2122,-112,46.5601111883252,78.7563263010866,Jerryd Bayless,39,925,-69,Jerryd Bayless,39,925,925
201577,64,3765,3741,7506,824.7,838.966666666667,1663.66666666667,3525,3719,-194,46.9624300559552,76.2772991384492,Robin Lopez,64,1694,-199,Robin Lopez,64,1690,1690
201578,50,1510,1524,3034,333.533333333333,337.7,671.233333333333,1444,1477,-33,47.5939353988135,77.4454983363957,Marreese Speights,52,674,14,Marreese Speights,52,675,675
201580,65,1441,1424,2865,299.6,305.816666666667,605.416666666667,1456,1402,54,50.8202443280977,86.5783895388851,JaVale McGee,65,614,39,JaVale McGee,65,615,615
201583,66,3865,3861,7726,827.3,867.7,1695,3938,3884,54,50.9707481232203,83.6389380530973,Ryan Anderson,66,1725,250,Ryan Anderson,66,1725,1725
201584,76,5193,5255,10448,1119.33333333333,1164.1,2283.43333333333,5074,5108,-34,48.5643185298622,79.995328671737,Courtney Lee,76,2311,-256,Courtney Lee,76,2310,2310
201585,71,3011,3084,6095,686.383333333333,698.066666666667,1384.45,2861,2877,-16,46.9401148482363,74.3948860558345,Kosta Koufos,71,1390,-224,Kosta Koufos,71,1391,1391
201586,76,4741,4751,9492,1039.65,1022.26666666667,2061.91666666667,4583,4856,-273,48.2827644332069,80.0168128359536,Serge Ibaka,76,2094,310,Serge Ibaka,76,2093,2093
201587,64,4481,4542,9023,972.716666666667,982.7,1955.41666666667,4516,4488,28,50.0498725479331,83.1413594715534,Nicolas Batum,64,1984,5,Nicolas Batum,64,1981,1981
201588,67,3938,3996,7934,874.516666666667,911.033333333333,1785.55,4091,3896,195,51.5628938744643,82.4821483576489,George Hill,67,1811,-123,George Hill,67,1812,1812
201589,18,317,320,637,69.7166666666667,70.1666666666667,139.883333333333,317,320,-3,49.7645211930926,81.5822709400691,Darrell Arthur,19,141,-33,Darrell Arthur,19,141,141
201596,66,3182,3228,6410,693.233333333333,726.533333333333,1419.76666666667,3038,3073,-35,47.3946957878315,77.0323762120536,Mario Chalmers,66,1426,-60,Mario Chalmers,66,1421,1421
201599,77,5499,5497,10996,1194.83333333333,1190.86666666667,2385.7,5402,5423,-21,49.1269552564569,81.5156976987886,DeAndre Jordan,77,2423,-122,DeAndre Jordan,77,2424,2424
201600,18,404,411,815,88.5333333333334,93.3333333333333,181.866666666667,410,414,-4,50.3067484662577,81.158357771261,Omer Asik,18,180,-32,Omer Asik,18,182,182
201601,61,3474,3476,6950,764.933333333333,793.85,1558.78333333333,3517,3385,132,50.6043165467626,81.2248869310467,Luc Mbah a Moute,61,1563,302,Luc Mbah a Moute,61,1564,1564
201609,75,5258,5273,10531,1164.18333333333,1173.31666666667,2337.5,5124,5029,95,48.6563479251733,78.9150802139038,Goran Dragic,75,2376,21,Goran Dragic,75,2378,2378
201628,20,256,259,515,56.7666666666667,56.4833333333333,113.25,261,256,5,50.6796116504854,82.9668874172186,Bobby Brown,20,113,-59,Bobby Brown,20,115,115
201933,58,4467,4457,8924,971.916666666667,975.083333333333,1947,4339,4359,-20,48.6216943074854,80.2280431432974,Blake Griffin,58,1969,60,Blake Griffin,58,1970,1970
201935,72,5684,5707,11391,1242.45,1278.78333333333,2521.23333333333,5866,5718,148,51.4967957159161,83.759006835279,James Harden,72,2549,522,James Harden,72,2551,2551
201936,52,3530,3523,7053,776.6,815.366666666667,1591.96666666667,3376,3426,-50,47.8661562455693,76.3433070206663,Tyreke Evans,52,1609,27,Tyreke Evans,52,1607,1607
201937,77,4927,4988,9915,1089.98333333333,1131.6,2221.58333333333,4702,4730,-28,47.423096318709,76.1943058629356,Ricky Rubio,77,2251,219,Ricky Rubio,77,2254,2254
201939,51,3872,3910,7782,785.5,830.816666666667,1616.31666666667,3929,4198,-269,50.4883063479825,87.5100795017478,Stephen Curry,51,1630,486,Stephen Curry,51,1631,1631
201942,80,6158,6216,12374,1347.4,1341.55,2688.95,6060,6330,-270,48.9736544367222,81.1320403875119,DeMar DeRozan,80,2708,443,DeMar DeRozan,80,2711,2711
201943,14,474,469,943,98.6666666666667,106.466666666667,205.133333333333,470,440,30,49.8409331919406,82.4829379265518,Brandon Jennings,14,208,-63,Brandon Jennings,14,205,205
201949,73,4298,4324,8622,957.75,966.583333333333,1924.33333333333,4204,4164,40,48.7589886337277,78.6474969686472,James Johnson,73,1946,0,James Johnson,73,1943,1943
201950,81,6714,6867,13581,1392.15,1500.98333333333,2893.13333333333,6571,6701,-130,48.3837714454017,81.764638108625,Jrue Holiday,81,2926,320,Jrue Holiday,81,2927,2927
201952,70,5229,5191,10420,1148.65,1137.41666666667,2286.06666666667,5155,5343,-188,49.4721689059501,81.1787349450293,Jeff Teague,70,2313,130,Jeff Teague,70,2311,2311
201954,69,4499,4496,8995,987.233333333333,1001.7,1988.93333333333,4385,4515,-130,48.7493051695386,79.3691761077965,Darren Collison,69,2019,137,Darren Collison,69,2018,2018
201956,53,1700,1741,3441,363.233333333333,373.733333333333,736.966666666667,1698,1636,62,49.3461203138623,82.94540684789,Omri Casspi,53,743,54,Omri Casspi,53,740,740
201959,82,6129,6094,12223,1352.06666666667,1351.43333333333,2703.5,6069,6186,-117,49.6522948539638,80.8152395043462,Taj Gibson,82,2722,226,Taj Gibson,82,2726,2726
201960,73,4972,4967,9939,1068.38333333333,1082.98333333333,2151.36666666667,4912,4798,114,49.4214709729349,82.1951937528083,DeMarre Carroll,73,2181,-66,DeMarre Carroll,73,2180,2180
201961,77,4475,4426,8901,1019.91666666667,1024.2,2044.11666666667,4382,4287,95,49.230423547916,77.1736773015239,Wayne Ellington,77,2037,126,Wayne Ellington,77,2041,2041
201967,73,3551,3617,7168,770.216666666667,782.666666666667,1552.88333333333,3308,3771,-463,46.1495535714286,76.6883109913816,Dante Cunningham,73,1560,-74,Dante Cunningham,73,1562,1562
201973,74,2461,2493,4954,553.616666666667,563.216666666667,1116.83333333333,2402,2401,1,48.4860718611223,77.4260558125653,Jonas Jerebko,74,1131,56,Jonas Jerebko,74,1134,1134
201975,77,2504,2535,5039,548.333333333333,565.483333333333,1113.81666666667,2539,2393,146,50.3869815439571,82.0637747085846,Jodie Meeks,77,1118,-153,Jodie Meeks,77,1119,1119
201976,11,750,724,1474,166.733333333333,160.133333333333,326.866666666667,711,708,3,48.236092265943,78.3071588823169,Patrick Beverley,11,333,26,Patrick Beverley,11,334,334
201980,70,3862,3933,7795,855.216666666667,907.233333333333,1762.45,3655,3722,-67,46.8890314304041,74.6574370904139,Danny Green,70,1792,89,Danny Green,70,1791,1791
201988,82,4618,4702,9320,1025.31666666667,1074.53333333333,2099.85,4484,4614,-130,48.1115879828326,76.8740624330309,Patty Mills,82,2109,112,Patty Mills,82,2107,2107
202066,65,3509,3593,7102,776.9,820.5,1597.4,3388,3389,-1,47.7048718670797,76.3540753724803,Garrett Temple,65,1615,-265,Garrett Temple,65,1615,1615
202083,63,4625,4663,9288,1085.65,1021.71666666667,2107.36666666667,4495,4722,-227,48.3957795004307,76.7877762135999,Wesley Matthews,63,2134,-325,Wesley Matthews,63,2131,2131
202322,41,3226,3233,6459,697.15,695.75,1392.9,3110,3238,-128,48.1498684006812,80.3790652595305,John Wall,41,1408,125,John Wall,41,1410,1410
202323,79,4547,4621,9168,994.733333333333,1019.9,2014.63333333333,4316,4426,-110,47.0767888307155,77.1237115107795,Evan Turner,79,2035,-50,Evan Turner,79,2034,2034
202324,77,4682,4760,9442,1035.58333333333,1087.7,2123.28333333333,4508,4584,-76,47.7441220080491,76.4325690557863,Derrick Favors,77,2154,148,Derrick Favors,77,2153,2153
202325,74,3431,3476,6907,735.816666666667,733.85,1469.66666666667,3294,3416,-122,47.6907485159983,80.6876842821501,Wesley Johnson,74,1491,-63,Wesley Johnson,74,1486,1486
202326,48,3866,3927,7793,842.833333333334,867.9,1710.73333333333,3675,4048,-373,47.1577056332606,77.335255835704,DeMarcus Cousins,48,1739,95,DeMarcus Cousins,48,1737,1737
202327,63,1771,1767,3538,401.983333333333,403.166666666667,805.15,1693,1736,-43,47.8518937252685,75.6976960814755,Ekpe Udoh,63,810,61,Ekpe Udoh,63,810,810
202328,51,2344,2380,4724,521.316666666667,514.9,1036.21666666667,2309,2291,18,48.8780694326842,80.2187444710727,Greg Monroe,51,1040,-213,Greg Monroe,51,1040,1040
202329,69,4635,4749,9384,1003.86666666667,1040.23333333333,2044.1,4485,4628,-143,47.7941176470588,78.9883078127293,Al-Farouq Aminu,69,2071,223,Al-Farouq Aminu,69,2072,2072
202330,1,13,12,25,2.35,2.63333333333333,4.98333333333334,12,9,3,48,86.6889632107023,Gordon Hayward,1,5,3,Gordon Hayward,1,5,5
202331,79,6552,6737,13289,1460.91666666667,1399.55,2860.46666666667,6411,6429,-18,48.2429076679961,80.6847367562403,Paul George,79,2894,229,Paul George,79,2891,2891
202332,21,118,107,225,21.0833333333333,23.7,44.7833333333333,134,97,37,59.5555555555556,107.718645329364,Cole Aldrich,21,51,-2,Cole Aldrich,21,49,49
202334,78,3243,3273,6516,722.1,749.366666666667,1471.46666666667,3047,3222,-175,46.7618170656845,74.546031170714,Ed Davis,78,1470,89,Ed Davis,78,1471,1471
202335,82,2787,2795,5582,641.716666666667,624.483333333333,1266.2,2671,2634,37,47.8502328914368,75.9406096983099,Patrick Patterson,82,1271,-74,Patrick Patterson,82,1270,1270
202337,50,1591,1622,3213,350.65,352.9,703.55,1546,1629,-83,48.1170245876128,79.107383981238,Luke Babbitt,50,717,-33,Luke Babbitt,50,715,715
202339,74,5195,5202,10397,1135.73333333333,1155.03333333333,2290.76666666667,5332,5062,270,51.2840242377609,83.7937808302897,Eric Bledsoe,74,2322,123,Eric Bledsoe,74,2322,2322
202340,46,3155,3218,6373,691.433333333333,718.883333333333,1410.31666666667,3139,3015,124,49.2546681311784,80.1266854961652,Avery Bradley,46,1431,-119,Avery Bradley,46,1433,1433
202344,68,2634,2657,5291,574.1,582.3,1156.4,2532,2641,-109,47.8548478548479,78.8239363542027,Trevor Booker,68,1164,-28,Trevor Booker,68,1158,1158
202347,23,426,432,858,95.0333333333334,99.2333333333333,194.266666666667,380,438,-58,44.2890442890443,70.4186684969115,Quincy Pondexter,23,195,-90,Quincy Pondexter,23,196,196
202348,5,125,132,257,27.2166666666667,25.8666666666667,53.0833333333333,136,162,-26,52.9182879377432,92.2323390894819,Jordan Crawford,5,54,-19,Jordan Crawford,5,53,53
202355,54,3070,3054,6124,682.05,661.566666666667,1343.61666666667,2899,2863,36,47.3383409536251,77.6739397397571,Hassan Whiteside,54,1363,-79,Hassan Whiteside,54,1364,1364
202357,67,3055,3090,6145,663.066666666667,690.65,1353.71666666667,3011,3112,-101,48.9991863303499,80.0728857589599,Nemanja Bjelica,67,1372,15,Nemanja Bjelica,67,1371,1371
202362,82,4120,4136,8256,917.6,931.566666666667,1849.16666666667,4023,4130,-107,48.7281976744186,78.3206849932402,Lance Stephenson,82,1848,-108,Lance Stephenson,82,1850,1850
202379,1,14,14,28,2.66666666666667,2.65,5.31666666666667,10,19,-9,35.7142857142857,67.7115987460815,Jeremy Evans,1,5,-4,Jeremy Evans,1,5,5
202389,31,816,842,1658,175.333333333333,177.166666666667,352.5,766,795,-29,46.2002412545235,78.2297872340426,Timofey Mozgov,31,358,-86,Timofey Mozgov,31,359,359
202391,1,65,70,135,12.35,12.1833333333333,24.5333333333333,62,74,-12,45.9259259259259,90.9782608695652,Jeremy Lin,1,25,-6,Jeremy Lin,1,25,25
202397,82,4542,4579,9121,1018.06666666667,1007.46666666667,2025.53333333333,4451,4445,6,48.7994737419143,79.1080538459007,Ish Smith,82,2044,43,Ish Smith,82,2043,2043
202498,73,3036,3015,6051,663.266666666667,676.116666666667,1339.38333333333,2905,2894,11,48.0085936208891,78.0807087838931,Lance Thomas,73,1352,-184,Lance Thomas,73,1353,1353
202681,60,4316,4337,8653,953.566666666667,952.383333333333,1905.95,4327,4110,217,50.0057783427713,81.7293213358168,Kyrie Irving,60,1932,257,Kyrie Irving,60,1931,1931
202682,2,20,24,44,4.25,4.43333333333334,8.68333333333334,12,9,3,27.2727272727273,49.7504798464491,Derrick Williams,2,8,-5,Derrick Williams,2,9,9
202683,71,4139,4159,8298,892.15,907.616666666667,1799.76666666667,4031,4050,-19,48.5779705953242,80.630452095642,Enes Kanter,71,1830,-182,Enes Kanter,71,1830,1830
202684,53,2448,2382,4830,538.466666666667,522.6,1061.06666666667,2362,2546,-184,48.9026915113872,80.1382256848454,Tristan Thompson,53,1072,-137,Tristan Thompson,53,1072,1072
202685,77,3915,3912,7827,850.4,846.216666666667,1696.61666666667,3877,3916,-39,49.5336655168008,82.2648997514662,Jonas Valanciunas,77,1724,228,Jonas Valanciunas,77,1727,1727
202687,82,3366,3395,6761,745.433333333333,741.883333333333,1487.31666666667,3261,3108,153,48.2325099837302,78.9314089131434,Bismack Biyombo,82,1491,-429,Bismack Biyombo,82,1495,1495
202689,80,6142,6251,12393,1340.65,1366.65,2707.3,6115,6277,-162,49.3423706931332,81.313485760721,Kemba Walker,80,2739,201,Kemba Walker,80,2736,2736
202691,73,5661,5821,11482,1199.45,1266.18333333333,2465.63333333333,5524,5883,-359,48.1100853509842,80.6543281645014,Klay Thompson,73,2500,399,Klay Thompson,73,2506,2506
202692,64,2305,2313,4618,518.883333333333,535.05,1053.93333333333,2313,2229,84,50.0866175833694,79.0068948067556,Alec Burks,64,1059,-16,Alec Burks,64,1059,1059
202693,73,4358,4363,8721,961.8,971.2,1933,4197,4308,-111,48.12521499828,78.1645111226074,Markieff Morris,73,1966,24,Markieff Morris,73,1968,1968
202694,54,3249,3243,6492,729.333333333333,704.166666666667,1433.5,3100,3149,-49,47.751078250154,77.8514126264388,Marcus Morris,54,1441,23,Marcus Morris,54,1447,1447
202695,9,466,460,926,101.95,104.533333333333,206.483333333333,394,448,-54,42.548596112311,68.6931955767213,Kawhi Leonard,9,211,17,Kawhi Leonard,9,210,210
202696,57,3838,3837,7675,839.083333333333,817.983333333333,1657.06666666667,3713,3812,-99,48.3778501628665,80.6654328934664,Nikola Vucevic,57,1687,-39,Nikola Vucevic,57,1683,1683
202697,14,632,638,1270,138.083333333333,133.883333333333,271.966666666667,628,597,31,49.4488188976378,83.1278342934183,Iman Shumpert,14,277,29,Iman Shumpert,14,276,276
202699,80,5933,6034,11967,1299.3,1333.2,2632.5,5978,5916,62,49.9540402774296,81.7504273504274,Tobias Harris,80,2670,-115,Tobias Harris,80,2668,2668
202702,32,1047,1036,2083,231.366666666667,225.516666666667,456.883333333333,1042,970,72,50.0240038406145,82.1041111881224,Kenneth Faried,32,463,-42,Kenneth Faried,32,461,461
202703,55,3483,3502,6985,721.783333333333,767.366666666667,1489.15,3471,3439,32,49.6921975662133,83.9109559144479,Nikola Mirotic,55,1496,149,Nikola Mirotic,55,1494,1494
202704,45,2623,2670,5293,579.75,600.833333333333,1180.58333333333,2567,2592,-25,48.4980162478746,78.2765581986306,Reggie Jackson,45,1201,18,Reggie Jackson,45,1201,1201
202705,7,427,457,884,91.9666666666667,100.25,192.216666666667,486,433,53,54.9773755656109,91.022283881037,MarShon Brooks,7,193,10,MarShon Brooks,7,193,193
202709,82,4915,4985,9900,1085.45,1121.58333333333,2207.03333333333,4676,4896,-220,47.2323232323232,76.272522692604,Cory Joseph,82,2210,-50,Cory Joseph,82,2210,2210
202710,59,4812,4752,9564,1065.98333333333,1076.18333333333,2142.16666666667,4768,4755,13,49.8536177331661,80.1282190928188,Jimmy Butler,59,2163,365,Jimmy Butler,59,2164,2164
202711,80,5480,5510,10990,1200,1222.05,2422.05,5184,5432,-248,47.1701546860783,77.052083978448,Bojan Bogdanovic,80,2463,98,Bojan Bogdanovic,80,2464,2464
202713,11,116,123,239,28.4,25.75,54.15,92,118,-26,38.4937238493724,61.1634349030471,Kyle Singler,12,60,-1,Kyle Singler,12,59,59
202714,69,3021,3047,6068,682.6,679.25,1361.85,2879,2929,-50,47.4456163480554,76.1052979403018,Shelvin Mack,69,1364,-93,Shelvin Mack,69,1365,1365
202718,36,1512,1507,3019,335.783333333333,351.166666666667,686.95,1584,1473,111,52.4677045379265,83.0104083266613,Chandler Parsons,36,692,-85,Chandler Parsons,36,691,691
202720,8,312,307,619,68.1666666666667,67.8333333333333,136,292,279,13,47.172859450727,77.2941176470588,Jon Leuer,8,136,12,Jon Leuer,8,136,136
202722,75,2388,2410,4798,525.766666666667,549.833333333333,1075.6,2313,2297,16,48.2075864943727,77.4153960580141,Davis Bertans,77,1085,89,Davis Bertans,77,1086,1086
202732,56,1552,1596,3148,355.266666666667,362.566666666667,717.833333333333,1530,1571,-41,48.6022871664549,76.7309031808684,DeAndre Liggins,58,727,-211,DeAndre Liggins,58,724,724
202734,82,5911,6063,11974,1232.4,1317.76666666667,2550.16666666667,5740,6066,-326,47.9371972607316,81.0299980393438,E'Twaun Moore,82,2587,164,E'Twaun Moore,82,2586,2586
202738,32,2005,2047,4052,428.983333333333,426.983333333333,855.966666666667,1954,2177,-223,48.22309970385,82.1807702792165,Isaiah Thomas,32,863,-116,Isaiah Thomas,32,862,862
202779,29,924,945,1869,209.866666666667,218.266666666667,428.133333333333,884,882,2,47.2980203317282,74.331983805668,Dwight Buycks,29,426,4,Dwight Buycks,29,427,427
202918,2,20,18,38,3.28333333333333,4.03333333333333,7.31666666666667,18,17,1,47.3684210526316,88.5649202733485,Xavier Silas,2,7,1,Xavier Silas,2,7,7
202933,23,391,396,787,87.8666666666667,83.95,171.816666666667,372,411,-39,47.2681067344346,77.9435444757009,Julyan Stone,23,176,38,Julyan Stone,23,175,175
203076,75,6266,6459,12725,1296.78333333333,1402.83333333333,2699.61666666667,6137,6333,-196,48.2278978388998,81.8382856825352,Anthony Davis,75,2729,299,Anthony Davis,75,2727,2727
203077,74,4154,4232,8386,903.7,916.8,1820.5,4127,4148,-21,49.2129740042929,81.6105465531448,Michael Kidd-Gilchrist,74,1851,48,Michael Kidd-Gilchrist,74,1850,1850
203078,82,6672,6677,13349,1466.41666666667,1480.01666666667,2946.43333333333,6387,6635,-248,47.8462806202712,78.0374011516749,Bradley Beal,82,2978,175,Bradley Beal,82,2977,2977
203079,30,2005,2000,4005,448.016666666667,457.216666666667,905.233333333333,1916,1906,10,47.8401997503121,76.1969289685901,Dion Waiters,30,920,-85,Dion Waiters,30,918,918
203081,73,6026,6097,12123,1309.36666666667,1338.73333333333,2648.1,5844,5971,-127,48.2058896312794,79.447150787357,Damian Lillard,73,2672,347,Damian Lillard,73,2670,2670
203082,24,1383,1389,2772,295.883333333333,295.9,591.783333333333,1323,1349,-26,47.7272727272727,80.4821584476301,Terrence Ross,24,598,-58,Terrence Ross,24,600,600
203083,78,5800,5928,11728,1284.13333333333,1301.86666666667,2586,5750,5672,78,49.0279672578445,80.046403712297,Andre Drummond,78,2629,-49,Andre Drummond,78,2625,2625
203084,77,5764,5795,11559,1339.9,1272.9,2612.8,5554,5729,-175,48.0491391988926,76.5248009797918,Harrison Barnes,77,2638,-327,Harrison Barnes,77,2634,2634
203085,61,4609,4630,9239,1018.68333333333,1006.61666666667,2025.3,4587,4680,-93,49.6482303279576,81.5345874685232,Austin Rivers,61,2059,-56,Austin Rivers,61,2057,2057
203086,33,566,563,1129,124.616666666667,128.583333333333,253.2,588,571,17,52.0814880425155,83.6018957345972,Meyers Leonard,33,253,-35,Meyers Leonard,33,254,254
203087,80,4340,4477,8817,961.6,999.783333333333,1961.38333333333,4351,4472,-121,49.3478507428831,79.8599627813703,Jeremy Lamb,80,1964,78,Jeremy Lamb,80,1967,1967
203089,76,4362,4306,8668,968.716666666667,966.35,1935.06666666667,4440,4193,247,51.2228887863406,82.6018052780266,John Henson,76,1968,163,John Henson,76,1970,1970
203090,59,2809,2849,5658,616.55,630.383333333333,1246.93333333333,2726,2717,9,48.1795687522093,78.7018819503849,Maurice Harkless,59,1267,10,Maurice Harkless,59,1264,1264
203092,66,2499,2519,5018,542.533333333333,548.6,1091.13333333333,2527,2370,157,50.3587086488641,83.3738620394697,Tyler Zeller,66,1112,26,Tyler Zeller,66,1109,1109
203095,57,4244,4207,8451,923.033333333333,895.766666666667,1818.8,4215,4204,11,49.8757543485978,83.4286342643501,Evan Fournier,57,1837,-121,Evan Fournier,57,1837,1837
203101,55,2076,2088,4164,458.8,441.85,900.65,1883,2057,-174,45.2209414024976,75.2656414811525,Miles Plumlee,55,918,-158,Miles Plumlee,55,918,918
203104,3,164,170,334,35.45,39.0166666666667,74.4666666666667,178,143,35,53.2934131736527,86.0519247985676,Marquis Teague,3,73,-24,Marquis Teague,3,74,74
203107,73,3651,3687,7338,802.016666666667,826.183333333333,1628.2,3540,3612,-72,48.2420278004906,78.2704827416779,Tomas Satoransky,73,1644,76,Tomas Satoransky,73,1643,1643
203109,80,4668,4703,9371,1036.36666666667,1033.71666666667,2070.08333333333,4589,4728,-139,48.9702272969801,79.80548287106,Jae Crowder,80,2096,27,Jae Crowder,80,2090,2090
203110,70,5210,5363,10573,1094.78333333333,1162.41666666667,2257.2,5156,5427,-271,48.7657240139979,82.2328548644338,Draymond Green,70,2286,312,Draymond Green,70,2287,2287
203112,70,3062,3081,6143,683.733333333333,675.25,1358.98333333333,3009,3085,-76,48.9825818004233,79.7095868234832,Quincy Acy,70,1362,-55,Quincy Acy,70,1359,1359
203114,82,6585,6592,13177,1464.11666666667,1482.66666666667,2946.78333333333,6740,6529,211,51.1497305911816,82.3406313098463,Khris Middleton,82,2980,94,Khris Middleton,82,2982,2982
203115,81,6050,6073,12123,1334.93333333333,1334,2668.93333333333,6129,5985,144,50.5567928730512,82.6712294549633,Will Barton,81,2681,124,Will Barton,81,2683,2683
203118,76,3145,3172,6317,694.016666666667,708.316666666667,1402.33333333333,3126,3101,25,49.4855152762387,80.2491086284764,Mike Scott,76,1404,-80,Mike Scott,76,1406,1406
203121,82,4420,4539,8959,945.766666666667,997.466666666667,1943.23333333333,4509,4480,29,50.3292778211854,83.53294337616,Darius Miller,82,1947,-17,Darius Miller,82,1944,1944
203124,77,3101,3144,6245,681.166666666667,702.183333333333,1383.35,3033,3072,-39,48.5668534827862,78.9301333718871,Kyle O'Quinn,77,1392,-42,Kyle O'Quinn,77,1387,1387
203141,10,333,356,689,77.6,81.05,158.65,321,358,-37,46.589259796807,72.8395839899149,Mirza Teletovic,10,160,-38,Mirza Teletovic,10,159,159
203145,65,3998,4119,8117,878.95,885.05,1764,3831,3966,-135,47.1972403597388,78.1836734693878,Kent Bazemore,65,1791,-169,Kent Bazemore,65,1789,1789
203186,41,1004,978,1982,212.733333333333,211.75,424.483333333333,969,972,-3,48.8900100908174,82.1799049825278,Willie Reed,42,428,16,Willie Reed,42,428,428
203200,72,5143,5104,10247,1107.16666666667,1131.35,2238.51666666667,4921,5131,-210,48.02381184737,79.1399066346018,Justin Holiday,72,2269,-180,Justin Holiday,72,2265,2265
203210,55,3305,3351,6656,743.75,772.383333333333,1516.13333333333,3292,3165,127,49.4591346153846,78.1672676105884,JaMychal Green,55,1538,-250,JaMychal Green,55,1542,1542
203382,81,3236,3200,6436,726.733333333333,714,1440.73333333333,3047,2890,157,47.3430702299565,76.1362269214752,Aron Baynes,81,1488,185,Aron Baynes,81,1485,1485
203457,29,1057,1047,2104,241.4,229.783333333333,471.183333333333,948,994,-46,45.0570342205323,72.4304057161049,Nerlens Noel,30,472,-119,Nerlens Noel,30,472,472
203458,69,3260,3305,6565,685.783333333333,705.133333333333,1390.91666666667,3240,3145,95,49.3526275704494,83.8583667844947,Alex Len,69,1395,-253,Alex Len,69,1395,1395
203459,75,5038,5027,10065,1079.81666666667,1087.03333333333,2166.85,4988,4926,62,49.5578738201689,82.8705263400789,Allen Crabbe,75,2197,-81,Allen Crabbe,75,2197,2197
203460,39,2291,2359,4650,509.033333333333,514.416666666667,1023.45,2141,2103,38,46.0430107526882,75.3099809467976,Andre Roberson,39,1040,190,Andre Roberson,39,1037,1037
203463,56,2427,2456,4883,537.45,547.75,1085.2,2454,2186,268,50.2559901699775,81.4080353851825,Ben McLemore,56,1090,-317,Ben McLemore,56,1091,1091
203464,64,1294,1290,2584,282.233333333333,286.133333333333,568.366666666667,1203,1205,-2,46.5557275541796,76.1972904814967,Brandon Paul,64,572,-11,Brandon Paul,64,576,576
203468,81,6502,6606,13108,1422.03333333333,1462.03333333333,2884.06666666667,6326,6371,-45,48.2606042111688,78.963500612561,CJ McCollum,81,2925,123,CJ McCollum,81,2923,2923
203469,33,1382,1441,2823,311.666666666667,316.516666666667,628.183333333333,1390,1397,-7,49.2383988664541,79.6582738584808,Cody Zeller,33,627,23,Cody Zeller,33,627,627
203471,67,4696,4735,9431,1029.3,1020,2049.3,4495,4707,-212,47.6619658572792,78.9635485287659,Dennis Schroder,67,2076,-283,Dennis Schroder,67,2078,2078
203473,62,3458,3512,6970,766.883333333333,755.4,1522.28333333333,3318,3435,-117,47.6040172166428,78.4663389425972,Dewayne Dedmon,62,1544,-159,Dewayne Dedmon,62,1542,1542
203476,79,3017,2987,6004,656.816666666667,674.766666666667,1331.58333333333,3022,2941,81,50.3331112591606,81.7012328681394,Gorgui Dieng,79,1334,-202,Gorgui Dieng,79,1333,1333
203477,20,941,941,1882,207.25,213.25,420.5,943,929,14,50.1062699256111,80.7324613555291,Isaiah Canaan,20,423,23,Isaiah Canaan,20,422,422
203481,8,86,78,164,18.0666666666667,17.1,35.1666666666667,80,64,16,48.7804878048781,81.8957345971564,Jeff Withey,10,39,21,Jeff Withey,9,39,39
203482,76,3890,3810,7700,876.283333333333,889.55,1765.83333333333,3911,3736,175,50.7922077922078,79.733459178858,Kelly Olynyk,76,1779,234,Kelly Olynyk,76,1779,1779
203484,74,5707,5697,11404,1193.91666666667,1232.95,2426.86666666667,5536,5550,-14,48.5443703963522,82.1207043375546,Kentavious Caldwell-Pope,74,2456,-52,Kentavious Caldwell-Pope,74,2458,2458
203485,14,306,285,591,73.0833333333333,63.9333333333333,137.016666666667,252,288,-36,42.6395939086294,66.2109232453473,Lorenzo Brown,14,139,46,Lorenzo Brown,14,139,139
203486,74,3245,3312,6557,717.85,714.183333333333,1432.03333333333,3185,3315,-130,48.5740430074729,80.0679686227043,Mason Plumlee,74,1439,-52,Mason Plumlee,74,1439,1439
203487,52,1811,1890,3701,403.433333333333,428.716666666667,832.15,1829,1761,68,49.4190759254256,79.125157723968,Michael Carter-Williams,52,835,-61,Michael Carter-Williams,52,835,835
203488,53,2428,2476,4904,529.283333333333,527.283333333333,1056.56666666667,2330,2476,-146,47.5122349102773,79.3892166451084,Mike Muscala,53,1062,-75,Mike Muscala,53,1060,1060
203489,5,38,43,81,8.75,9,17.75,37,41,-4,45.679012345679,75.0422535211267,Nate Wolters,5,19,3,Nate Wolters,5,19,19
203490,77,5414,5432,10846,1192.41666666667,1206.01666666667,2398.43333333333,5176,5457,-281,47.7226627328047,77.6907147721429,Otto Porter Jr.,77,2430,284,Otto Porter,77,2432,2432
203493,62,3862,3913,7775,848.733333333333,862.783333333333,1711.51666666667,3812,3802,10,49.0289389067524,80.1815154200466,Reggie Bullock,62,1731,21,Reggie Bullock,62,1732,1732
203496,80,5830,5839,11669,1254.8,1236.85,2491.65,5543,5624,-81,47.5019281857914,80.0866895430739,Robert Covington,80,2529,522,Robert Covington,80,2532,2532
203497,56,4016,4070,8086,881.3,907.833333333333,1789.13333333333,3749,3850,-101,46.364086074697,75.4354063419905,Rudy Gobert,56,1814,348,Rudy Gobert,56,1816,1816
203498,43,940,933,1873,209.883333333333,203.883333333333,413.766666666667,948,942,6,50.6139882541378,82.4812696366712,Shabazz Muhammad,43,417,-117,Shabazz Muhammad,43,418,418
203499,54,1672,1714,3386,387.416666666667,380.233333333333,767.65,1582,1516,66,46.7217956290608,74.1900605744806,Shane Larkin,54,776,12,Shane Larkin,54,775,775
203500,76,5612,5855,11467,1239.6,1214.16666666667,2453.76666666667,5523,5545,-22,48.1642975494899,81.0297094263242,Steven Adams,76,2487,323,Steven Adams,76,2487,2487
203501,57,4303,4351,8654,921.683333333333,942.383333333333,1864.06666666667,4200,4239,-39,48.5324705338572,81.1129787918887,Tim Hardaway Jr.,57,1885,-74,Tim Hardaway Jr.,57,1885,1885
203503,75,4540,4507,9047,1005.53333333333,1020.76666666667,2026.3,4604,4554,50,50.8897977230021,81.7963776341114,Tony Snell,75,2051,-62,Tony Snell,75,2053,2053
203504,36,1777,1772,3549,390.883333333333,386.283333333333,777.166666666667,1813,1832,-19,51.0848126232742,83.9819858460219,Trey Burke,36,785,-81,Trey Burke,36,785,785
203505,5,101,95,196,20.9833333333333,23.7166666666667,44.7,99,80,19,50.5102040816327,79.7315436241611,Vander Blue,5,45,15,Vander Blue,5,45,45
203506,75,5703,5755,11458,1242.95,1276.75,2519.7,5442,5650,-208,47.4951998603596,77.752113346827,Victor Oladipo,75,2556,343,Victor Oladipo,75,2552,2552
203507,75,6083,6063,12146,1355.8,1371.08333333333,2726.88333333333,6248,5839,409,51.4408035567265,82.4853770788385,Giannis Antetokounmpo,75,2761,143,Giannis Antetokounmpo,75,2756,2756
203512,49,939,919,1858,210.9,204.416666666667,415.316666666667,866,903,-37,46.6092572658773,75.0656125847747,Lucas Nogueira,49,416,88,Lucas Nogueira,49,418,418
203516,72,3551,3535,7086,795.216666666667,802.766666666667,1597.98333333333,3475,3365,110,49.040361275755,78.2861731974677,James Ennis III,72,1602,-183,James Ennis,72,1604,1604
203518,75,2536,2571,5107,564.266666666667,564.1,1128.36666666667,2455,2510,-55,48.0712747209712,78.3256033795161,Alex Abrines,75,1134,39,Alex Abrines,75,1134,1134
203521,38,1530,1542,3072,353.9,358.666666666667,712.566666666667,1532,1548,-16,49.8697916666667,77.3990737708753,Matthew Dellavedova,38,709,-79,Matthew Dellavedova,38,712,712
203524,12,450,454,904,91.7333333333333,96.6166666666667,188.35,432,429,3,47.787610619469,82.5696840987523,Solomon Hill,12,187,-26,Solomon Hill,12,187,187
203526,41,1097,1129,2226,246.3,252.516666666667,498.816666666667,1030,1096,-66,46.2713387241689,74.3359283637943,Raul Neto,41,502,119,Raul Neto,41,498,498
203530,55,1213,1220,2433,256.283333333333,273.183333333333,529.466666666667,1211,1134,77,49.7739416358405,82.3394610929237,Joffrey Lauvergne,55,534,-70,Joffrey Lauvergne,55,534,534
203546,74,3293,3399,6692,702.95,747.916666666667,1450.86666666667,3309,3322,-13,49.4471010161387,82.1054082617286,Ian Clark,74,1455,26,Ian Clark,74,1455,1455
203580,10,147,152,299,32.3,36.5333333333333,68.8333333333333,155,150,5,51.8394648829431,81.0653753026634,Larry Drew II,10,69,-13,,,,
203584,79,3723,3765,7488,801.5,813.266666666667,1614.76666666667,3756,3629,127,50.1602564102564,83.7371756497327,Troy Daniels,79,1620,-406,Troy Daniels,79,1622,1622
203585,18,666,664,1330,147.283333333333,149.633333333333,296.916666666667,648,686,-38,48.7218045112782,78.5674992983441,Rodney McGruder,18,300,32,Rodney McGruder,18,299,299
203590,1,3,3,6,0.416666666666667,0.783333333333333,1.2,4,4,0,66.6666666666667,120,Trey McKinney-Jones,1,1,0,Trey McKinney-Jones,1,1,1
203613,69,4604,4610,9214,1005.16666666667,1002.4,2007.56666666667,4585,4522,63,49.7612329064467,82.2189383499095,Jonathon Simmons,69,2030,-312,Jonathon Simmons,69,2029,2029
203687,3,17,16,33,3.46666666666667,3.25,6.71666666666667,12,13,-1,36.3636363636364,64.317617866005,Reggie Hearn,3,7,-5,Reggie Hearn,3,7,7
203705,18,479,470,949,107.716666666667,106.916666666667,214.633333333333,466,468,-2,49.1043203371971,78.1612051560802,Josh Magette,18,216,7,Josh Magette,18,216,216
203710,38,1606,1632,3238,344.666666666667,352.383333333333,697.05,1607,1518,89,49.6294008647313,82.9954809554551,C.J. Williams,38,704,-33,C.J. Williams,38,707,707
203816,1,21,24,45,4.11666666666667,4.13333333333333,8.25,30,17,13,66.6666666666667,130.909090909091,Scotty Hopson,1,8,-8,Scotty Hopson,1,8,8
203894,74,3366,3433,6799,752.983333333333,778.85,1531.83333333333,3158,3385,-227,46.4480070598617,74.2169513654662,Shabazz Napier,74,1534,84,Shabazz Napier,74,1535,1535
203897,24,1476,1455,2931,319.6,324.166666666667,643.766666666667,1432,1531,-99,48.8570453770044,80.078703463988,Zach LaVine,24,653,-172,Zach LaVine,24,656,656
203898,54,1542,1577,3119,332.65,344.483333333333,677.133333333334,1436,1500,-64,46.0403975633216,76.3453775721177,Tyler Ennis,54,679,-20,Tyler Ennis,54,683,683
203900,4,66,68,134,14.0166666666667,15.7333333333333,29.75,73,59,14,54.4776119402985,88.3361344537815,Markel Brown,4,31,-17,Markel Brown,4,31,31
203901,63,4162,4205,8367,890.016666666667,884.283333333333,1774.3,4234,4100,134,50.6035616110912,85.9065546976272,Elfrid Payton,63,1807,-462,Elfrid Payton,63,1808,1808
203903,81,4379,4368,8747,946.183333333333,944.783333333333,1890.96666666667,4194,4244,-50,47.9478678404024,79.844876518183,Jordan Clarkson,81,1885,-38,Jordan Clarkson,81,1888,1888
203914,67,5148,5230,10378,1139.95,1139.7,2279.65,5233,5125,108,50.4239737907111,82.639001601123,Gary Harris,67,2304,172,Gary Harris,67,2304,2304
203915,80,5185,5169,10354,1140.28333333333,1141,2281.28333333333,5192,5068,124,50.1448715472281,81.9328302052208,Spencer Dinwiddie,80,2306,-100,Spencer Dinwiddie,80,2306,2306
203917,41,1177,1168,2345,263.833333333333,256.5,520.333333333333,1127,1117,10,48.0597014925373,77.9730941704036,Nik Stauskas,41,521,-57,Nik Stauskas,41,523,523
203918,60,3551,3551,7102,787.6,815.766666666667,1603.36666666667,3635,3469,166,51.1827654181921,81.6157668239746,Rodney Hood,60,1614,-62,Rodney Hood,60,1616,1616
203920,42,1266,1312,2578,281.25,295.766666666667,577.016666666667,1205,1284,-79,46.7416602017068,75.1798041651021,Khem Birch,42,582,8,Khem Birch,42,578,578
203922,23,762,758,1520,170.966666666667,166.916666666667,337.883333333333,714,736,-22,46.9736842105263,76.0735954224831,Glenn Robinson III,23,339,-1,Glenn Robinson III,23,338,338
203923,6,135,130,265,31.4166666666667,29.3166666666667,60.7333333333333,130,127,3,49.0566037735849,77.0581778265642,James Young,6,61,-26,James Young,6,61,61
203924,81,3663,3718,7381,830.616666666667,814,1644.61666666667,3528,3615,-87,47.7984013006368,77.2265066834217,Jerami Grant,81,1647,19,Jerami Grant,81,1647,1647
203925,78,4462,4487,8949,983.333333333333,983.316666666667,1966.65,4325,4475,-150,48.3294222818192,79.1701624590039,Joe Harris,78,1973,-122,Joe Harris,78,1975,1975
203926,81,3966,3991,7957,870.266666666667,893.233333333333,1763.5,3847,3811,36,48.3473670981526,78.5324638502977,Doug McDermott,81,1767,-36,Doug McDermott,81,1768,1768
203930,52,1414,1454,2868,306.716666666667,329.433333333333,636.15,1392,1447,-55,48.5355648535565,78.7738740863004,Sean Kilpatrick,52,638,-114,Sean Kilpatrick,52,640,640
203932,58,4345,4376,8721,952.833333333333,931.533333333333,1884.36666666667,4279,4238,41,49.0654741428735,81.7484212202155,Aaron Gordon,58,1915,-92,Aaron Gordon,58,1909,1909
203933,65,4952,5039,9991,1050.51666666667,1061.1,2111.61666666667,4915,4806,109,49.1942748473626,83.7936178441479,T.J. Warren,65,2139,-430,T.J. Warren,65,2142,2142
203935,54,3617,3644,7261,807.866666666667,807.733333333333,1615.6,3525,3357,168,48.5470320892439,78.5466699678138,Marcus Smart,54,1615,213,Marcus Smart,54,1614,1614
203937,74,4293,4361,8654,945.566666666667,1005.71666666667,1951.28333333333,4094,4166,-72,47.3076034203836,75.5318294797441,Kyle Anderson,74,1979,138,Kyle Anderson,74,1978,1978
203939,79,3635,3643,7278,837.733333333333,818.133333333333,1655.86666666667,3584,3537,47,49.2442978840341,77.9193171752959,Dwight Powell,79,1670,6,Dwight Powell,79,1672,1672
203940,5,89,95,184,20.95,20.4833333333333,41.4333333333333,83,108,-25,45.1086956521739,72.1158487530169,Adreian Payne,5,43,-13,Adreian Payne,5,43,43
203943,54,1990,1932,3922,432.083333333333,433.483333333333,865.566666666667,1802,1895,-93,45.945945945946,74.9474332807024,Noah Vonleh,54,876,-41,Noah Vonleh,54,875,875
203944,82,5019,5078,10097,1072.73333333333,1095.1,2167.83333333333,4892,5043,-151,48.4500346637615,81.2387176135927,Julius Randle,82,2191,-80,Julius Randle,82,2190,2190
203948,36,854,863,1717,182.866666666667,194.15,377.016666666667,840,761,79,48.9225393127548,80.2086556739313,Johnny O'Bryant III,36,380,-87,Johnny O'Bryant,36,379,379
203949,3,39,43,82,8.85,8.73333333333333,17.5833333333333,46,33,13,56.0975609756098,94.1800947867299,James Michael McAdoo,3,18,1,James Michael McAdoo,3,18,18
203952,82,6730,6694,13424,1476.06666666667,1482.48333333333,2958.55,6679,6752,-73,49.7541716328963,81.2708928360176,Andrew Wiggins,82,2981,199,Andrew Wiggins,82,2979,2979
203953,31,1710,1701,3411,361.783333333333,380.45,742.233333333333,1704,1656,48,49.9560246262093,82.6478645529259,Jabari Parker,31,743,-65,Jabari Parker,31,743,743
203954,63,4353,4369,8722,947.266666666667,939.8,1887.06666666667,4134,4315,-181,47.3973859206604,78.8652582491345,Joel Embiid,63,1914,488,Joel Embiid,63,1912,1912
203957,14,536,531,1067,118.616666666667,115.716666666667,234.333333333333,491,528,-37,46.0168697282099,75.4310099573258,Dante Exum,14,234,32,Dante Exum,14,235,235
203960,22,739,767,1506,168.216666666667,174.55,342.766666666667,714,656,58,47.4103585657371,74.9897889720899,JaKarr Sampson,22,345,1,JaKarr Sampson,22,344,344
203961,67,1763,1750,3513,401.65,403.65,805.3,1642,1627,15,46.7406774836322,73.4037004842916,Eric Moreland,67,807,3,Eric Moreland,67,805,805
203962,69,2140,2182,4322,483.083333333333,480.35,963.433333333333,2035,2128,-93,47.0846830171217,76.0405494239352,Josh Huestis,69,980,113,Josh Huestis,69,982,982
203966,15,606,612,1218,129.9,138.85,268.75,588,575,13,48.2758620689655,78.7646511627907,Jamil Wilson,15,274,5,Jamil Wilson,15,274,274
203967,77,5325,5329,10654,1151.83333333333,1125.48333333333,2277.31666666667,5099,5162,-63,47.8599587009574,80.6053908474155,Dario Saric,78,2310,290,Dario Saric,78,2310,2310
203991,74,4542,4513,9055,989.383333333333,1010.75,2000.13333333333,4604,4461,143,50.844837106571,82.8664755682955,Clint Capela,74,2035,378,Clint Capela,74,2034,2034
203992,78,4745,4799,9544,1066.51666666667,1086.75,2153.26666666667,4654,4695,-41,48.7636211232188,77.8092200996935,Bogdan Bogdanovic,78,2175,-362,Bogdan Bogdanovic,78,2175,2175
203994,79,4659,4758,9417,1018.75,1035.03333333333,2053.78333333333,4475,4488,-13,47.5204417542742,78.4406014915562,Jusuf Nurkic,79,2090,162,Jusuf Nurkic,79,2088,2088
203998,12,221,236,457,52.1666666666667,53.1333333333333,105.3,204,220,-16,44.6389496717724,69.7435897435898,Bruno Caboclo,12,107,11,Bruno Caboclo,12,107,107
203999,75,5433,5418,10851,1198.95,1206.75,2405.7,5605,5303,302,51.6542254170123,83.8757949869061,Nikola Jokic,75,2442,356,Nikola Jokic,75,2443,2443
204001,48,3490,3526,7016,749.633333333333,781.866666666667,1531.5,3348,3379,-31,47.7194982896237,78.6993143976494,Kristaps Porzingis,48,1552,14,Kristaps Porzingis,48,1553,1553
204020,72,4554,4496,9050,1012.5,1021.23333333333,2033.73333333333,4458,4294,164,49.2596685082873,78.9130007211696,Tyler Johnson,72,2052,47,Tyler Johnson,72,2052,2052
204022,7,194,196,390,42.25,45.3333333333333,87.5833333333333,160,188,-28,41.025641025641,65.7659372026641,Jack Cooley,7,87,-3,Jack Cooley,7,87,87
204025,59,1844,1852,3696,417.75,413.216666666667,830.966666666667,1844,1776,68,49.8917748917749,79.88768101408,Tim Frazier,59,840,-84,Tim Frazier,59,838,838
204028,51,1232,1200,2432,265.2,267.216666666667,532.416666666667,1131,1163,-32,46.5049342105263,76.4739395836594,Tarik Black,51,534,-74,Tarik Black,51,536,536
204037,17,514,503,1017,112.066666666667,114.316666666667,226.383333333333,496,501,-5,48.7708947885939,78.8750644187588,Travis Wear,17,229,11,Travis Wear,17,228,228
204038,58,1892,1915,3807,433.733333333333,425.35,859.083333333333,1712,1825,-113,44.969792487523,71.7415850227956,Langston Galloway,58,865,74,Langston Galloway,58,863,863
204060,82,5658,5719,11377,1243.2,1294.65,2537.85,5411,5563,-152,47.5608684187396,76.7563094745552,Joe Ingles,82,2580,276,Joe Ingles,82,2578,2578
204065,3,20,22,42,3.9,4.61666666666667,8.51666666666667,28,18,10,66.6666666666667,118.356164383562,David Stockton,3,9,-11,David Stockton,3,9,9
204066,24,391,403,794,85.4666666666667,86.35,171.816666666667,386,426,-40,48.6146095717884,80.8769036763993,John Holland,24,176,-29,John Holland,24,174,174
204067,3,16,20,36,4.23333333333333,4.15,8.38333333333333,8,28,-20,22.2222222222222,34.3538767395626,Jarell Eddie,3,9,1,Jarell Eddie,3,9,9
204098,6,45,43,88,10.05,9.45,19.5,41,49,-8,46.5909090909091,75.6923076923077,Xavier Munford,6,22,-12,Xavier Munford,6,21,21
204179,4,162,170,332,36.2666666666667,37.8833333333333,74.15,191,178,13,57.5301204819277,92.7309507754552,Omari Johnson,4,75,10,Omari Johnson,4,75,75
204456,76,3969,3979,7948,857.233333333333,850.5,1707.73333333333,3786,3807,-21,47.6346250629089,79.8110555902561,T.J. McConnell,76,1705,-71,T.J. McConnell,76,1706,1706
1626143,28,757,765,1522,173.7,174.283333333333,347.983333333333,751,744,7,49.3429697766097,77.693376119546,Jahlil Okafor,28,355,-163,Jahlil Okafor,28,353,353
1626144,64,2861,2913,5774,615.116666666667,623.516666666667,1238.63333333333,2796,2841,-45,48.4239695185314,81.2637584434457,Emmanuel Mudiay,64,1244,-265,Emmanuel Mudiay,64,1245,1245
1626145,82,3240,3253,6493,715.616666666667,741.283333333333,1456.9,3272,3183,89,50.3927306329894,80.8511222458645,Tyus Jones,82,1465,185,Tyus Jones,82,1467,1467
1626147,38,1200,1205,2405,264.9,257.283333333333,522.183333333333,1129,1164,-35,46.943866943867,77.8347323736874,Justin Anderson,38,519,-82,Justin Anderson,38,519,519
1626148,1,9,10,19,1.35,2.05,3.4,12,9,3,63.1578947368421,127.058823529412,Anthony Brown,1,4,3,Anthony Brown,1,4,4
1626149,76,2998,3033,6031,626.6,666.116666666667,1292.71666666667,2998,3011,-13,49.7098325319184,83.489292575068,Montrezl Harrell,76,1297,56,Montrezl Harrell,76,1293,1293
1626150,56,2835,2860,5695,628.266666666667,676.766666666667,1305.03333333333,2807,2664,143,49.2888498683055,77.4325049168604,Andrew Harrison,56,1325,-202,Andrew Harrison,56,1326,1326
1626151,9,525,517,1042,118.45,113.816666666667,232.266666666667,473,539,-66,45.3934740882918,73.3122847301952,Aaron Harrison,9,235,-72,Aaron Harrison,9,233,233
1626153,69,3203,3200,6403,714.366666666667,710.366666666667,1424.73333333333,3054,3191,-137,47.6963923161018,77.1681250292452,Delon Wright,69,1436,234,Delon Wright,69,1433,1433
1626154,5,98,98,196,20.95,22.3333333333333,43.2833333333333,94,83,11,47.9591836734694,78.182518290335,RJ Hunter,5,45,1,R.J. Hunter,5,45,45
1626155,73,2047,2066,4113,432.483333333333,448.766666666667,881.25,2007,1986,21,48.7964989059081,81.988085106383,Sam Dekker,73,881,61,Sam Dekker,73,883,883
1626156,48,2901,2883,5784,604.9,615.116666666667,1220.01666666667,2837,2917,-80,49.0491009681881,83.7136104698023,D'Angelo Russell,48,1233,-186,D'Angelo Russell,48,1234,1234
1626157,82,6474,6455,12929,1438.03333333333,1442.86666666667,2880.9,6386,6676,-290,49.3928378064816,79.8000624804749,Karl-Anthony Towns,82,2922,375,Karl-Anthony Towns,82,2918,2918
1626158,48,1734,1770,3504,376.4,369.766666666667,746.166666666667,1701,1682,19,48.5445205479452,82.0674558856377,Richaun Holmes,48,746,-38,Richaun Holmes,48,746,746
1626159,68,3717,3707,7424,828.183333333333,842.983333333333,1671.16666666667,3541,3506,35,47.6966594827586,76.2796449586118,Justise Winslow,68,1680,25,Justise Winslow,68,1680,1680
1626161,73,4448,4509,8957,995.816666666667,1024.33333333333,2020.15,4354,4329,25,48.6100256782405,77.5902779496572,Willie Cauley-Stein,73,2047,-323,Willie Cauley-Stein,73,2044,2044
1626162,81,5038,5055,10093,1102.86666666667,1121.05,2223.91666666667,4992,4923,69,49.4600217972853,80.8087833027317,Kelly Oubre Jr.,81,2233,-113,Kelly Oubre,81,2231,2231
1626163,79,4024,4161,8185,898.15,935.566666666667,1833.71666666667,4167,4088,79,50.9102015882712,81.8076220426638,Frank Kaminsky,79,1838,-55,Frank Kaminsky,79,1835,1835
1626164,54,4385,4462,8847,914.083333333333,929.466666666667,1843.55,4366,4278,88,49.3500621679666,85.2572482438773,Devin Booker,54,1864,-358,Devin Booker,54,1865,1865
1626166,25,1376,1309,2685,284.533333333333,291.266666666667,575.8,1239,1366,-127,46.1452513966481,77.4643973601945,Cameron Payne,25,584,-89,Cameron Payne,25,582,582
1626167,65,4092,4096,8188,894.683333333333,911.75,1806.43333333333,3865,4069,-204,47.2032242305814,77.0247079881166,Myles Turner,65,1835,116,Myles Turner,65,1836,1836
1626168,73,3124,3113,6237,704.116666666667,685.983333333333,1390.1,3187,3054,133,51.0982844316178,82.5350694194662,Trey Lyles,73,1389,10,Trey Lyles,73,1391,1391
1626169,69,4194,4235,8429,926.95,945.016666666667,1871.96666666667,4055,4037,18,48.1077233361016,77.9821578019552,Stanley Johnson,69,1892,-43,Stanley Johnson,69,1894,1894
1626170,74,3732,3724,7456,827.5,847.083333333333,1674.58333333333,3471,3840,-369,46.5531115879828,74.6191589947748,Jerian Grant,74,1685,-254,Jerian Grant,74,1686,1686
1626171,73,3777,3716,7493,798.316666666667,846.616666666667,1644.93333333333,3676,3806,-130,49.0591218470573,80.4506768258086,Bobby Portis,73,1641,-83,Bobby Portis,73,1643,1643
1626172,66,2084,2068,4152,457.2,452.116666666667,909.316666666667,2070,2062,8,49.8554913294798,81.9516486739127,Kevon Looney,66,910,121,Kevon Looney,66,910,910
1626173,26,463,466,929,105.966666666667,105.05,211.016666666667,454,470,-16,48.8697524219591,77.453597662112,Rashad Vaughn,28,211,-12,Rashad Vaughn,28,212,212
1626175,23,613,620,1233,141.1,140.483333333333,281.583333333333,606,603,3,49.1484184914842,77.4761763835454,Jordan Mickey,23,284,-31,Jordan Mickey,23,284,284
1626177,30,341,351,692,78.5,74.5333333333333,153.033333333333,278,320,-42,40.1734104046243,65.3975168808539,Dakari Johnson,31,163,32,Dakari Johnson,31,161,161
1626178,68,4387,4422,8809,944.916666666667,952.166666666667,1897.08333333333,4328,4353,-25,49.1315699852424,82.1302877223809,Rondae Hollis-Jefferson,68,1921,-192,Rondae Hollis-Jefferson,68,1920,1920
1626179,80,4585,4626,9211,1049.61666666667,1011.65,2061.26666666667,4362,4338,24,47.3564216697427,76.182282738769,Terry Rozier,80,2066,117,Terry Rozier,80,2068,2068
1626181,69,2388,2371,4759,532.433333333333,518.233333333333,1050.66666666667,2313,2340,-27,48.6026476150452,79.252538071066,Norman Powell,70,1061,-15,Norman Powell,70,1062,1062
1626185,73,3648,3671,7319,802.166666666667,841.633333333333,1643.8,3555,3444,111,48.5722093182129,77.8561868840492,Jarell Martin,73,1663,-264,Jarell Martin,73,1661,1661
1626188,33,1640,1678,3318,359.9,371.85,731.75,1616,1661,-45,48.7040385774563,79.5025623505296,Quinn Cook,33,741,-39,Quinn Cook,33,740,740
1626191,19,211,218,429,42.15,45.2833333333333,87.4333333333333,226,200,26,52.6806526806527,93.0537552420892,Chris McCullough,19,91,-16,Chris McCullough,19,90,90
1626192,82,3320,3361,6681,729.316666666667,758.8,1488.11666666667,3185,3330,-145,47.6725041161503,77.0504104740892,Pat Connaughton,82,1494,140,Pat Connaughton,82,1488,1488
1626195,48,1111,1124,2235,241.066666666667,245.8,486.866666666667,1071,1085,-14,47.9194630872483,79.1921128303437,Willy Hernangomez,48,494,-1,Willy Hernangomez,48,495,495
1626196,81,5935,5901,11836,1330.1,1323.33333333333,2653.43333333333,5731,5650,81,48.4200743494424,77.7543559916084,Josh Richardson,81,2689,43,Josh Richardson,81,2689,2689
1626199,14,204,209,413,46.75,46.4333333333333,93.1833333333333,218,221,-3,52.7845036319613,84.2210695761045,Darrun Hilliard,14,95,10,Darrun Hilliard,14,95,95
1626202,53,1239,1257,2496,273.633333333333,278.566666666667,552.2,1182,1229,-47,47.3557692307692,77.0590365809489,Joe Young,53,560,-53,Joe Young,53,558,558
1626203,63,2291,2369,4660,505.75,538.65,1044.4,2339,2246,93,50.1931330472103,80.6242818843355,Treveon Graham,63,1049,-94,Treveon Graham,63,1050,1050
1626204,66,3326,3273,6599,701.166666666667,712.95,1414.11666666667,3202,3043,159,48.5225034096075,81.5151979445355,Larry Nance Jr.,66,1422,19,Larry Nance Jr.,66,1421,1421
1626205,3,14,23,37,3.43333333333333,3.86666666666667,7.3,14,21,-7,37.8378378378378,69.041095890411,Vincent Hunter,4,7,6,Vince Hunter,4,7,7
1626209,75,3716,3733,7449,822.8,815.683333333333,1638.48333333333,3612,3655,-43,48.4897301651228,79.3611978557406,Mario Hezonja,75,1655,-205,Mario Hezonja,75,1657,1657
1626210,5,156,158,314,35.0833333333333,35.65,70.7333333333333,120,145,-25,38.2165605095541,61.0744580584354,Alan Williams,5,71,1,Alan Williams,5,70,70
1626220,69,2496,2582,5078,560.883333333333,586.1,1146.98333333333,2384,2421,-37,46.947617172115,74.8258475130415,Royce O'Neale,69,1147,194,Royce O'Neale,69,1150,1150
1626224,59,1521,1505,3026,330.8,330.683333333333,661.483333333333,1568,1521,47,51.8175809649703,85.3354833833052,Cedi Osman,61,669,35,Cedi Osman,61,672,672
1626242,2,16,17,33,3.73333333333333,3.83333333333333,7.56666666666667,17,11,6,51.5151515151515,80.8810572687225,Luis Montero,2,7,-5,Luis Montero,2,8,8
1626245,55,2207,2170,4377,475.233333333333,489.183333333333,964.416666666667,1939,2209,-270,44.2997486863148,72.3795040179729,Cristiano Felicio,55,980,-335,Cristiano Felicio,55,977,977
1626246,37,757,772,1529,163.883333333333,172.116666666667,336,782,755,27,51.1445389143231,83.7857142857143,Boban Marjanovic,39,336,55,Boban Marjanovic,39,337,337
1626257,61,1602,1595,3197,377.55,353.166666666667,730.716666666667,1560,1544,16,48.7957460118862,76.8560545583103,Salah Mejri,61,731,20,Salah Mejri,61,729,729
1626259,15,279,291,570,58.6333333333333,63.7666666666667,122.4,287,256,31,50.3508771929825,84.4117647058824,Malcolm Miller,15,128,7,Malcolm Miller,15,126,126
1626643,3,14,17,31,2.8,2.6,5.4,10,10,0,32.258064516129,66.6666666666667,Jacob Pullen,3,7,0,Jacob Pullen,3,6,6
1626780,4,90,92,182,20.1166666666667,18.8666666666667,38.9833333333333,110,90,20,60.4395604395604,101.581872595126,Jonathan Gibson,4,40,-1,Jonathan Gibson,4,40,40
1627098,54,2242,2336,4578,504.65,508.783333333333,1013.43333333333,2144,2284,-140,46.8326780253386,76.1609051738315,Malcolm Delaney,54,1015,-110,Malcolm Delaney,54,1014,1014
1627215,5,76,86,162,17.1,17.9166666666667,35.0166666666667,82,108,-26,50.6172839506173,84.3027129938125,Walter Lemon Jr.,5,35,-15,"Walt Lemon, Jr.",5,35,35
1627362,18,533,551,1084,114.05,122.416666666667,236.466666666667,551,555,-4,50.830258302583,83.8849732168029,Briante Weber,18,235,-109,Briante Weber,18,237,237
1627732,81,6331,6377,12708,1361.13333333333,1333.31666666667,2694.45,6071,6166,-95,47.7730563424615,81.1133997661861,Ben Simmons,81,2736,390,Ben Simmons,81,2732,2732
1627733,82,4770,4822,9592,1023.11666666667,1026.2,2049.31666666667,4754,4541,213,49.5621351125938,83.5127156206541,Dragan Bender,82,2072,-469,Dragan Bender,82,2069,2069
1627734,74,4031,4068,8099,891.2,912.533333333333,1803.73333333333,3898,3952,-54,48.1293986911965,77.7986398580722,Domantas Sabonis,74,1807,37,Domantas Sabonis,74,1810,1810
1627735,7,174,175,349,40.7666666666667,39.3,80.0666666666667,165,181,-16,47.2779369627507,74.188176519567,Wade Baldwin IV,7,81,5,Wade Baldwin,7,80,80
1627736,62,1340,1367,2707,287.25,293.766666666667,581.016666666667,1348,1302,46,49.7968230513484,83.522561028083,Malik Beasley,62,583,-29,Malik Beasley,62,583,583
1627737,72,3553,3605,7158,753.966666666667,749.7,1503.66666666667,3457,3390,67,48.2956132998044,82.7656838838395,Marquese Chriss,72,1524,-297,Marquese Chriss,72,1527,1527
1627738,62,2144,2140,4284,462.5,473.716666666667,936.216666666667,2168,1955,213,50.6069094304388,83.3653178573336,Deyonta Davis,62,942,-160,Deyonta Davis,62,943,943
1627739,52,3436,3432,6868,738.516666666667,765.616666666667,1504.13333333333,3329,3419,-90,48.4711706464764,79.676447123482,Kris Dunn,52,1525,-274,Kris Dunn,52,1525,1525
1627740,37,731,726,1457,166.916666666667,158.8,325.716666666667,692,654,38,47.4948524365134,76.4836514352965,Henry Ellenson,38,326,-5,Henry Ellenson,38,329,329
1627741,80,4398,4484,8882,994.3,1024.61666666667,2018.91666666667,4221,4343,-122,47.5230803873002,75.266108061254,Buddy Hield,80,2027,-155,Buddy Hield,80,2024,2024
1627742,59,4642,4584,9226,980.4,971.166666666667,1951.56666666667,4379,4444,-65,47.463689572946,80.7781782157924,Brandon Ingram,59,1978,-127,Brandon Ingram,59,1975,1975
1627743,15,181,169,350,40.2166666666667,39.0666666666667,79.2833333333333,161,165,-4,46,73.1048980449863,Demetrius Jackson,15,83,-38,Demetrius Jackson,15,80,80
1627744,18,233,243,476,48.1,49.15,97.25,237,211,26,49.7899159663866,87.73264781491,Brice Johnson,18,99,-8,Brice Johnson,18,98,98
1627745,15,193,207,400,44.75,43.1666666666667,87.9166666666667,184,193,-9,46,75.3440758293839,Damian Jones,15,89,0,Damian Jones,15,89,89
1627746,60,2728,2774,5502,604.733333333333,618.816666666667,1223.55,2652,2718,-66,48.2006543075245,78.0286870172858,Skal Labissiere,60,1239,-118,Skal Labissiere,60,1240,1240
1627747,71,4286,4305,8591,934.716666666667,930.233333333333,1864.95,4137,4282,-145,48.1550459783494,79.8584412450736,Caris LeVert,71,1865,-263,Caris LeVert,71,1864,1864
1627748,74,2667,2729,5396,604.883333333333,630.333333333333,1235.21666666667,2714,2750,-36,50.2965159377317,79.0986736469985,Thon Maker,74,1239,-165,Thon Maker,74,1238,1238
1627749,81,3808,3861,7669,835.483333333333,876.333333333333,1711.81666666667,3525,3566,-41,45.9642717433825,74.1317703414501,Dejounte Murray,81,1742,151,Dejounte Murray,81,1743,1743
1627750,81,5680,5719,11399,1260.05,1269.38333333333,2529.43333333333,5905,5731,174,51.8027897183964,84.0425391721466,Jamal Murray,81,2564,226,Jamal Murray,81,2565,2565
1627751,82,3383,3461,6844,762.816666666667,758.35,1521.16666666667,3333,3443,-110,48.6995908825248,78.878930645338,Jakob Poeltl,82,1526,252,Jakob Poeltl,82,1524,1524
1627752,82,5587,5663,11250,1227.91666666667,1205.15,2433.06666666667,5355,5624,-269,47.6,79.2333406400702,Taurean Prince,82,2466,-368,Taurean Waller-Prince,82,2464,2464
1627753,18,286,283,569,60.8333333333334,60.5,121.333333333333,255,247,8,44.8154657293497,75.6593406593407,Zhou Qi,18,123,-67,Zhou Qi,18,124,124
1627755,71,3797,3863,7660,815.616666666667,823.4,1639.01666666667,3691,3672,19,48.1853785900783,81.07056060036,Tyler Ulis,71,1657,-316,Tyler Ulis,71,1658,1658
1627756,77,4748,4671,9419,1028.28333333333,1051.65,2079.93333333333,4347,4760,-413,46.1513961142372,75.2389499663451,Denzel Valentine,77,2098,-271,Denzel Valentine,77,2095,2095
1627758,28,865,857,1722,186.8,193.833333333333,380.633333333333,808,856,-48,46.9221835075494,76.4200017514669,Ron Baker,29,385,16,Ron Baker,29,385,385
1627759,70,4800,4802,9602,1067.93333333333,1059.08333333333,2127.01666666667,4718,4431,287,49.1355967506769,79.8526888208054,Jaylen Brown,70,2155,341,Jaylen Brown,70,2152,2152
1627761,26,1027,1058,2085,226.85,233.383333333333,460.233333333333,963,1002,-39,46.1870503597122,75.3270080394003,DeAndre' Bembry,26,454,-76,DeAndre' Bembry,26,455,455
1627762,6,89,79,168,20.2666666666667,16.4333333333333,36.7,71,68,3,42.2619047619048,69.6457765667575,Joel Bolomboy,6,37,-13,Joel Bolomboy,6,38,38
1627763,48,3103,3164,6267,710,720,1430,3173,3114,59,50.6302856231052,79.8797202797203,Malcolm Brogdon,48,1440,-67,Malcolm Brogdon,48,1436,1436
1627767,52,1334,1353,2687,284.3,292.066666666667,576.366666666667,1273,1371,-98,47.3762560476368,79.5118847955584,Cheick Diallo,52,582,-106,Cheick Diallo,52,581,581
1627770,15,309,321,630,68.1,71.5,139.6,283,311,-28,44.9206349206349,72.9799426934097,Kay Felder,16,141,-48,Kay Felder,16,140,140
1627772,6,63,59,122,13.4833333333333,13.4166666666667,26.9,58,50,8,47.5409836065574,77.6208178438662,Daniel Hamilton,6,29,-12,Daniel Hamilton,6,28,28
1627774,34,353,352,705,78.25,79.7666666666667,158.016666666667,324,360,-36,45.9574468085106,73.8149984178884,Jake Layman,35,161,-21,Jake Layman,35,160,160
1627775,56,2198,2219,4417,474.6,478.616666666667,953.216666666667,2178,2166,12,49.3094860765225,82.2562201668036,Patrick McCaw,57,962,-85,Patrick McCaw,57,961,961
1627777,9,72,75,147,14.5166666666667,16,30.5166666666667,75,65,10,51.0204081632653,88.4762424904424,Georges Niang,9,33,-13,Georges Niang,9,32,32
1627778,1,42,46,88,9.53333333333333,11.3333333333333,20.8666666666667,32,40,-8,36.3636363636364,55.2076677316294,Chinanu Onuaku,1,22,-8,Chinanu Onuaku,1,22,22
1627779,5,58,61,119,13.25,13.7,26.95,63,67,-4,52.9411764705882,84.1558441558442,Marcus Paige,5,27,8,Marcus Paige,5,28,28
1627780,23,500,502,1002,106.666666666667,111.05,217.716666666667,489,504,-15,48.8023952095808,80.8573834494373,Gary Payton II,23,218,12,Gary Payton II,23,221,221
1627781,26,728,705,1433,160.666666666667,158.833333333333,319.5,703,686,17,49.0579204466155,79.2112676056338,Malachi Richardson,26,323,-55,Malachi Richardson,26,324,324
1627782,35,1567,1573,3140,340.866666666667,350.2,691.066666666667,1554,1517,37,49.4904458598726,80.95311595601,Wayne Selden,35,693,-102,Wayne Selden,35,692,692
1627783,81,3731,3752,7483,845.7,830.383333333333,1676.08333333333,3671,3715,-44,49.0578644928505,78.8481081887337,Pascal Siakam,81,1673,304,Pascal Siakam,81,1679,1679
1627785,16,404,413,817,93.0666666666667,84.5333333333333,177.6,353,406,-53,43.2068543451652,71.5540540540541,Isaiah Whitehead,16,181,-5,Isaiah Whitehead,16,180,180
1627786,21,699,723,1422,148.666666666667,156.85,305.516666666667,764,660,104,53.7271448663854,90.0245485789101,Troy Williams,21,307,-31,Troy Williams,21,307,307
1627788,14,184,187,371,37.5,40.7166666666667,78.2166666666667,217,157,60,58.4905660377359,99.8764116769657,Furkan Korkmaz,14,80,-44,Furkan Korkmaz,14,80,80
1627789,52,1894,1883,3777,402.85,396.483333333333,799.333333333333,1776,1786,-10,47.0214455917395,79.9866555462886,Timothe Luwawu-Cabarrot,52,808,-2,Timothe Luwawu-Cabarrot,52,807,807
1627790,32,490,479,969,106.483333333333,102.866666666667,209.35,501,500,1,51.702786377709,86.1523764031526,Ante Zizic,32,217,-39,Ante Zizic,32,214,214
1627812,82,4983,5010,9993,1152.46666666667,1121.08333333333,2273.55,4859,4710,149,48.6240368257781,76.9387081876361,Yogi Ferrell,82,2282,3,Yogi Ferrell,82,2282,2282
1627814,15,943,918,1861,204.516666666667,194.316666666667,398.833333333333,874,890,-16,46.963997850618,78.8900961136649,Damion Lee,15,403,-24,Damion Lee,15,404,404
1627816,25,236,232,468,49.5833333333334,53.1,102.683333333333,233,244,-11,49.7863247863248,81.6880376562246,Alex Poythress,25,103,-21,Alex Poythress,25,104,104
1627817,3,32,32,64,6.81666666666666,5.58333333333333,12.4,17,27,-10,26.5625,49.3548387096774,Tim Quarterman,3,13,-10,Tim Quarterman,3,13,13
1627819,66,2661,2670,5331,580.583333333333,578.433333333333,1159.01666666667,2572,2593,-21,48.2461076721066,79.8884111531327,Isaiah Taylor,67,1166,-33,Isaiah Taylor,67,1167,1167
1627820,29,1979,2029,4008,407.3,432.666666666667,839.966666666667,1971,1939,32,49.1766467065868,84.4747807452677,Tyrone Wallace,30,850,-24,Tyrone Wallace,30,851,851
1627821,10,261,271,532,59.5333333333333,58.65,118.183333333333,274,254,20,51.5037593984962,83.4635453391623,James Webb III,10,120,-26,Juan Hernangomez,25,277,277
1627823,25,623,628,1251,136.933333333333,135.166666666667,272.1,632,602,30,50.519584332534,83.6163175303197,Juancho Hernangomez,25,278,-24,James Webb,10,120,120
1627824,32,546,516,1062,117.1,111.8,228.9,510,490,20,48.0225988700565,80.2096985583224,Guerschon Yabusele,33,237,-7,Guerschon Yabusele,33,235,235
1627826,43,940,952,1892,194.783333333333,212.016666666667,406.8,903,812,91,47.7272727272727,79.9115044247788,Ivica Zubac,43,411,40,Ivica Zubac,43,410,410
1627827,21,1041,1002,2043,233.85,219.733333333333,453.583333333333,901,936,-35,44.1018110621635,71.5105640271909,Dorian Finney-Smith,21,449,-24,Dorian Finney-Smith,21,448,448
1627832,76,3401,3402,6803,774.8,744.683333333333,1519.48333333333,3288,3381,-93,48.3316184036455,77.9001634327458,Fred VanVleet,76,1520,353,Fred VanVleet,76,1520,1520
1627834,17,275,275,550,59.4666666666667,59.9666666666667,119.433333333333,291,285,6,52.9090909090909,87.7142059726486,Georgios Papagiannis,17,122,-2,Georgios Papagiannis,17,122,122
1627835,53,1796,1807,3603,398.933333333333,417.133333333333,816.066666666667,1665,1814,-149,46.2114904246461,73.4498815456254,Paul Zipser,54,823,-218,Paul Zipser,54,824,824
1627846,47,1170,1168,2338,265.833333333333,251.483333333333,517.316666666667,1108,1142,-34,47.3909324208725,77.1055768549245,Abdel Nader,48,522,-110,Abdel Nader,48,522,522
1627850,8,118,126,244,24.85,26.35,51.2,104,107,-3,42.6229508196721,73.125,Marshall Plumlee,8,52,-1,Marshall Plumlee,8,52,52
1627851,1,3,3,6,0.6,1.15,1.75,0,0,0,0,0,Mindaugas Kuzminskas,1,2,0,Mindaugas Kuzminskas,1,2,2
1627852,3,22,20,42,4.81666666666667,4.95,9.76666666666667,25,8,17,59.5238095238095,92.1501706484642,Nicolas Brussino,4,10,17,Nicolas Brussino,4,10,10
1627853,24,685,684,1369,147.766666666667,154.15,301.916666666667,619,662,-43,45.2154857560263,73.808446039194,Ryan Arcidiacono,24,305,-24,Ryan Arcidiacono,24,304,304
1627854,80,3321,3390,6711,729.05,779.05,1508.1,3201,3288,-87,47.6978095663836,76.4113785557987,Bryn Forbes,80,1519,123,Bryn Forbes,80,1517,1517
1627855,5,174,172,346,39.8166666666667,38.2,78.0166666666667,174,157,17,50.2890173410405,80.2905362102115,Okaro White,6,80,-1,Okaro White,6,80,80
1627856,4,69,69,138,16.0166666666667,15.6333333333333,31.65,63,82,-19,45.6521739130435,71.6587677725119,Matt Costello,4,33,15,Matt Costello,4,32,32
1627858,31,1092,1043,2135,244.116666666667,234.95,479.066666666667,1032,1047,-15,48.3372365339579,77.5507932090175,Kyle Collinsworth,32,478,-29,Kyle Collinsworth,32,480,480
1627863,23,929,916,1845,199.85,201.316666666667,401.166666666667,880,907,-27,47.6964769647697,78.9696717906107,Danuel House Jr.,23,402,19,,,,
1627866,3,62,56,118,14.35,12.2333333333333,26.5833333333333,57,62,-5,48.3050847457627,77.1912225705329,Jameel Warney,3,27,-5,Jameel Warney,3,27,27
1627875,41,507,523,1030,106.266666666667,117.3,223.566666666667,540,516,24,52.4271844660194,86.9539287311764,Marcus Georges-Hunt,42,226,-34,Marcus Georges-Hunt,42,224,224
1627883,14,412,391,803,89.65,90.4,180.05,391,438,-47,48.692403486924,78.1782838100528,Jalen Jones,16,180,-32,Jalen Jones,16,181,181
1627884,20,556,538,1094,122.616666666667,118.116666666667,240.733333333333,500,490,10,45.7038391224863,74.7715314317364,Derrick Jones Jr.,20,247,-36,Derrick Jones,20,245,245
1627885,23,907,879,1786,194.75,187.733333333333,382.483333333333,846,915,-69,47.3684210526316,79.6269989977777,Shaquille Harrison,23,387,47,Shaquille Harrison,23,384,384
1627936,37,1293,1306,2599,273.8,284.083333333333,557.883333333334,1181,1265,-84,45.4405540592536,76.2094822692917,Alex Caruso,37,562,-3,Alex Caruso,37,562,562
1627982,5,211,201,412,44.1833333333333,42.7333333333333,86.9166666666667,208,180,28,50.4854368932039,86.1514860977948,Josh Gray,5,87,-69,Josh Gray,5,86,86
1627988,20,835,863,1698,183.166666666667,192.583333333333,375.75,854,816,38,50.2944640753828,81.8203592814371,Myke Henry,20,380,-30,Myke Henry,20,378,378
1628021,70,3752,3710,7462,798.366666666667,837.383333333333,1635.75,3582,3722,-140,48.0032162958992,78.8335625859698,David Nwaba,70,1647,-238,David Nwaba,70,1646,1646
1628035,14,132,111,243,28.15,23.2333333333333,51.3833333333334,119,134,-15,48.9711934156379,83.3733376581252,Alfonzo McKinnie,14,54,-14,Alfonzo McKinnie,14,53,53
1628365,14,625,608,1233,129.716666666667,123.666666666667,253.383333333333,524,604,-80,42.4979724249797,74.4484641189239,Markelle Fultz,14,252,20,Markelle Fultz,14,253,253
1628366,52,4186,4183,8369,871.066666666667,886.566666666667,1757.63333333333,3998,3991,7,47.7715378181384,81.8873864476853,Lonzo Ball,52,1781,-19,Lonzo Ball,52,1780,1780
1628367,77,4569,4659,9228,970.5,976.85,1947.35,4480,4354,126,48.5478977026441,82.8202428941895,Josh Jackson,77,1960,-529,Josh Jackson,77,1959,1959
1628368,73,4501,4552,9053,983.083333333333,1012.9,1995.98333333333,4448,4357,91,49.1328841268088,80.2251187802169,De'Aaron Fox,73,2023,-413,De'Aaron Fox,73,2026,2026
1628369,80,5337,5409,10746,1204.25,1196.08333333333,2400.33333333333,5228,5011,217,48.6506607109622,78.4091098458548,Jayson Tatum,80,2445,345,Jayson Tatum,80,2438,2438
1628370,63,1938,1952,3890,417.75,429.133333333333,846.883333333333,2053,1834,219,52.7763496143959,87.2705803632929,Malik Monk,63,853,-188,Malik Monk,63,854,854
1628371,27,1211,1202,2413,267.883333333333,264.416666666667,532.3,1098,1090,8,45.5035225859925,74.2588765733609,Jonathan Isaac,27,537,-108,Jonathan Isaac,27,536,536
1628372,69,4541,4515,9056,1040.01666666667,983.183333333333,2023.2,4303,4555,-252,47.5154593639576,76.5658362989324,Dennis Smith Jr.,69,2052,-325,,,,
1628373,78,3822,3872,7694,832.133333333333,867.3,1699.43333333333,3614,3676,-62,46.9716662334287,76.5572838004825,Frank Ntilikina,78,1704,-102,Frank Ntilikina,78,1706,1706
1628374,68,4532,4499,9031,991.25,998.783333333333,1990.03333333333,4344,4521,-177,48.1009854944082,78.5836083147686,Lauri Markkanen,68,2022,-387,Lauri Markkanen,68,2020,2020
1628378,79,5812,5881,11693,1287.56666666667,1320.25,2607.81666666667,5500,5716,-216,47.0366886171214,75.9255827032831,Donovan Mitchell,79,2639,359,Donovan Mitchell,79,2638,2638
1628379,73,3220,3223,6443,726.75,729.8,1456.55,3102,3139,-37,48.1452739407109,76.6688407538361,Luke Kennard,73,1468,121,Luke Kennard,73,1463,1463
1628380,66,2277,2275,4552,510.766666666667,527.316666666667,1038.08333333333,2196,2280,-84,48.2425307557118,76.1557357309143,Zach Collins,66,1045,16,Zach Collins,66,1045,1045
1628381,74,4026,4098,8124,889.566666666667,885.533333333333,1775.1,3763,3969,-206,46.3195470211718,76.3157005239142,John Collins,74,1785,-219,John Collins,74,1785,1785
1628382,68,3312,3348,6660,735.7,746.816666666667,1482.51666666667,3243,3166,77,48.6936936936937,78.7498735258738,Justin Jackson,68,1507,-237,Justin Jackson,68,1506,1506
1628383,1,9,10,19,1.35,2.05,3.4,12,9,3,63.1578947368421,127.058823529412,Justin Patton,1,4,3,Justin Patton,1,4,4
1628384,74,3332,3352,6684,724.083333333333,726.083333333333,1450.16666666667,3190,3394,-204,47.7259126271694,79.1908975979773,OG Anunoby,74,1481,294,OG Anunoby,74,1481,1481
1628386,72,3322,3267,6589,714.933333333333,712.85,1427.78333333333,3146,3227,-81,47.7462437395659,79.3229598328411,Jarrett Allen,72,1437,-144,Jarrett Allen,72,1441,1441
1628387,11,69,74,143,13.9166666666667,14.7166666666667,28.6333333333333,60,92,-32,41.958041958042,75.4365541327125,Ike Anigbogu,11,30,-14,Ike Anigbogu,11,30,30
1628388,53,1054,1049,2103,226.2,228.033333333333,454.233333333333,1015,1062,-47,48.264384213029,80.4432376898804,TJ Leaf,53,458,-75,T.J. Leaf,53,459,459
1628389,69,2984,2972,5956,682.6,679.8,1362.4,2800,2865,-65,47.0114170584285,73.9870816206694,Bam Adebayo,69,1369,-31,Bam Adebayo,69,1368,1368
1628390,60,1676,1732,3408,377.1,376.066666666667,753.166666666667,1659,1628,31,48.6795774647887,79.2971896437265,Terrance Ferguson,61,765,-84,Terrance Ferguson,61,763,763
1628391,21,149,147,296,34.4666666666667,34.8666666666667,69.3333333333333,141,159,-18,47.6351351351351,73.2115384615385,D.J. Wilson,22,72,-41,D.J. Wilson,22,71,71
1628393,48,1803,1825,3628,381.833333333333,391.866666666667,773.7,1763,1769,-6,48.5942668136715,82.0317952694843,Jawun Evans,48,778,16,Jawun Evans,48,778,778
1628395,57,1855,1908,3763,399.133333333333,403.116666666667,802.25,1916,1846,70,50.9168216848259,85.9781863508881,Jordan Bell,57,811,159,Jordan Bell,57,809,809
1628396,9,66,69,135,14.4166666666667,13.8,28.2166666666667,61,63,-2,45.1851851851852,77.8263437684584,Tony Bradley,9,29,1,Tony Bradley,9,29,29
1628397,36,1145,1191,2336,248.516666666667,264.366666666667,512.883333333333,1174,1112,62,50.2568493150685,82.4047054235856,Ivan Rabb,36,518,-96,Ivan Rabb,36,516,516
1628398,77,5578,5627,11205,1170.06666666667,1212.88333333333,2382.95,5414,5461,-47,48.3177153056671,81.7910573029229,Kyle Kuzma,77,2402,-123,Kyle Kuzma,77,2401,2401
1628399,1,5,5,10,1.23333333333333,0.916666666666667,2.15,2,10,-8,20,33.4883720930233,Tyler Lydon,1,2,-6,Tyler Lydon,1,2,2
1628400,73,2541,2566,5107,586.016666666667,564.333333333333,1150.35,2356,2438,-82,46.1327589582925,73.7306037292998,Semi Ojeleye,73,1153,-183,Semi Ojeleye,73,1150,1150
1628401,16,325,330,655,66.25,70.5666666666667,136.816666666667,284,288,-4,43.3587786259542,74.7277378487027,Derrick White,17,138,31,Derrick White,17,139,139
1628403,27,414,428,842,94.9333333333333,93.3166666666667,188.25,343,428,-85,40.7363420427553,65.593625498008,Caleb Swanigan,27,192,-11,Caleb Swanigan,27,189,189
1628404,63,3366,3365,6731,715.616666666667,734.3,1449.91666666667,3276,3307,-31,48.6703313029268,81.3398471176505,Josh Hart,63,1460,-71,Josh Hart,63,1461,1461
1628405,11,394,381,775,87.65,87.15,174.8,346,368,-22,44.6451612903226,71.2585812356979,Johnathan Motley,11,174,-17,Johnathan Motley,11,176,176
1628407,53,1615,1632,3247,350.066666666667,356.55,706.616666666667,1594,1580,14,49.0914690483523,81.209519541477,Dwayne Bacon,53,711,13,Dwayne Bacon,53,713,713
1628408,2,6,9,15,1.35,1.78333333333333,3.13333333333334,5,7,-2,33.3333333333333,57.4468085106383,PJ Dozier,2,3,-3,PJ Dozier,2,3,3
1628409,20,530,501,1031,112.033333333333,110.916666666667,222.95,481,545,-64,46.6537342386033,77.667638483965,Alec Peters,20,224,35,Alec Peters,20,225,225
1628410,1,4,5,9,1,0.916666666666666,1.91666666666667,2,8,-6,22.2222222222222,37.5652173913044,Edmond Sumner,1,2,-6,Edmond Sumner,1,2,2
1628411,62,2245,2280,4525,502.683333333333,509.9,1012.58333333333,2116,2155,-39,46.7624309392265,75.2293638383672,Wes Iwundu,62,1017,-105,Wesley Iwundu,62,1020,1020
1628412,52,2106,2131,4237,489.133333333333,493.3,982.433333333333,2007,2041,-34,47.3684210526316,73.5439215553218,Frank Mason,52,988,-31,Frank Mason,52,984,984
1628414,72,2636,2678,5314,564.566666666667,588.25,1152.81666666667,2528,2609,-81,47.5724501317275,78.9440356228947,Sindarius Thornwell,73,1157,-94,Sindarius Thornwell,73,1156,1156
1628415,82,5116,5117,10233,1143.65,1175.16666666667,2318.81666666667,4972,4868,104,48.5879018860549,77.1910960331779,Dillon Brooks,82,2352,-243,Dillon Brooks,82,2350,2350
1628416,56,2219,2207,4426,495.666666666667,475.316666666667,970.983333333333,2072,2257,-185,46.8142792589245,76.8210920201171,Tyler Dorsey,56,978,-142,Tyler Dorsey,56,974,974
1628418,15,162,160,322,34.1166666666667,36.9666666666667,71.0833333333333,163,161,2,50.6211180124224,82.5509964830012,Thomas Bryant,15,71,-9,Thomas Bryant,15,72,72
1628420,3,57,58,115,12.8166666666667,12.45,25.2666666666667,55,60,-5,47.8260869565218,78.3641160949868,Monte Morris,3,26,-7,Monte Morris,3,25,25
1628421,1,29,36,65,6.51666666666667,6.66666666666667,13.1833333333333,23,34,-11,35.3846153846154,62.8065739570164,Devin Robinson,1,13,10,Devin Robinson,1,13,13
1628422,44,1091,1076,2167,235.716666666667,234.9,470.616666666667,933,1068,-135,43.0549146285187,71.3701880511386,Damyean Dotson,44,473,-39,Damyean Dotson,44,474,474
1628424,32,1413,1455,2868,306.65,329.483333333333,636.133333333333,1534,1338,196,53.4867503486751,86.8119891008175,Kobi Simmons,32,645,-213,Kobi Simmons,32,643,643
1628425,54,1734,1729,3463,382.1,387.483333333333,769.583333333333,1651,1651,0,47.6754259312735,77.2314022739578,Sterling Brown,54,777,-48,Sterling Brown,54,776,776
1628429,12,88,90,178,18.55,17.6333333333333,36.1833333333333,74,85,-11,41.5730337078652,73.6250575771534,Charles Cooke,13,38,-9,Charles Cooke,13,38,38
1628432,21,566,554,1120,122.133333333333,117.333333333333,239.466666666667,527,503,24,47.0535714285714,79.2260579064588,Davon Reed,21,242,-75,Davon Reed,21,242,242
1628436,20,749,731,1480,163.766666666667,162.816666666667,326.583333333333,687,779,-92,46.4189189189189,75.7295228374586,Luke Kornet,20,326,-71,Luke Kornet,20,326,326
1628439,18,547,546,1093,118.116666666667,119.533333333333,237.65,523,546,-23,47.8499542543458,79.2257521565327,Isaiah Hicks,18,238,-47,Isaiah Hicks,18,240,240
1628443,16,248,229,477,52.9166666666667,51.15,104.066666666667,225,217,8,47.1698113207547,77.8347213324792,Kadeem Allen,18,106,-18,Kadeem Allen,18,107,107
1628444,13,262,261,523,57.1833333333333,56.4,113.583333333333,287,226,61,54.8757170172084,90.9640498899486,Jabari Bird,13,115,18,Jabari Bird,13,115,115
1628449,1,2,2,4,0.516666666666667,0.433333333333334,0.950000000000001,0,2,-2,0,0,Chris Boucher,1,1,-2,Chris Boucher,1,1,1
1628451,5,74,78,152,16.0666666666667,16.3666666666667,32.4333333333333,57,69,-12,37.5,63.2682425488181,Jacob Wiley,5,33,13,Jacob Wiley,5,33,33
1628455,36,1634,1651,3285,341.066666666667,341.866666666667,682.933333333333,1610,1569,41,49.0106544901066,84.8691917219836,Mike James,36,688,-40,Mike James,36,687,687
1628462,45,2613,2620,5233,548.966666666667,568.4,1117.36666666667,2636,2548,88,50.3726351996943,84.928253930372,Milos Teodosic,45,1136,87,Milos Teodosic,45,1134,1134
1628463,38,1209,1178,2387,264.466666666667,258.283333333333,522.75,1144,1166,-22,47.926267281106,78.7833572453372,Tyler Cavanaugh,39,521,-23,Tyler Cavanaugh,39,518,518
1628464,63,2108,2107,4215,474.816666666667,468.25,943.066666666667,2035,1929,106,48.2799525504152,77.6827371695179,Daniel Theis,63,934,1,Daniel Theis,63,936,936
1628467,71,2637,2650,5287,610.7,584.85,1195.55,2494,2532,-38,47.1723094382448,75.0984902346201,Maxi Kleber,72,1209,-130,Maxi Kleber,72,1206,1206
1628469,19,715,712,1427,150.583333333333,162.833333333333,313.416666666667,701,722,-21,49.1240364400841,80.519010901356,Antonio Blakeney,19,313,-6,Antonio Blakeney,19,314,314
1628470,39,1410,1424,2834,311.816666666667,316.15,627.966666666667,1483,1425,58,52.3288637967537,85.0172514464674,Torrey Craig,39,628,-61,Torrey Craig,39,629,629
1628475,3,24,23,47,5.56666666666667,5.01666666666667,10.5833333333333,22,22,0,46.8085106382979,74.8346456692913,Matt Williams Jr.,3,11,16,Matt Williams,3,11,11
1628476,16,315,317,632,75.9166666666667,71.05,146.966666666667,311,319,-8,49.2088607594937,76.1805398049444,Derrick Walton Jr.,16,148,-30,Derrick Walton,16,147,147
1628492,7,150,145,295,32.8333333333333,33.55,66.3833333333333,130,115,15,44.0677966101695,70.4996233994477,Gian Clavell,7,65,19,Gian Clavell,7,64,64
1628493,4,44,47,91,9.03333333333333,10.5333333333333,19.5666666666667,42,44,-2,46.1538461538462,77.2742759795571,Mangok Mathiang,4,19,1,Mangok Mathiang,4,20,20
1628495,10,272,288,560,62.5333333333333,61.0833333333333,123.616666666667,260,259,1,46.4285714285714,75.7179452608872,Milton Doyle,10,124,-12,Milton Doyle,10,125,125
1628499,15,276,281,557,61.15,60.4833333333333,121.633333333333,227,260,-33,40.754039497307,67.1855302822691,Antonius Cleveland,17,122,-45,Antonius Cleveland,17,123,123
1628500,2,24,21,45,5.25,3.93333333333333,9.18333333333333,20,35,-15,44.4444444444444,78.4029038112523,Ben Moore,2,9,-15,Ben Moore,2,9,9
1628502,9,262,258,520,58.3166666666667,63.0666666666667,121.383333333333,230,232,-2,44.2307692307692,68.2136482218866,Nigel Hayes,9,123,9,Nigel Hayes,9,122,122
1628503,15,603,623,1226,140.283333333333,137.716666666667,278,559,618,-59,45.5954323001631,72.3884892086331,Jamel Artis,15,279,-6,Jamel Artis,15,279,279
1628504,5,268,270,538,58.2666666666667,59.25,117.516666666667,290,222,68,53.9033457249071,88.8384626294143,Xavier Rathan-Mayes,5,118,-59,Xavier Rathan-Mayes,5,118,118
1628506,14,147,134,281,32.3833333333333,30.55,62.9333333333333,147,154,-7,52.3131672597865,84.0889830508475,London Perrantes,14,66,-20,London Perrantes,14,66,66
1628510,15,487,487,974,104.683333333333,104.233333333333,208.916666666667,406,504,-98,41.6837782340862,69.9609094535301,Andrew White III,15,208,-70,Andrew White,15,209,209
1628513,1,2,1,3,0.433333333333333,0.233333333333333,0.666666666666666,3,3,0,100,162,Naz Mitrou-Long,1,1,5,Naz Mitrou-Long,1,1,1
1628537,6,242,241,483,51.2833333333333,48.1833333333333,99.4666666666667,197,236,-39,40.7867494824017,71.3002680965148,Jaylen Morris,6,100,-42,Jaylen Morris,6,98,98
1628571,4,17,19,36,3.38333333333333,4.65,8.03333333333334,17,25,-8,47.2222222222222,76.1825726141079,Erik McCree,4,8,-9,Erik McCree,4,8,8
1628681,16,637,657,1294,143.833333333333,143.683333333333,287.516666666667,620,597,23,47.9134466769706,77.6302823024752,Rodney Purvis,16,291,-58,Rodney Purvis,16,290,290
1628935,1,74,74,148,17.0833333333333,18.55,35.6333333333333,60,69,-9,40.5405405405405,60.6173994387278,Aaron Jackson,1,35,-10,Aaron Jackson,1,35,35
1962937798,1,20,16,36,4.65,3.53333333333333,8.18333333333333,14,20,-6,38.8888888888889,61.5885947046843,,,,,,,,
